Date,Day of Week,Lecture Number,Start Time,End Time,Subject,Subject Code,Faculty ID,Semester,Branch,Section,Classroom,Total Enrolled Students,Students Present,Attendance Percentage,Previous Lecture Attendance,Gap Since Previous Lecture,Practical/Theory,Internal Test Week,Assignment Due,Holiday Before/After,Weather,Special Event,Faculty Experience,Time Category,Timetable Status,Data Source
08-09-2025,Monday,1,09:15,10:15,Mini Project,ITP11,JSP_Visiting,1,MCA,A,403,103,78,75.73,0.0,0.0,Project,No,No,No,Rainy,No,9.2,Morning,Provided,Synthetic development data
08-09-2025,Monday,2,10:15,11:15,Advanced DBMS,IT13,MST_DPY,1,MCA,A,403,103,74,71.84,75.73,1.0,Theory,No,No,No,Sunny,No,12.0,Morning,Provided,Synthetic development data
08-09-2025,Monday,3,11:15,12:15,Python Programming,IT11,AAB_SP,1,MCA,A,403,103,84,81.55,71.84,1.0,Theory,No,No,No,Sunny,Yes,5.8,Morning,Provided,Synthetic development data
08-09-2025,Monday,4,13:30,14:30,"Practical based on Python Programming, Data Structure and Algorithms and Advanced DBMS",ITL11,AAB_SP_ASP_RSZ_MST_DPY,1,MCA,A,401/402,103,90,87.38,81.55,2.25,Practical,No,No,No,Rainy,No,12.3,Afternoon,Provided,Synthetic development data
08-09-2025,Monday,5,14:30,15:30,Organizational Behavior,IT15,MPS_KSD,1,MCA,A,403,103,76,73.79,87.38,1.0,Theory,No,No,No,Cloudy,No,5.4,Afternoon,Provided,Synthetic development data
09-09-2025,Tuesday,1,09:15,10:15,Mini Project,ITP11,JSP_Visiting,1,MCA,A,403,103,73,70.87,73.79,18.75,Project,No,No,No,Rainy,No,2.3,Morning,Provided,Synthetic development data
09-09-2025,Tuesday,2,10:15,11:15,Organizational Behavior,IT15,MPS_KSD,1,MCA,A,403,103,80,77.67,70.87,1.0,Theory,No,Yes,No,Rainy,No,4.1,Morning,Provided,Synthetic development data
09-09-2025,Tuesday,3,11:15,12:15,Advanced DBMS,IT13,MST_DPY,1,MCA,A,403,103,76,73.79,77.67,1.0,Theory,No,No,No,Rainy,No,2.3,Morning,Provided,Synthetic development data
09-09-2025,Tuesday,4,13:30,14:30,"Practical based on Python Programming, Data Structure and Algorithms and Advanced DBMS",ITL11,AAB_SP_ASP_RSZ_MST_DPY,1,MCA,A,401/402,103,73,70.87,73.79,2.25,Practical,No,No,No,Sunny,No,14.3,Afternoon,Provided,Synthetic development data
09-09-2025,Tuesday,5,14:30,15:30,Advanced DBMS,IT13,MST_DPY,1,MCA,A,403,103,61,59.22,70.87,1.0,Theory,No,No,No,Rainy,No,15.0,Afternoon,Provided,Synthetic development data
10-09-2025,Wednesday,1,09:15,10:15,Mini Project,ITP11,JSP_Visiting,1,MCA,A,403,103,83,80.58,59.22,18.75,Project,No,No,No,Sunny,No,11.9,Morning,Provided,Synthetic development data
10-09-2025,Wednesday,2,10:15,11:15,Network Technologies and Infrastructure Management,IT14,MLK,1,MCA,A,403,103,72,69.9,80.58,1.0,Theory,No,Yes,No,Rainy,No,3.4,Morning,Provided,Synthetic development data
10-09-2025,Wednesday,3,11:15,12:15,Data Structure and Algorithms,IT12,ASP_RSZ,1,MCA,A,403,103,79,76.7,69.9,1.0,Theory,No,No,No,Rainy,No,13.7,Morning,Provided,Synthetic development data
10-09-2025,Wednesday,4,13:30,14:30,Python Programming,IT11,AAB_SP,1,MCA,A,403,103,68,66.02,76.7,2.25,Theory,No,No,No,Sunny,No,11.7,Afternoon,Provided,Synthetic development data
10-09-2025,Wednesday,5,14:30,15:30,Network Technologies and Infrastructure Management,IT14,MLK,1,MCA,A,403,103,65,63.11,66.02,1.0,Theory,No,No,No,Rainy,No,6.3,Afternoon,Provided,Synthetic development data
11-09-2025,Thursday,1,09:15,10:15,Network Technologies and Infrastructure Management,IT14,MLK,1,MCA,A,403,103,70,67.96,63.11,18.75,Theory,No,No,No,Cloudy,No,8.5,Morning,Provided,Synthetic development data
11-09-2025,Thursday,2,10:15,11:15,Data Structure and Algorithms,IT12,ASP_RSZ,1,MCA,A,403,103,88,85.44,67.96,1.0,Theory,No,No,No,Sunny,No,10.6,Morning,Provided,Synthetic development data
11-09-2025,Thursday,3,11:15,12:15,Organizational Behavior,IT15,MPS_KSD,1,MCA,A,403,103,82,79.61,85.44,1.0,Theory,Yes,No,No,Cloudy,No,2.3,Morning,Provided,Synthetic development data
11-09-2025,Thursday,4,13:30,14:30,Advanced DBMS,IT13,MST_DPY,1,MCA,A,403,103,65,63.11,79.61,2.25,Theory,No,Yes,No,Rainy,No,8.5,Afternoon,Provided,Synthetic development data
11-09-2025,Thursday,5,14:30,15:30,Data Structure and Algorithms,IT12,ASP_RSZ,1,MCA,A,403,103,77,74.76,63.11,1.0,Theory,No,Yes,No,Cloudy,No,11.5,Afternoon,Provided,Synthetic development data
12-09-2025,Friday,1,09:15,10:15,Organizational Behavior,IT15,MPS_KSD,1,MCA,A,403,103,86,83.5,74.76,18.75,Theory,No,No,No,Cloudy,No,4.4,Morning,Provided,Synthetic development data
12-09-2025,Friday,2,10:15,11:15,Python Programming,IT11,AAB_SP,1,MCA,A,403,103,81,78.64,83.5,1.0,Theory,No,No,No,Sunny,No,7.8,Morning,Provided,Synthetic development data
12-09-2025,Friday,3,11:15,12:15,Advanced DBMS,IT13,MST_DPY,1,MCA,A,403,103,75,72.82,78.64,1.0,Theory,No,No,No,Sunny,No,8.9,Morning,Provided,Synthetic development data
12-09-2025,Friday,4,13:30,14:30,Data Structure and Algorithms,IT12,ASP_RSZ,1,MCA,A,403,103,72,69.9,72.82,2.25,Theory,No,No,No,Cloudy,No,11.6,Afternoon,Provided,Synthetic development data
12-09-2025,Friday,5,14:30,15:30,Python Programming,IT11,AAB_SP,1,MCA,A,403,103,68,66.02,69.9,1.0,Theory,No,No,No,Sunny,No,14.5,Afternoon,Provided,Synthetic development data
13-09-2025,Saturday,1,11:15,12:15,Mini Project,ITP11,JSP_Visiting,1,MCA,A,403,103,72,69.9,66.02,20.75,Project,No,No,No,Rainy,No,13.0,Morning,Provided,Synthetic development data
15-09-2025,Monday,1,09:15,10:15,Mini Project,ITP11,JSP_Visiting,1,MCA,A,403,103,72,69.9,69.9,46.0,Project,No,No,No,Sunny,No,10.1,Morning,Provided,Synthetic development data
15-09-2025,Monday,2,10:15,11:15,Advanced DBMS,IT13,MST_DPY,1,MCA,A,403,103,78,75.73,69.9,1.0,Theory,Yes,No,No,Rainy,No,9.6,Morning,Provided,Synthetic development data
15-09-2025,Monday,3,11:15,12:15,Python Programming,IT11,AAB_SP,1,MCA,A,403,103,86,83.5,75.73,1.0,Theory,No,No,No,Cloudy,No,9.8,Morning,Provided,Synthetic development data
15-09-2025,Monday,4,13:30,14:30,"Practical based on Python Programming, Data Structure and Algorithms and Advanced DBMS",ITL11,AAB_SP_ASP_RSZ_MST_DPY,1,MCA,A,401/402,103,87,84.47,83.5,2.25,Practical,No,No,No,Rainy,No,9.1,Afternoon,Provided,Synthetic development data
15-09-2025,Monday,5,14:30,15:30,Organizational Behavior,IT15,MPS_KSD,1,MCA,A,403,103,73,70.87,84.47,1.0,Theory,No,No,No,Sunny,No,2.8,Afternoon,Provided,Synthetic development data
16-09-2025,Tuesday,1,09:15,10:15,Mini Project,ITP11,JSP_Visiting,1,MCA,A,403,103,69,66.99,70.87,18.75,Project,No,No,No,Rainy,No,11.1,Morning,Provided,Synthetic development data
16-09-2025,Tuesday,2,10:15,11:15,Organizational Behavior,IT15,MPS_KSD,1,MCA,A,403,103,76,73.79,66.99,1.0,Theory,No,No,No,Cloudy,No,11.3,Morning,Provided,Synthetic development data
16-09-2025,Tuesday,3,11:15,12:15,Advanced DBMS,IT13,MST_DPY,1,MCA,A,403,103,79,76.7,73.79,1.0,Theory,No,No,No,Rainy,No,8.7,Morning,Provided,Synthetic development data
16-09-2025,Tuesday,4,13:30,14:30,"Practical based on Python Programming, Data Structure and Algorithms and Advanced DBMS",ITL11,AAB_SP_ASP_RSZ_MST_DPY,1,MCA,A,401/402,103,89,86.41,76.7,2.25,Practical,No,No,No,Sunny,No,13.3,Afternoon,Provided,Synthetic development data
16-09-2025,Tuesday,5,14:30,15:30,Advanced DBMS,IT13,MST_DPY,1,MCA,A,403,103,70,67.96,86.41,1.0,Theory,No,No,No,Rainy,No,10.7,Afternoon,Provided,Synthetic development data
17-09-2025,Wednesday,1,09:15,10:15,Mini Project,ITP11,JSP_Visiting,1,MCA,A,403,103,75,72.82,67.96,18.75,Project,No,No,No,Sunny,No,6.7,Morning,Provided,Synthetic development data
17-09-2025,Wednesday,2,10:15,11:15,Network Technologies and Infrastructure Management,IT14,MLK,1,MCA,A,403,103,81,78.64,72.82,1.0,Theory,No,No,No,Sunny,No,2.3,Morning,Provided,Synthetic development data
17-09-2025,Wednesday,3,11:15,12:15,Data Structure and Algorithms,IT12,ASP_RSZ,1,MCA,A,403,103,65,63.11,78.64,1.0,Theory,No,No,No,Sunny,No,2.8,Morning,Provided,Synthetic development data
17-09-2025,Wednesday,4,13:30,14:30,Python Programming,IT11,AAB_SP,1,MCA,A,403,103,79,76.7,63.11,2.25,Theory,No,Yes,No,Cloudy,No,6.6,Afternoon,Provided,Synthetic development data
17-09-2025,Wednesday,5,14:30,15:30,Network Technologies and Infrastructure Management,IT14,MLK,1,MCA,A,403,103,68,66.02,76.7,1.0,Theory,No,No,No,Cloudy,No,8.0,Afternoon,Provided,Synthetic development data
18-09-2025,Thursday,1,09:15,10:15,Network Technologies and Infrastructure Management,IT14,MLK,1,MCA,A,403,103,81,78.64,66.02,18.75,Theory,No,No,No,Cloudy,Yes,4.2,Morning,Provided,Synthetic development data
18-09-2025,Thursday,2,10:15,11:15,Data Structure and Algorithms,IT12,ASP_RSZ,1,MCA,A,403,103,76,73.79,78.64,1.0,Theory,No,No,No,Sunny,Yes,4.5,Morning,Provided,Synthetic development data
18-09-2025,Thursday,3,11:15,12:15,Organizational Behavior,IT15,MPS_KSD,1,MCA,A,403,103,78,75.73,73.79,1.0,Theory,No,No,No,Rainy,No,5.0,Morning,Provided,Synthetic development data
18-09-2025,Thursday,4,13:30,14:30,Advanced DBMS,IT13,MST_DPY,1,MCA,A,403,103,67,65.05,75.73,2.25,Theory,No,Yes,No,Cloudy,No,12.1,Afternoon,Provided,Synthetic development data
18-09-2025,Thursday,5,14:30,15:30,Data Structure and Algorithms,IT12,ASP_RSZ,1,MCA,A,403,103,78,75.73,65.05,1.0,Theory,No,No,No,Rainy,No,12.0,Afternoon,Provided,Synthetic development data
19-09-2025,Friday,1,09:15,10:15,Organizational Behavior,IT15,MPS_KSD,1,MCA,A,403,103,79,76.7,75.73,18.75,Theory,No,No,No,Sunny,No,7.0,Morning,Provided,Synthetic development data
19-09-2025,Friday,2,10:15,11:15,Python Programming,IT11,AAB_SP,1,MCA,A,403,103,79,76.7,76.7,1.0,Theory,No,No,No,Rainy,No,4.2,Morning,Provided,Synthetic development data
19-09-2025,Friday,3,11:15,12:15,Advanced DBMS,IT13,MST_DPY,1,MCA,A,403,103,73,70.87,76.7,1.0,Theory,No,No,No,Rainy,No,3.4,Morning,Provided,Synthetic development data
19-09-2025,Friday,4,13:30,14:30,Data Structure and Algorithms,IT12,ASP_RSZ,1,MCA,A,403,103,66,64.08,70.87,2.25,Theory,No,No,No,Sunny,No,3.1,Afternoon,Provided,Synthetic development data
19-09-2025,Friday,5,14:30,15:30,Python Programming,IT11,AAB_SP,1,MCA,A,403,103,77,74.76,64.08,1.0,Theory,No,No,No,Sunny,No,7.1,Afternoon,Provided,Synthetic development data
20-09-2025,Saturday,1,11:15,12:15,Mini Project,ITP11,JSP_Visiting,1,MCA,A,403,103,68,66.02,74.76,20.75,Project,Yes,No,No,Rainy,No,2.6,Morning,Provided,Synthetic development data
22-09-2025,Monday,1,09:15,10:15,Mini Project,ITP11,JSP_Visiting,1,MCA,A,403,103,74,71.84,66.02,46.0,Project,No,No,No,Rainy,No,6.3,Morning,Provided,Synthetic development data
22-09-2025,Monday,2,10:15,11:15,Advanced DBMS,IT13,MST_DPY,1,MCA,A,403,103,77,74.76,71.84,1.0,Theory,No,No,No,Cloudy,No,14.5,Morning,Provided,Synthetic development data
22-09-2025,Monday,3,11:15,12:15,Python Programming,IT11,AAB_SP,1,MCA,A,403,103,90,87.38,74.76,1.0,Theory,No,No,No,Sunny,No,8.6,Morning,Provided,Synthetic development data
22-09-2025,Monday,4,13:30,14:30,"Practical based on Python Programming, Data Structure and Algorithms and Advanced DBMS",ITL11,AAB_SP_ASP_RSZ_MST_DPY,1,MCA,A,401/402,103,83,80.58,87.38,2.25,Practical,No,No,No,Sunny,No,12.7,Afternoon,Provided,Synthetic development data
22-09-2025,Monday,5,14:30,15:30,Organizational Behavior,IT15,MPS_KSD,1,MCA,A,403,103,79,76.7,80.58,1.0,Theory,No,No,No,Sunny,No,3.7,Afternoon,Provided,Synthetic development data
23-09-2025,Tuesday,1,09:15,10:15,Mini Project,ITP11,JSP_Visiting,1,MCA,A,403,103,74,71.84,76.7,18.75,Project,No,No,No,Rainy,No,5.5,Morning,Provided,Synthetic development data
23-09-2025,Tuesday,2,10:15,11:15,Organizational Behavior,IT15,MPS_KSD,1,MCA,A,403,103,84,81.55,71.84,1.0,Theory,No,No,No,Rainy,No,14.3,Morning,Provided,Synthetic development data
23-09-2025,Tuesday,3,11:15,12:15,Advanced DBMS,IT13,MST_DPY,1,MCA,A,403,103,75,72.82,81.55,1.0,Theory,No,No,No,Cloudy,No,7.0,Morning,Provided,Synthetic development data
23-09-2025,Tuesday,4,13:30,14:30,"Practical based on Python Programming, Data Structure and Algorithms and Advanced DBMS",ITL11,AAB_SP_ASP_RSZ_MST_DPY,1,MCA,A,401/402,103,76,73.79,72.82,2.25,Practical,No,No,No,Sunny,No,10.4,Afternoon,Provided,Synthetic development data
23-09-2025,Tuesday,5,14:30,15:30,Advanced DBMS,IT13,MST_DPY,1,MCA,A,403,103,76,73.79,73.79,1.0,Theory,No,No,No,Rainy,No,14.7,Afternoon,Provided,Synthetic development data
24-09-2025,Wednesday,1,09:15,10:15,Mini Project,ITP11,JSP_Visiting,1,MCA,A,403,103,78,75.73,73.79,18.75,Project,No,Yes,No,Cloudy,No,9.2,Morning,Provided,Synthetic development data
24-09-2025,Wednesday,2,10:15,11:15,Network Technologies and Infrastructure Management,IT14,MLK,1,MCA,A,403,103,84,81.55,75.73,1.0,Theory,No,No,No,Sunny,No,6.0,Morning,Provided,Synthetic development data
24-09-2025,Wednesday,3,11:15,12:15,Data Structure and Algorithms,IT12,ASP_RSZ,1,MCA,A,403,103,73,70.87,81.55,1.0,Theory,No,No,No,Sunny,No,8.9,Morning,Provided,Synthetic development data
24-09-2025,Wednesday,4,13:30,14:30,Python Programming,IT11,AAB_SP,1,MCA,A,403,103,72,69.9,70.87,2.25,Theory,No,Yes,No,Rainy,No,2.7,Afternoon,Provided,Synthetic development data
24-09-2025,Wednesday,5,14:30,15:30,Network Technologies and Infrastructure Management,IT14,MLK,1,MCA,A,403,103,68,66.02,69.9,1.0,Theory,No,No,No,Rainy,No,3.5,Afternoon,Provided,Synthetic development data
25-09-2025,Thursday,1,09:15,10:15,Network Technologies and Infrastructure Management,IT14,MLK,1,MCA,A,403,103,68,66.02,66.02,18.75,Theory,No,No,No,Rainy,No,2.1,Morning,Provided,Synthetic development data
25-09-2025,Thursday,2,10:15,11:15,Data Structure and Algorithms,IT12,ASP_RSZ,1,MCA,A,403,103,86,83.5,66.02,1.0,Theory,Yes,No,No,Cloudy,No,13.5,Morning,Provided,Synthetic development data
25-09-2025,Thursday,3,11:15,12:15,Organizational Behavior,IT15,MPS_KSD,1,MCA,A,403,103,78,75.73,83.5,1.0,Theory,No,No,No,Cloudy,No,10.7,Morning,Provided,Synthetic development data
25-09-2025,Thursday,4,13:30,14:30,Advanced DBMS,IT13,MST_DPY,1,MCA,A,403,103,68,66.02,75.73,2.25,Theory,No,No,No,Sunny,No,5.9,Afternoon,Provided,Synthetic development data
25-09-2025,Thursday,5,14:30,15:30,Data Structure and Algorithms,IT12,ASP_RSZ,1,MCA,A,403,103,77,74.76,66.02,1.0,Theory,No,No,No,Sunny,No,4.9,Afternoon,Provided,Synthetic development data
26-09-2025,Friday,1,09:15,10:15,Organizational Behavior,IT15,MPS_KSD,1,MCA,A,403,103,84,81.55,74.76,18.75,Theory,No,Yes,No,Sunny,No,10.9,Morning,Provided,Synthetic development data
26-09-2025,Friday,2,10:15,11:15,Python Programming,IT11,AAB_SP,1,MCA,A,403,103,84,81.55,81.55,1.0,Theory,No,Yes,No,Rainy,No,14.0,Morning,Provided,Synthetic development data
26-09-2025,Friday,3,11:15,12:15,Advanced DBMS,IT13,MST_DPY,1,MCA,A,403,103,69,66.99,81.55,1.0,Theory,Yes,No,No,Sunny,No,5.9,Morning,Provided,Synthetic development data
26-09-2025,Friday,4,13:30,14:30,Data Structure and Algorithms,IT12,ASP_RSZ,1,MCA,A,403,103,66,64.08,66.99,2.25,Theory,No,No,No,Rainy,No,6.2,Afternoon,Provided,Synthetic development data
26-09-2025,Friday,5,14:30,15:30,Python Programming,IT11,AAB_SP,1,MCA,A,403,103,78,75.73,64.08,1.0,Theory,No,Yes,No,Cloudy,No,13.1,Afternoon,Provided,Synthetic development data
27-09-2025,Saturday,1,11:15,12:15,Mini Project,ITP11,JSP_Visiting,1,MCA,A,403,103,72,69.9,75.73,20.75,Project,No,No,No,Cloudy,No,13.6,Morning,Provided,Synthetic development data
29-09-2025,Monday,1,09:15,10:15,Mini Project,ITP11,JSP_Visiting,1,MCA,A,403,103,85,82.52,69.9,46.0,Project,No,No,No,Cloudy,No,13.9,Morning,Provided,Synthetic development data
29-09-2025,Monday,2,10:15,11:15,Advanced DBMS,IT13,MST_DPY,1,MCA,A,403,103,78,75.73,82.52,1.0,Theory,No,No,No,Rainy,No,5.8,Morning,Provided,Synthetic development data
29-09-2025,Monday,3,11:15,12:15,Python Programming,IT11,AAB_SP,1,MCA,A,403,103,74,71.84,75.73,1.0,Theory,No,No,No,Sunny,No,3.6,Morning,Provided,Synthetic development data
29-09-2025,Monday,4,13:30,14:30,"Practical based on Python Programming, Data Structure and Algorithms and Advanced DBMS",ITL11,AAB_SP_ASP_RSZ_MST_DPY,1,MCA,A,401/402,103,86,83.5,71.84,2.25,Practical,No,No,No,Rainy,No,7.7,Afternoon,Provided,Synthetic development data
29-09-2025,Monday,5,14:30,15:30,Organizational Behavior,IT15,MPS_KSD,1,MCA,A,403,103,72,69.9,83.5,1.0,Theory,No,No,No,Rainy,No,5.8,Afternoon,Provided,Synthetic development data
30-09-2025,Tuesday,1,09:15,10:15,Mini Project,ITP11,JSP_Visiting,1,MCA,A,403,103,79,76.7,69.9,18.75,Project,No,No,No,Cloudy,No,13.5,Morning,Provided,Synthetic development data
30-09-2025,Tuesday,2,10:15,11:15,Organizational Behavior,IT15,MPS_KSD,1,MCA,A,403,103,92,89.32,76.7,1.0,Theory,Yes,No,No,Sunny,No,2.5,Morning,Provided,Synthetic development data
30-09-2025,Tuesday,3,11:15,12:15,Advanced DBMS,IT13,MST_DPY,1,MCA,A,403,103,74,71.84,89.32,1.0,Theory,No,No,No,Cloudy,No,10.2,Morning,Provided,Synthetic development data
30-09-2025,Tuesday,4,13:30,14:30,"Practical based on Python Programming, Data Structure and Algorithms and Advanced DBMS",ITL11,AAB_SP_ASP_RSZ_MST_DPY,1,MCA,A,401/402,103,79,76.7,71.84,2.25,Practical,No,Yes,No,Cloudy,No,13.8,Afternoon,Provided,Synthetic development data
30-09-2025,Tuesday,5,14:30,15:30,Advanced DBMS,IT13,MST_DPY,1,MCA,A,403,103,65,63.11,76.7,1.0,Theory,No,No,No,Sunny,No,14.7,Afternoon,Provided,Synthetic development data
01-10-2025,Wednesday,1,09:15,10:15,Mini Project,ITP11,JSP_Visiting,1,MCA,A,403,103,69,66.99,63.11,18.75,Project,No,Yes,Yes,Rainy,No,10.5,Morning,Provided,Synthetic development data
01-10-2025,Wednesday,2,10:15,11:15,Network Technologies and Infrastructure Management,IT14,MLK,1,MCA,A,403,103,74,71.84,66.99,1.0,Theory,No,No,Yes,Sunny,No,14.3,Morning,Provided,Synthetic development data
01-10-2025,Wednesday,3,11:15,12:15,Data Structure and Algorithms,IT12,ASP_RSZ,1,MCA,A,403,103,71,68.93,71.84,1.0,Theory,No,Yes,Yes,Rainy,No,3.0,Morning,Provided,Synthetic development data
01-10-2025,Wednesday,4,13:30,14:30,Python Programming,IT11,AAB_SP,1,MCA,A,403,103,83,80.58,68.93,2.25,Theory,No,No,Yes,Sunny,No,6.7,Afternoon,Provided,Synthetic development data
01-10-2025,Wednesday,5,14:30,15:30,Network Technologies and Infrastructure Management,IT14,MLK,1,MCA,A,403,103,65,63.11,80.58,1.0,Theory,No,No,Yes,Rainy,No,2.1,Afternoon,Provided,Synthetic development data
03-10-2025,Friday,1,09:15,10:15,Organizational Behavior,IT15,MPS_KSD,1,MCA,A,403,103,79,76.7,63.11,42.75,Theory,No,No,Yes,Sunny,No,14.8,Morning,Provided,Synthetic development data
03-10-2025,Friday,2,10:15,11:15,Python Programming,IT11,AAB_SP,1,MCA,A,403,103,74,71.84,76.7,1.0,Theory,No,No,Yes,Cloudy,No,13.7,Morning,Provided,Synthetic development data
03-10-2025,Friday,3,11:15,12:15,Advanced DBMS,IT13,MST_DPY,1,MCA,A,403,103,65,63.11,71.84,1.0,Theory,No,No,Yes,Sunny,No,2.4,Morning,Provided,Synthetic development data
03-10-2025,Friday,4,13:30,14:30,Data Structure and Algorithms,IT12,ASP_RSZ,1,MCA,A,403,103,59,57.28,63.11,2.25,Theory,No,No,Yes,Rainy,No,2.2,Afternoon,Provided,Synthetic development data
03-10-2025,Friday,5,14:30,15:30,Python Programming,IT11,AAB_SP,1,MCA,A,403,103,67,65.05,57.28,1.0,Theory,No,No,Yes,Rainy,No,6.8,Afternoon,Provided,Synthetic development data
04-10-2025,Saturday,1,11:15,12:15,Mini Project,ITP11,JSP_Visiting,1,MCA,A,403,103,65,63.11,65.05,20.75,Project,No,No,No,Sunny,No,5.4,Morning,Provided,Synthetic development data
06-10-2025,Monday,1,09:15,10:15,Mini Project,ITP11,JSP_Visiting,1,MCA,A,403,103,75,72.82,63.11,46.0,Project,No,No,No,Cloudy,No,13.0,Morning,Provided,Synthetic development data
06-10-2025,Monday,2,10:15,11:15,Advanced DBMS,IT13,MST_DPY,1,MCA,A,403,103,69,66.99,72.82,1.0,Theory,No,No,No,Sunny,No,4.1,Morning,Provided,Synthetic development data
06-10-2025,Monday,3,11:15,12:15,Python Programming,IT11,AAB_SP,1,MCA,A,403,103,82,79.61,66.99,1.0,Theory,No,No,No,Sunny,No,12.3,Morning,Provided,Synthetic development data
06-10-2025,Monday,4,13:30,14:30,"Practical based on Python Programming, Data Structure and Algorithms and Advanced DBMS",ITL11,AAB_SP_ASP_RSZ_MST_DPY,1,MCA,A,401/402,103,85,82.52,79.61,2.25,Practical,No,Yes,No,Sunny,No,9.2,Afternoon,Provided,Synthetic development data
06-10-2025,Monday,5,14:30,15:30,Organizational Behavior,IT15,MPS_KSD,1,MCA,A,403,103,83,80.58,82.52,1.0,Theory,No,No,No,Rainy,No,6.9,Afternoon,Provided,Synthetic development data
07-10-2025,Tuesday,1,09:15,10:15,Mini Project,ITP11,JSP_Visiting,1,MCA,A,403,103,78,75.73,80.58,18.75,Project,No,No,No,Rainy,No,3.9,Morning,Provided,Synthetic development data
07-10-2025,Tuesday,2,10:15,11:15,Organizational Behavior,IT15,MPS_KSD,1,MCA,A,403,103,100,97.09,75.73,1.0,Theory,No,No,No,Sunny,No,15.0,Morning,Provided,Synthetic development data
07-10-2025,Tuesday,3,11:15,12:15,Advanced DBMS,IT13,MST_DPY,1,MCA,A,403,103,78,75.73,97.09,1.0,Theory,No,No,No,Sunny,No,10.0,Morning,Provided,Synthetic development data
07-10-2025,Tuesday,4,13:30,14:30,"Practical based on Python Programming, Data Structure and Algorithms and Advanced DBMS",ITL11,AAB_SP_ASP_RSZ_MST_DPY,1,MCA,A,401/402,103,88,85.44,75.73,2.25,Practical,No,No,No,Rainy,No,7.7,Afternoon,Provided,Synthetic development data
07-10-2025,Tuesday,5,14:30,15:30,Advanced DBMS,IT13,MST_DPY,1,MCA,A,403,103,75,72.82,85.44,1.0,Theory,No,No,No,Cloudy,No,6.8,Afternoon,Provided,Synthetic development data
08-10-2025,Wednesday,1,09:15,10:15,Mini Project,ITP11,JSP_Visiting,1,MCA,A,403,103,73,70.87,72.82,18.75,Project,No,No,No,Cloudy,No,13.8,Morning,Provided,Synthetic development data
08-10-2025,Wednesday,2,10:15,11:15,Network Technologies and Infrastructure Management,IT14,MLK,1,MCA,A,403,103,74,71.84,70.87,1.0,Theory,No,Yes,No,Sunny,No,12.7,Morning,Provided,Synthetic development data
08-10-2025,Wednesday,3,11:15,12:15,Data Structure and Algorithms,IT12,ASP_RSZ,1,MCA,A,403,103,90,87.38,71.84,1.0,Theory,No,No,No,Rainy,No,12.5,Morning,Provided,Synthetic development data
08-10-2025,Wednesday,4,13:30,14:30,Python Programming,IT11,AAB_SP,1,MCA,A,403,103,66,64.08,87.38,2.25,Theory,No,No,No,Rainy,No,10.0,Afternoon,Provided,Synthetic development data
08-10-2025,Wednesday,5,14:30,15:30,Network Technologies and Infrastructure Management,IT14,MLK,1,MCA,A,403,103,72,69.9,64.08,1.0,Theory,No,No,No,Rainy,No,13.5,Afternoon,Provided,Synthetic development data
09-10-2025,Thursday,1,09:15,10:15,Network Technologies and Infrastructure Management,IT14,MLK,1,MCA,A,403,103,69,66.99,69.9,18.75,Theory,No,No,No,Rainy,Yes,5.9,Morning,Provided,Synthetic development data
09-10-2025,Thursday,2,10:15,11:15,Data Structure and Algorithms,IT12,ASP_RSZ,1,MCA,A,403,103,82,79.61,66.99,1.0,Theory,No,No,No,Cloudy,No,11.1,Morning,Provided,Synthetic development data
09-10-2025,Thursday,3,11:15,12:15,Organizational Behavior,IT15,MPS_KSD,1,MCA,A,403,103,79,76.7,79.61,1.0,Theory,No,No,No,Cloudy,No,7.3,Morning,Provided,Synthetic development data
09-10-2025,Thursday,4,13:30,14:30,Advanced DBMS,IT13,MST_DPY,1,MCA,A,403,103,71,68.93,76.7,2.25,Theory,No,No,No,Rainy,No,9.8,Afternoon,Provided,Synthetic development data
09-10-2025,Thursday,5,14:30,15:30,Data Structure and Algorithms,IT12,ASP_RSZ,1,MCA,A,403,103,73,70.87,68.93,1.0,Theory,No,No,No,Cloudy,No,15.0,Afternoon,Provided,Synthetic development data
10-10-2025,Friday,1,09:15,10:15,Organizational Behavior,IT15,MPS_KSD,1,MCA,A,403,103,79,76.7,70.87,18.75,Theory,No,No,No,Sunny,No,14.8,Morning,Provided,Synthetic development data
10-10-2025,Friday,2,10:15,11:15,Python Programming,IT11,AAB_SP,1,MCA,A,403,103,85,82.52,76.7,1.0,Theory,No,No,No,Rainy,No,8.7,Morning,Provided,Synthetic development data
10-10-2025,Friday,3,11:15,12:15,Advanced DBMS,IT13,MST_DPY,1,MCA,A,403,103,71,68.93,82.52,1.0,Theory,No,No,No,Rainy,No,9.5,Morning,Provided,Synthetic development data
10-10-2025,Friday,4,13:30,14:30,Data Structure and Algorithms,IT12,ASP_RSZ,1,MCA,A,403,103,73,70.87,68.93,2.25,Theory,No,No,No,Sunny,No,13.7,Afternoon,Provided,Synthetic development data
10-10-2025,Friday,5,14:30,15:30,Python Programming,IT11,AAB_SP,1,MCA,A,403,103,78,75.73,70.87,1.0,Theory,No,No,No,Rainy,No,14.8,Afternoon,Provided,Synthetic development data
11-10-2025,Saturday,1,11:15,12:15,Mini Project,ITP11,JSP_Visiting,1,MCA,A,403,103,79,76.7,75.73,20.75,Project,Yes,No,No,Sunny,No,12.1,Morning,Provided,Synthetic development data
13-10-2025,Monday,1,09:15,10:15,Mini Project,ITP11,JSP_Visiting,1,MCA,A,403,103,69,66.99,76.7,46.0,Project,No,No,No,Sunny,No,2.8,Morning,Provided,Synthetic development data
13-10-2025,Monday,2,10:15,11:15,Advanced DBMS,IT13,MST_DPY,1,MCA,A,403,103,80,77.67,66.99,1.0,Theory,No,No,No,Sunny,No,6.2,Morning,Provided,Synthetic development data
13-10-2025,Monday,3,11:15,12:15,Python Programming,IT11,AAB_SP,1,MCA,A,403,103,91,88.35,77.67,1.0,Theory,No,No,No,Cloudy,No,13.7,Morning,Provided,Synthetic development data
13-10-2025,Monday,4,13:30,14:30,"Practical based on Python Programming, Data Structure and Algorithms and Advanced DBMS",ITL11,AAB_SP_ASP_RSZ_MST_DPY,1,MCA,A,401/402,103,88,85.44,88.35,2.25,Practical,No,No,No,Sunny,No,12.0,Afternoon,Provided,Synthetic development data
13-10-2025,Monday,5,14:30,15:30,Organizational Behavior,IT15,MPS_KSD,1,MCA,A,403,103,69,66.99,85.44,1.0,Theory,No,No,No,Rainy,No,11.6,Afternoon,Provided,Synthetic development data
14-10-2025,Tuesday,1,09:15,10:15,Mini Project,ITP11,JSP_Visiting,1,MCA,A,403,103,70,67.96,66.99,18.75,Project,No,No,No,Rainy,No,10.7,Morning,Provided,Synthetic development data
14-10-2025,Tuesday,2,10:15,11:15,Organizational Behavior,IT15,MPS_KSD,1,MCA,A,403,103,82,79.61,67.96,1.0,Theory,No,No,No,Sunny,No,7.4,Morning,Provided,Synthetic development data
14-10-2025,Tuesday,3,11:15,12:15,Advanced DBMS,IT13,MST_DPY,1,MCA,A,403,103,58,56.31,79.61,1.0,Theory,No,No,No,Rainy,No,7.2,Morning,Provided,Synthetic development data
14-10-2025,Tuesday,4,13:30,14:30,"Practical based on Python Programming, Data Structure and Algorithms and Advanced DBMS",ITL11,AAB_SP_ASP_RSZ_MST_DPY,1,MCA,A,401/402,103,77,74.76,56.31,2.25,Practical,No,No,No,Rainy,No,12.5,Afternoon,Provided,Synthetic development data
14-10-2025,Tuesday,5,14:30,15:30,Advanced DBMS,IT13,MST_DPY,1,MCA,A,403,103,69,66.99,74.76,1.0,Theory,No,No,No,Rainy,No,5.8,Afternoon,Provided,Synthetic development data
15-10-2025,Wednesday,1,09:15,10:15,Mini Project,ITP11,JSP_Visiting,1,MCA,A,403,103,83,80.58,66.99,18.75,Project,Yes,No,No,Sunny,No,10.9,Morning,Provided,Synthetic development data
15-10-2025,Wednesday,2,10:15,11:15,Network Technologies and Infrastructure Management,IT14,MLK,1,MCA,A,403,103,66,64.08,80.58,1.0,Theory,No,Yes,No,Sunny,No,11.4,Morning,Provided,Synthetic development data
15-10-2025,Wednesday,3,11:15,12:15,Data Structure and Algorithms,IT12,ASP_RSZ,1,MCA,A,403,103,84,81.55,64.08,1.0,Theory,No,No,No,Rainy,No,13.0,Morning,Provided,Synthetic development data
15-10-2025,Wednesday,4,13:30,14:30,Python Programming,IT11,AAB_SP,1,MCA,A,403,103,75,72.82,81.55,2.25,Theory,No,No,No,Cloudy,No,6.2,Afternoon,Provided,Synthetic development data
15-10-2025,Wednesday,5,14:30,15:30,Network Technologies and Infrastructure Management,IT14,MLK,1,MCA,A,403,103,63,61.17,72.82,1.0,Theory,No,No,No,Cloudy,No,11.6,Afternoon,Provided,Synthetic development data
16-10-2025,Thursday,1,09:15,10:15,Network Technologies and Infrastructure Management,IT14,MLK,1,MCA,A,403,103,74,71.84,61.17,18.75,Theory,No,No,No,Rainy,No,3.4,Morning,Provided,Synthetic development data
16-10-2025,Thursday,2,10:15,11:15,Data Structure and Algorithms,IT12,ASP_RSZ,1,MCA,A,403,103,82,79.61,71.84,1.0,Theory,No,No,No,Rainy,No,3.8,Morning,Provided,Synthetic development data
16-10-2025,Thursday,3,11:15,12:15,Organizational Behavior,IT15,MPS_KSD,1,MCA,A,403,103,91,88.35,79.61,1.0,Theory,No,No,No,Rainy,No,7.4,Morning,Provided,Synthetic development data
16-10-2025,Thursday,4,13:30,14:30,Advanced DBMS,IT13,MST_DPY,1,MCA,A,403,103,64,62.14,88.35,2.25,Theory,No,No,No,Sunny,No,2.7,Afternoon,Provided,Synthetic development data
16-10-2025,Thursday,5,14:30,15:30,Data Structure and Algorithms,IT12,ASP_RSZ,1,MCA,A,403,103,84,81.55,62.14,1.0,Theory,No,No,No,Sunny,No,14.3,Afternoon,Provided,Synthetic development data
17-10-2025,Friday,1,09:15,10:15,Organizational Behavior,IT15,MPS_KSD,1,MCA,A,403,103,81,78.64,81.55,18.75,Theory,No,No,No,Sunny,No,13.7,Morning,Provided,Synthetic development data
17-10-2025,Friday,2,10:15,11:15,Python Programming,IT11,AAB_SP,1,MCA,A,403,103,78,75.73,78.64,1.0,Theory,No,No,No,Sunny,No,2.6,Morning,Provided,Synthetic development data
17-10-2025,Friday,3,11:15,12:15,Advanced DBMS,IT13,MST_DPY,1,MCA,A,403,103,72,69.9,75.73,1.0,Theory,No,No,No,Rainy,No,12.9,Morning,Provided,Synthetic development data
17-10-2025,Friday,4,13:30,14:30,Data Structure and Algorithms,IT12,ASP_RSZ,1,MCA,A,403,103,78,75.73,69.9,2.25,Theory,No,No,No,Cloudy,No,8.6,Afternoon,Provided,Synthetic development data
17-10-2025,Friday,5,14:30,15:30,Python Programming,IT11,AAB_SP,1,MCA,A,403,103,77,74.76,75.73,1.0,Theory,Yes,No,No,Sunny,No,11.1,Afternoon,Provided,Synthetic development data
18-10-2025,Saturday,1,11:15,12:15,Mini Project,ITP11,JSP_Visiting,1,MCA,A,403,103,66,64.08,74.76,20.75,Project,No,No,No,Sunny,No,13.5,Morning,Provided,Synthetic development data
20-10-2025,Monday,1,09:15,10:15,Mini Project,ITP11,JSP_Visiting,1,MCA,A,403,103,73,70.87,64.08,46.0,Project,No,No,Yes,Rainy,No,9.5,Morning,Provided,Synthetic development data
20-10-2025,Monday,2,10:15,11:15,Advanced DBMS,IT13,MST_DPY,1,MCA,A,403,103,72,69.9,70.87,1.0,Theory,No,No,Yes,Sunny,No,3.5,Morning,Provided,Synthetic development data
20-10-2025,Monday,3,11:15,12:15,Python Programming,IT11,AAB_SP,1,MCA,A,403,103,74,71.84,69.9,1.0,Theory,No,No,Yes,Sunny,No,2.0,Morning,Provided,Synthetic development data
20-10-2025,Monday,4,13:30,14:30,"Practical based on Python Programming, Data Structure and Algorithms and Advanced DBMS",ITL11,AAB_SP_ASP_RSZ_MST_DPY,1,MCA,A,401/402,103,77,74.76,71.84,2.25,Practical,No,No,Yes,Rainy,No,8.5,Afternoon,Provided,Synthetic development data
20-10-2025,Monday,5,14:30,15:30,Organizational Behavior,IT15,MPS_KSD,1,MCA,A,403,103,78,75.73,74.76,1.0,Theory,No,No,Yes,Rainy,No,14.3,Afternoon,Provided,Synthetic development data
23-10-2025,Thursday,1,09:15,10:15,Network Technologies and Infrastructure Management,IT14,MLK,1,MCA,A,403,103,71,68.93,75.73,66.75,Theory,No,No,Yes,Cloudy,No,9.4,Morning,Provided,Synthetic development data
23-10-2025,Thursday,2,10:15,11:15,Data Structure and Algorithms,IT12,ASP_RSZ,1,MCA,A,403,103,76,73.79,68.93,1.0,Theory,No,No,Yes,Cloudy,No,6.8,Morning,Provided,Synthetic development data
23-10-2025,Thursday,3,11:15,12:15,Organizational Behavior,IT15,MPS_KSD,1,MCA,A,403,103,83,80.58,73.79,1.0,Theory,No,No,Yes,Sunny,No,2.4,Morning,Provided,Synthetic development data
23-10-2025,Thursday,4,13:30,14:30,Advanced DBMS,IT13,MST_DPY,1,MCA,A,403,103,64,62.14,80.58,2.25,Theory,No,No,Yes,Cloudy,No,13.9,Afternoon,Provided,Synthetic development data
23-10-2025,Thursday,5,14:30,15:30,Data Structure and Algorithms,IT12,ASP_RSZ,1,MCA,A,403,103,70,67.96,62.14,1.0,Theory,No,No,Yes,Sunny,No,6.3,Afternoon,Provided,Synthetic development data
24-10-2025,Friday,1,09:15,10:15,Organizational Behavior,IT15,MPS_KSD,1,MCA,A,403,103,78,75.73,67.96,18.75,Theory,No,No,No,Cloudy,No,11.2,Morning,Provided,Synthetic development data
24-10-2025,Friday,2,10:15,11:15,Python Programming,IT11,AAB_SP,1,MCA,A,403,103,91,88.35,75.73,1.0,Theory,No,No,No,Cloudy,No,11.0,Morning,Provided,Synthetic development data
24-10-2025,Friday,3,11:15,12:15,Advanced DBMS,IT13,MST_DPY,1,MCA,A,403,103,70,67.96,88.35,1.0,Theory,Yes,No,No,Cloudy,No,5.3,Morning,Provided,Synthetic development data
24-10-2025,Friday,4,13:30,14:30,Data Structure and Algorithms,IT12,ASP_RSZ,1,MCA,A,403,103,67,65.05,67.96,2.25,Theory,No,Yes,No,Rainy,No,2.8,Afternoon,Provided,Synthetic development data
24-10-2025,Friday,5,14:30,15:30,Python Programming,IT11,AAB_SP,1,MCA,A,403,103,81,78.64,65.05,1.0,Theory,No,No,No,Rainy,No,7.0,Afternoon,Provided,Synthetic development data
25-10-2025,Saturday,1,11:15,12:15,Mini Project,ITP11,JSP_Visiting,1,MCA,A,403,103,70,67.96,78.64,20.75,Project,No,No,No,Sunny,No,6.1,Morning,Provided,Synthetic development data
27-10-2025,Monday,1,09:15,10:15,Mini Project,ITP11,JSP_Visiting,1,MCA,A,403,103,80,77.67,67.96,46.0,Project,No,No,No,Sunny,Yes,11.1,Morning,Provided,Synthetic development data
27-10-2025,Monday,2,10:15,11:15,Advanced DBMS,IT13,MST_DPY,1,MCA,A,403,103,74,71.84,77.67,1.0,Theory,No,No,No,Sunny,No,12.7,Morning,Provided,Synthetic development data
27-10-2025,Monday,3,11:15,12:15,Python Programming,IT11,AAB_SP,1,MCA,A,403,103,76,73.79,71.84,1.0,Theory,No,No,No,Rainy,No,4.9,Morning,Provided,Synthetic development data
27-10-2025,Monday,4,13:30,14:30,"Practical based on Python Programming, Data Structure and Algorithms and Advanced DBMS",ITL11,AAB_SP_ASP_RSZ_MST_DPY,1,MCA,A,401/402,103,81,78.64,73.79,2.25,Practical,No,No,No,Rainy,No,8.9,Afternoon,Provided,Synthetic development data
27-10-2025,Monday,5,14:30,15:30,Organizational Behavior,IT15,MPS_KSD,1,MCA,A,403,103,79,76.7,78.64,1.0,Theory,No,No,No,Rainy,No,2.5,Afternoon,Provided,Synthetic development data
28-10-2025,Tuesday,1,09:15,10:15,Mini Project,ITP11,JSP_Visiting,1,MCA,A,403,103,73,70.87,76.7,18.75,Project,No,No,No,Rainy,No,4.8,Morning,Provided,Synthetic development data
28-10-2025,Tuesday,2,10:15,11:15,Organizational Behavior,IT15,MPS_KSD,1,MCA,A,403,103,84,81.55,70.87,1.0,Theory,No,Yes,No,Cloudy,No,11.9,Morning,Provided,Synthetic development data
28-10-2025,Tuesday,3,11:15,12:15,Advanced DBMS,IT13,MST_DPY,1,MCA,A,403,103,68,66.02,81.55,1.0,Theory,No,No,No,Rainy,No,12.3,Morning,Provided,Synthetic development data
28-10-2025,Tuesday,4,13:30,14:30,"Practical based on Python Programming, Data Structure and Algorithms and Advanced DBMS",ITL11,AAB_SP_ASP_RSZ_MST_DPY,1,MCA,A,401/402,103,75,72.82,66.02,2.25,Practical,Yes,No,No,Rainy,No,12.1,Afternoon,Provided,Synthetic development data
28-10-2025,Tuesday,5,14:30,15:30,Advanced DBMS,IT13,MST_DPY,1,MCA,A,403,103,66,64.08,72.82,1.0,Theory,No,No,No,Sunny,No,3.9,Afternoon,Provided,Synthetic development data
29-10-2025,Wednesday,1,09:15,10:15,Mini Project,ITP11,JSP_Visiting,1,MCA,A,403,103,75,72.82,64.08,18.75,Project,No,No,No,Rainy,No,9.2,Morning,Provided,Synthetic development data
29-10-2025,Wednesday,2,10:15,11:15,Network Technologies and Infrastructure Management,IT14,MLK,1,MCA,A,403,103,68,66.02,72.82,1.0,Theory,No,No,No,Sunny,No,7.5,Morning,Provided,Synthetic development data
29-10-2025,Wednesday,3,11:15,12:15,Data Structure and Algorithms,IT12,ASP_RSZ,1,MCA,A,403,103,78,75.73,66.02,1.0,Theory,No,No,No,Rainy,No,14.9,Morning,Provided,Synthetic development data
29-10-2025,Wednesday,4,13:30,14:30,Python Programming,IT11,AAB_SP,1,MCA,A,403,103,74,71.84,75.73,2.25,Theory,No,No,No,Sunny,No,10.5,Afternoon,Provided,Synthetic development data
29-10-2025,Wednesday,5,14:30,15:30,Network Technologies and Infrastructure Management,IT14,MLK,1,MCA,A,403,103,70,67.96,71.84,1.0,Theory,No,No,No,Cloudy,No,14.2,Afternoon,Provided,Synthetic development data
30-10-2025,Thursday,1,09:15,10:15,Network Technologies and Infrastructure Management,IT14,MLK,1,MCA,A,403,103,77,74.76,67.96,18.75,Theory,No,No,No,Sunny,No,3.9,Morning,Provided,Synthetic development data
30-10-2025,Thursday,2,10:15,11:15,Data Structure and Algorithms,IT12,ASP_RSZ,1,MCA,A,403,103,76,73.79,74.76,1.0,Theory,No,No,No,Rainy,No,7.9,Morning,Provided,Synthetic development data
30-10-2025,Thursday,3,11:15,12:15,Organizational Behavior,IT15,MPS_KSD,1,MCA,A,403,103,84,81.55,73.79,1.0,Theory,No,No,No,Sunny,No,12.0,Morning,Provided,Synthetic development data
30-10-2025,Thursday,4,13:30,14:30,Advanced DBMS,IT13,MST_DPY,1,MCA,A,403,103,70,67.96,81.55,2.25,Theory,No,No,No,Cloudy,No,6.8,Afternoon,Provided,Synthetic development data
30-10-2025,Thursday,5,14:30,15:30,Data Structure and Algorithms,IT12,ASP_RSZ,1,MCA,A,403,103,74,71.84,67.96,1.0,Theory,No,No,No,Rainy,No,10.2,Afternoon,Provided,Synthetic development data
31-10-2025,Friday,1,09:15,10:15,Organizational Behavior,IT15,MPS_KSD,1,MCA,A,403,103,93,90.29,71.84,18.75,Theory,No,No,No,Sunny,No,8.7,Morning,Provided,Synthetic development data
31-10-2025,Friday,2,10:15,11:15,Python Programming,IT11,AAB_SP,1,MCA,A,403,103,76,73.79,90.29,1.0,Theory,No,No,No,Rainy,No,14.9,Morning,Provided,Synthetic development data
31-10-2025,Friday,3,11:15,12:15,Advanced DBMS,IT13,MST_DPY,1,MCA,A,403,103,80,77.67,73.79,1.0,Theory,No,No,No,Rainy,Yes,4.3,Morning,Provided,Synthetic development data
31-10-2025,Friday,4,13:30,14:30,Data Structure and Algorithms,IT12,ASP_RSZ,1,MCA,A,403,103,74,71.84,77.67,2.25,Theory,No,No,No,Cloudy,No,14.2,Afternoon,Provided,Synthetic development data
31-10-2025,Friday,5,14:30,15:30,Python Programming,IT11,AAB_SP,1,MCA,A,403,103,86,83.5,71.84,1.0,Theory,No,No,No,Sunny,No,7.2,Afternoon,Provided,Synthetic development data
01-11-2025,Saturday,1,11:15,12:15,Mini Project,ITP11,JSP_Visiting,1,MCA,A,403,103,66,64.08,83.5,20.75,Project,No,No,No,Cloudy,No,8.1,Morning,Provided,Synthetic development data
03-11-2025,Monday,1,09:15,10:15,Mini Project,ITP11,JSP_Visiting,1,MCA,A,403,103,77,74.76,64.08,46.0,Project,No,No,No,Cloudy,No,8.9,Morning,Provided,Synthetic development data
03-11-2025,Monday,2,10:15,11:15,Advanced DBMS,IT13,MST_DPY,1,MCA,A,403,103,85,82.52,74.76,1.0,Theory,No,No,No,Sunny,Yes,5.4,Morning,Provided,Synthetic development data
03-11-2025,Monday,3,11:15,12:15,Python Programming,IT11,AAB_SP,1,MCA,A,403,103,85,82.52,82.52,1.0,Theory,No,No,No,Sunny,No,14.5,Morning,Provided,Synthetic development data
03-11-2025,Monday,4,13:30,14:30,"Practical based on Python Programming, Data Structure and Algorithms and Advanced DBMS",ITL11,AAB_SP_ASP_RSZ_MST_DPY,1,MCA,A,401/402,103,79,76.7,82.52,2.25,Practical,No,No,No,Cloudy,No,13.8,Afternoon,Provided,Synthetic development data
03-11-2025,Monday,5,14:30,15:30,Organizational Behavior,IT15,MPS_KSD,1,MCA,A,403,103,73,70.87,76.7,1.0,Theory,No,No,No,Rainy,No,14.6,Afternoon,Provided,Synthetic development data
04-11-2025,Tuesday,1,09:15,10:15,Mini Project,ITP11,JSP_Visiting,1,MCA,A,403,103,60,58.25,70.87,18.75,Project,No,No,Yes,Rainy,Yes,15.0,Morning,Provided,Synthetic development data
04-11-2025,Tuesday,2,10:15,11:15,Organizational Behavior,IT15,MPS_KSD,1,MCA,A,403,103,83,80.58,58.25,1.0,Theory,No,No,Yes,Cloudy,No,10.7,Morning,Provided,Synthetic development data
04-11-2025,Tuesday,3,11:15,12:15,Advanced DBMS,IT13,MST_DPY,1,MCA,A,403,103,68,66.02,80.58,1.0,Theory,No,No,Yes,Sunny,No,7.9,Morning,Provided,Synthetic development data
04-11-2025,Tuesday,4,13:30,14:30,"Practical based on Python Programming, Data Structure and Algorithms and Advanced DBMS",ITL11,AAB_SP_ASP_RSZ_MST_DPY,1,MCA,A,401/402,103,83,80.58,66.02,2.25,Practical,No,No,Yes,Cloudy,No,13.1,Afternoon,Provided,Synthetic development data
04-11-2025,Tuesday,5,14:30,15:30,Advanced DBMS,IT13,MST_DPY,1,MCA,A,403,103,56,54.37,80.58,1.0,Theory,No,No,Yes,Sunny,No,2.3,Afternoon,Provided,Synthetic development data
06-11-2025,Thursday,1,09:15,10:15,Network Technologies and Infrastructure Management,IT14,MLK,1,MCA,A,403,103,61,59.22,54.37,42.75,Theory,No,Yes,Yes,Rainy,No,12.8,Morning,Provided,Synthetic development data
06-11-2025,Thursday,2,10:15,11:15,Data Structure and Algorithms,IT12,ASP_RSZ,1,MCA,A,403,103,71,68.93,59.22,1.0,Theory,Yes,No,Yes,Rainy,No,8.5,Morning,Provided,Synthetic development data
06-11-2025,Thursday,3,11:15,12:15,Organizational Behavior,IT15,MPS_KSD,1,MCA,A,403,103,77,74.76,68.93,1.0,Theory,No,No,Yes,Cloudy,No,10.8,Morning,Provided,Synthetic development data
06-11-2025,Thursday,4,13:30,14:30,Advanced DBMS,IT13,MST_DPY,1,MCA,A,403,103,67,65.05,74.76,2.25,Theory,No,No,Yes,Rainy,No,6.9,Afternoon,Provided,Synthetic development data
06-11-2025,Thursday,5,14:30,15:30,Data Structure and Algorithms,IT12,ASP_RSZ,1,MCA,A,403,103,71,68.93,65.05,1.0,Theory,No,No,Yes,Rainy,No,6.8,Afternoon,Provided,Synthetic development data
07-11-2025,Friday,1,09:15,10:15,Organizational Behavior,IT15,MPS_KSD,1,MCA,A,403,103,90,87.38,68.93,18.75,Theory,No,No,No,Rainy,No,2.4,Morning,Provided,Synthetic development data
07-11-2025,Friday,2,10:15,11:15,Python Programming,IT11,AAB_SP,1,MCA,A,403,103,81,78.64,87.38,1.0,Theory,No,No,No,Sunny,No,7.5,Morning,Provided,Synthetic development data
07-11-2025,Friday,3,11:15,12:15,Advanced DBMS,IT13,MST_DPY,1,MCA,A,403,103,81,78.64,78.64,1.0,Theory,No,No,No,Sunny,No,7.3,Morning,Provided,Synthetic development data
07-11-2025,Friday,4,13:30,14:30,Data Structure and Algorithms,IT12,ASP_RSZ,1,MCA,A,403,103,73,70.87,78.64,2.25,Theory,No,No,No,Cloudy,No,4.9,Afternoon,Provided,Synthetic development data
07-11-2025,Friday,5,14:30,15:30,Python Programming,IT11,AAB_SP,1,MCA,A,403,103,86,83.5,70.87,1.0,Theory,No,No,No,Sunny,No,5.2,Afternoon,Provided,Synthetic development data
08-11-2025,Saturday,1,11:15,12:15,Mini Project,ITP11,JSP_Visiting,1,MCA,A,403,103,65,63.11,83.5,20.75,Project,No,No,No,Cloudy,No,9.6,Morning,Provided,Synthetic development data
10-11-2025,Monday,1,09:15,10:15,Mini Project,ITP11,JSP_Visiting,1,MCA,A,403,103,81,78.64,63.11,46.0,Project,No,No,No,Sunny,No,6.1,Morning,Provided,Synthetic development data
10-11-2025,Monday,2,10:15,11:15,Advanced DBMS,IT13,MST_DPY,1,MCA,A,403,103,66,64.08,78.64,1.0,Theory,No,No,No,Rainy,No,12.8,Morning,Provided,Synthetic development data
10-11-2025,Monday,3,11:15,12:15,Python Programming,IT11,AAB_SP,1,MCA,A,403,103,74,71.84,64.08,1.0,Theory,No,No,No,Cloudy,No,3.4,Morning,Provided,Synthetic development data
10-11-2025,Monday,4,13:30,14:30,"Practical based on Python Programming, Data Structure and Algorithms and Advanced DBMS",ITL11,AAB_SP_ASP_RSZ_MST_DPY,1,MCA,A,401/402,103,72,69.9,71.84,2.25,Practical,No,No,No,Sunny,Yes,9.5,Afternoon,Provided,Synthetic development data
10-11-2025,Monday,5,14:30,15:30,Organizational Behavior,IT15,MPS_KSD,1,MCA,A,403,103,76,73.79,69.9,1.0,Theory,No,No,No,Rainy,No,4.1,Afternoon,Provided,Synthetic development data
11-11-2025,Tuesday,1,09:15,10:15,Mini Project,ITP11,JSP_Visiting,1,MCA,A,403,103,66,64.08,73.79,18.75,Project,No,No,No,Sunny,No,8.9,Morning,Provided,Synthetic development data
11-11-2025,Tuesday,2,10:15,11:15,Organizational Behavior,IT15,MPS_KSD,1,MCA,A,403,103,82,79.61,64.08,1.0,Theory,No,No,No,Sunny,No,9.2,Morning,Provided,Synthetic development data
11-11-2025,Tuesday,3,11:15,12:15,Advanced DBMS,IT13,MST_DPY,1,MCA,A,403,103,77,74.76,79.61,1.0,Theory,No,No,No,Rainy,No,10.3,Morning,Provided,Synthetic development data
11-11-2025,Tuesday,4,13:30,14:30,"Practical based on Python Programming, Data Structure and Algorithms and Advanced DBMS",ITL11,AAB_SP_ASP_RSZ_MST_DPY,1,MCA,A,401/402,103,82,79.61,74.76,2.25,Practical,No,No,No,Cloudy,No,7.6,Afternoon,Provided,Synthetic development data
11-11-2025,Tuesday,5,14:30,15:30,Advanced DBMS,IT13,MST_DPY,1,MCA,A,403,103,59,57.28,79.61,1.0,Theory,No,No,No,Cloudy,No,8.6,Afternoon,Provided,Synthetic development data
12-11-2025,Wednesday,1,09:15,10:15,Mini Project,ITP11,JSP_Visiting,1,MCA,A,403,103,73,70.87,57.28,18.75,Project,No,Yes,No,Cloudy,No,4.4,Morning,Provided,Synthetic development data
12-11-2025,Wednesday,2,10:15,11:15,Network Technologies and Infrastructure Management,IT14,MLK,1,MCA,A,403,103,68,66.02,70.87,1.0,Theory,No,No,No,Sunny,No,8.0,Morning,Provided,Synthetic development data
12-11-2025,Wednesday,3,11:15,12:15,Data Structure and Algorithms,IT12,ASP_RSZ,1,MCA,A,403,103,78,75.73,66.02,1.0,Theory,Yes,No,No,Rainy,No,6.8,Morning,Provided,Synthetic development data
12-11-2025,Wednesday,4,13:30,14:30,Python Programming,IT11,AAB_SP,1,MCA,A,403,103,80,77.67,75.73,2.25,Theory,No,No,No,Cloudy,No,10.7,Afternoon,Provided,Synthetic development data
12-11-2025,Wednesday,5,14:30,15:30,Network Technologies and Infrastructure Management,IT14,MLK,1,MCA,A,403,103,63,61.17,77.67,1.0,Theory,No,No,No,Rainy,No,7.7,Afternoon,Provided,Synthetic development data
13-11-2025,Thursday,1,09:15,10:15,Network Technologies and Infrastructure Management,IT14,MLK,1,MCA,A,403,103,70,67.96,61.17,18.75,Theory,No,No,No,Sunny,No,12.1,Morning,Provided,Synthetic development data
13-11-2025,Thursday,2,10:15,11:15,Data Structure and Algorithms,IT12,ASP_RSZ,1,MCA,A,403,103,72,69.9,67.96,1.0,Theory,No,No,No,Rainy,No,7.5,Morning,Provided,Synthetic development data
13-11-2025,Thursday,3,11:15,12:15,Organizational Behavior,IT15,MPS_KSD,1,MCA,A,403,103,93,90.29,69.9,1.0,Theory,No,No,No,Sunny,No,5.1,Morning,Provided,Synthetic development data
13-11-2025,Thursday,4,13:30,14:30,Advanced DBMS,IT13,MST_DPY,1,MCA,A,403,103,70,67.96,90.29,2.25,Theory,No,No,No,Rainy,No,5.6,Afternoon,Provided,Synthetic development data
13-11-2025,Thursday,5,14:30,15:30,Data Structure and Algorithms,IT12,ASP_RSZ,1,MCA,A,403,103,70,67.96,67.96,1.0,Theory,No,No,No,Sunny,No,2.6,Afternoon,Provided,Synthetic development data
14-11-2025,Friday,1,09:15,10:15,Organizational Behavior,IT15,MPS_KSD,1,MCA,A,403,103,80,77.67,67.96,18.75,Theory,No,No,No,Sunny,No,9.0,Morning,Provided,Synthetic development data
14-11-2025,Friday,2,10:15,11:15,Python Programming,IT11,AAB_SP,1,MCA,A,403,103,77,74.76,77.67,1.0,Theory,No,No,No,Sunny,No,12.8,Morning,Provided,Synthetic development data
14-11-2025,Friday,3,11:15,12:15,Advanced DBMS,IT13,MST_DPY,1,MCA,A,403,103,74,71.84,74.76,1.0,Theory,No,Yes,No,Cloudy,No,12.0,Morning,Provided,Synthetic development data
14-11-2025,Friday,4,13:30,14:30,Data Structure and Algorithms,IT12,ASP_RSZ,1,MCA,A,403,103,61,59.22,71.84,2.25,Theory,No,No,No,Cloudy,No,7.7,Afternoon,Provided,Synthetic development data
14-11-2025,Friday,5,14:30,15:30,Python Programming,IT11,AAB_SP,1,MCA,A,403,103,67,65.05,59.22,1.0,Theory,Yes,No,No,Sunny,No,4.5,Afternoon,Provided,Synthetic development data
15-11-2025,Saturday,1,11:15,12:15,Mini Project,ITP11,JSP_Visiting,1,MCA,A,403,103,86,83.5,65.05,20.75,Project,No,No,No,Sunny,Yes,13.2,Morning,Provided,Synthetic development data
17-11-2025,Monday,1,09:15,10:15,Mini Project,ITP11,JSP_Visiting,1,MCA,A,403,103,75,72.82,83.5,46.0,Project,No,No,No,Rainy,No,2.7,Morning,Provided,Synthetic development data
17-11-2025,Monday,2,10:15,11:15,Advanced DBMS,IT13,MST_DPY,1,MCA,A,403,103,70,67.96,72.82,1.0,Theory,No,No,No,Cloudy,No,7.2,Morning,Provided,Synthetic development data
17-11-2025,Monday,3,11:15,12:15,Python Programming,IT11,AAB_SP,1,MCA,A,403,103,72,69.9,67.96,1.0,Theory,No,No,No,Rainy,No,13.1,Morning,Provided,Synthetic development data
17-11-2025,Monday,4,13:30,14:30,"Practical based on Python Programming, Data Structure and Algorithms and Advanced DBMS",ITL11,AAB_SP_ASP_RSZ_MST_DPY,1,MCA,A,401/402,103,83,80.58,69.9,2.25,Practical,No,No,No,Rainy,No,7.1,Afternoon,Provided,Synthetic development data
17-11-2025,Monday,5,14:30,15:30,Organizational Behavior,IT15,MPS_KSD,1,MCA,A,403,103,73,70.87,80.58,1.0,Theory,No,No,No,Sunny,No,3.5,Afternoon,Provided,Synthetic development data
18-11-2025,Tuesday,1,09:15,10:15,Mini Project,ITP11,JSP_Visiting,1,MCA,A,403,103,75,72.82,70.87,18.75,Project,No,No,No,Sunny,No,5.5,Morning,Provided,Synthetic development data
18-11-2025,Tuesday,2,10:15,11:15,Organizational Behavior,IT15,MPS_KSD,1,MCA,A,403,103,90,87.38,72.82,1.0,Theory,No,Yes,No,Rainy,No,9.8,Morning,Provided,Synthetic development data
18-11-2025,Tuesday,3,11:15,12:15,Advanced DBMS,IT13,MST_DPY,1,MCA,A,403,103,76,73.79,87.38,1.0,Theory,No,No,No,Cloudy,No,4.0,Morning,Provided,Synthetic development data
18-11-2025,Tuesday,4,13:30,14:30,"Practical based on Python Programming, Data Structure and Algorithms and Advanced DBMS",ITL11,AAB_SP_ASP_RSZ_MST_DPY,1,MCA,A,401/402,103,78,75.73,73.79,2.25,Practical,No,No,No,Cloudy,No,10.5,Afternoon,Provided,Synthetic development data
18-11-2025,Tuesday,5,14:30,15:30,Advanced DBMS,IT13,MST_DPY,1,MCA,A,403,103,78,75.73,75.73,1.0,Theory,No,No,No,Rainy,No,7.7,Afternoon,Provided,Synthetic development data
19-11-2025,Wednesday,1,09:15,10:15,Mini Project,ITP11,JSP_Visiting,1,MCA,A,403,103,80,77.67,75.73,18.75,Project,No,No,No,Sunny,No,6.3,Morning,Provided,Synthetic development data
19-11-2025,Wednesday,2,10:15,11:15,Network Technologies and Infrastructure Management,IT14,MLK,1,MCA,A,403,103,83,80.58,77.67,1.0,Theory,No,No,No,Cloudy,No,5.1,Morning,Provided,Synthetic development data
19-11-2025,Wednesday,3,11:15,12:15,Data Structure and Algorithms,IT12,ASP_RSZ,1,MCA,A,403,103,71,68.93,80.58,1.0,Theory,No,No,No,Sunny,No,12.7,Morning,Provided,Synthetic development data
19-11-2025,Wednesday,4,13:30,14:30,Python Programming,IT11,AAB_SP,1,MCA,A,403,103,78,75.73,68.93,2.25,Theory,No,No,No,Cloudy,No,7.2,Afternoon,Provided,Synthetic development data
19-11-2025,Wednesday,5,14:30,15:30,Network Technologies and Infrastructure Management,IT14,MLK,1,MCA,A,403,103,65,63.11,75.73,1.0,Theory,No,No,No,Sunny,No,11.6,Afternoon,Provided,Synthetic development data
20-11-2025,Thursday,1,09:15,10:15,Network Technologies and Infrastructure Management,IT14,MLK,1,MCA,A,403,103,75,72.82,63.11,18.75,Theory,No,Yes,No,Sunny,No,7.7,Morning,Provided,Synthetic development data
20-11-2025,Thursday,2,10:15,11:15,Data Structure and Algorithms,IT12,ASP_RSZ,1,MCA,A,403,103,78,75.73,72.82,1.0,Theory,No,No,No,Sunny,No,3.2,Morning,Provided,Synthetic development data
20-11-2025,Thursday,3,11:15,12:15,Organizational Behavior,IT15,MPS_KSD,1,MCA,A,403,103,81,78.64,75.73,1.0,Theory,No,No,No,Rainy,No,7.7,Morning,Provided,Synthetic development data
20-11-2025,Thursday,4,13:30,14:30,Advanced DBMS,IT13,MST_DPY,1,MCA,A,403,103,65,63.11,78.64,2.25,Theory,Yes,No,No,Sunny,No,8.6,Afternoon,Provided,Synthetic development data
20-11-2025,Thursday,5,14:30,15:30,Data Structure and Algorithms,IT12,ASP_RSZ,1,MCA,A,403,103,70,67.96,63.11,1.0,Theory,No,Yes,No,Cloudy,No,8.0,Afternoon,Provided,Synthetic development data
21-11-2025,Friday,1,09:15,10:15,Organizational Behavior,IT15,MPS_KSD,1,MCA,A,403,103,74,71.84,67.96,18.75,Theory,No,No,No,Rainy,No,12.6,Morning,Provided,Synthetic development data
21-11-2025,Friday,2,10:15,11:15,Python Programming,IT11,AAB_SP,1,MCA,A,403,103,83,80.58,71.84,1.0,Theory,No,No,No,Rainy,No,13.8,Morning,Provided,Synthetic development data
21-11-2025,Friday,3,11:15,12:15,Advanced DBMS,IT13,MST_DPY,1,MCA,A,403,103,72,69.9,80.58,1.0,Theory,No,No,No,Cloudy,No,12.2,Morning,Provided,Synthetic development data
21-11-2025,Friday,4,13:30,14:30,Data Structure and Algorithms,IT12,ASP_RSZ,1,MCA,A,403,103,76,73.79,69.9,2.25,Theory,No,No,No,Rainy,No,9.6,Afternoon,Provided,Synthetic development data
21-11-2025,Friday,5,14:30,15:30,Python Programming,IT11,AAB_SP,1,MCA,A,403,103,71,68.93,73.79,1.0,Theory,No,No,No,Rainy,No,9.0,Afternoon,Provided,Synthetic development data
22-11-2025,Saturday,1,11:15,12:15,Mini Project,ITP11,JSP_Visiting,1,MCA,A,403,103,73,70.87,68.93,20.75,Project,No,No,No,Rainy,No,10.4,Morning,Provided,Synthetic development data
24-11-2025,Monday,1,09:15,10:15,Mini Project,ITP11,JSP_Visiting,1,MCA,A,403,103,75,72.82,70.87,46.0,Project,No,No,No,Sunny,No,5.7,Morning,Provided,Synthetic development data
24-11-2025,Monday,2,10:15,11:15,Advanced DBMS,IT13,MST_DPY,1,MCA,A,403,103,69,66.99,72.82,1.0,Theory,No,No,No,Sunny,No,12.6,Morning,Provided,Synthetic development data
24-11-2025,Monday,3,11:15,12:15,Python Programming,IT11,AAB_SP,1,MCA,A,403,103,77,74.76,66.99,1.0,Theory,No,Yes,No,Rainy,No,13.1,Morning,Provided,Synthetic development data
24-11-2025,Monday,4,13:30,14:30,"Practical based on Python Programming, Data Structure and Algorithms and Advanced DBMS",ITL11,AAB_SP_ASP_RSZ_MST_DPY,1,MCA,A,401/402,103,83,80.58,74.76,2.25,Practical,Yes,No,No,Cloudy,No,5.5,Afternoon,Provided,Synthetic development data
24-11-2025,Monday,5,14:30,15:30,Organizational Behavior,IT15,MPS_KSD,1,MCA,A,403,103,73,70.87,80.58,1.0,Theory,Yes,Yes,No,Cloudy,No,13.7,Afternoon,Provided,Synthetic development data
25-11-2025,Tuesday,1,09:15,10:15,Mini Project,ITP11,JSP_Visiting,1,MCA,A,403,103,78,75.73,70.87,18.75,Project,No,No,No,Sunny,No,13.0,Morning,Provided,Synthetic development data
25-11-2025,Tuesday,2,10:15,11:15,Organizational Behavior,IT15,MPS_KSD,1,MCA,A,403,103,90,87.38,75.73,1.0,Theory,Yes,No,No,Cloudy,No,7.5,Morning,Provided,Synthetic development data
25-11-2025,Tuesday,3,11:15,12:15,Advanced DBMS,IT13,MST_DPY,1,MCA,A,403,103,62,60.19,87.38,1.0,Theory,No,No,No,Rainy,No,13.8,Morning,Provided,Synthetic development data
25-11-2025,Tuesday,4,13:30,14:30,"Practical based on Python Programming, Data Structure and Algorithms and Advanced DBMS",ITL11,AAB_SP_ASP_RSZ_MST_DPY,1,MCA,A,401/402,103,78,75.73,60.19,2.25,Practical,No,No,No,Sunny,No,3.6,Afternoon,Provided,Synthetic development data
25-11-2025,Tuesday,5,14:30,15:30,Advanced DBMS,IT13,MST_DPY,1,MCA,A,403,103,73,70.87,75.73,1.0,Theory,No,No,No,Cloudy,No,2.4,Afternoon,Provided,Synthetic development data
26-11-2025,Wednesday,1,09:15,10:15,Mini Project,ITP11,JSP_Visiting,1,MCA,A,403,103,81,78.64,70.87,18.75,Project,No,No,No,Rainy,No,6.5,Morning,Provided,Synthetic development data
26-11-2025,Wednesday,2,10:15,11:15,Network Technologies and Infrastructure Management,IT14,MLK,1,MCA,A,403,103,74,71.84,78.64,1.0,Theory,No,No,No,Rainy,No,9.4,Morning,Provided,Synthetic development data
26-11-2025,Wednesday,3,11:15,12:15,Data Structure and Algorithms,IT12,ASP_RSZ,1,MCA,A,403,103,80,77.67,71.84,1.0,Theory,No,No,No,Rainy,No,6.6,Morning,Provided,Synthetic development data
26-11-2025,Wednesday,4,13:30,14:30,Python Programming,IT11,AAB_SP,1,MCA,A,403,103,73,70.87,77.67,2.25,Theory,No,Yes,No,Rainy,No,14.2,Afternoon,Provided,Synthetic development data
26-11-2025,Wednesday,5,14:30,15:30,Network Technologies and Infrastructure Management,IT14,MLK,1,MCA,A,403,103,65,63.11,70.87,1.0,Theory,Yes,No,No,Rainy,No,5.3,Afternoon,Provided,Synthetic development data
27-11-2025,Thursday,1,09:15,10:15,Network Technologies and Infrastructure Management,IT14,MLK,1,MCA,A,403,103,78,75.73,63.11,18.75,Theory,No,No,No,Rainy,No,5.7,Morning,Provided,Synthetic development data
27-11-2025,Thursday,2,10:15,11:15,Data Structure and Algorithms,IT12,ASP_RSZ,1,MCA,A,403,103,77,74.76,75.73,1.0,Theory,No,No,No,Cloudy,No,10.3,Morning,Provided,Synthetic development data
27-11-2025,Thursday,3,11:15,12:15,Organizational Behavior,IT15,MPS_KSD,1,MCA,A,403,103,89,86.41,74.76,1.0,Theory,No,No,No,Rainy,No,2.1,Morning,Provided,Synthetic development data
27-11-2025,Thursday,4,13:30,14:30,Advanced DBMS,IT13,MST_DPY,1,MCA,A,403,103,68,66.02,86.41,2.25,Theory,No,No,No,Cloudy,No,11.5,Afternoon,Provided,Synthetic development data
27-11-2025,Thursday,5,14:30,15:30,Data Structure and Algorithms,IT12,ASP_RSZ,1,MCA,A,403,103,63,61.17,66.02,1.0,Theory,No,No,No,Rainy,No,6.9,Afternoon,Provided,Synthetic development data
28-11-2025,Friday,1,09:15,10:15,Organizational Behavior,IT15,MPS_KSD,1,MCA,A,403,103,84,81.55,61.17,18.75,Theory,Yes,Yes,No,Rainy,No,14.7,Morning,Provided,Synthetic development data
28-11-2025,Friday,2,10:15,11:15,Python Programming,IT11,AAB_SP,1,MCA,A,403,103,79,76.7,81.55,1.0,Theory,No,Yes,No,Cloudy,No,11.0,Morning,Provided,Synthetic development data
28-11-2025,Friday,3,11:15,12:15,Advanced DBMS,IT13,MST_DPY,1,MCA,A,403,103,79,76.7,76.7,1.0,Theory,No,No,No,Cloudy,No,2.7,Morning,Provided,Synthetic development data
28-11-2025,Friday,4,13:30,14:30,Data Structure and Algorithms,IT12,ASP_RSZ,1,MCA,A,403,103,62,60.19,76.7,2.25,Theory,No,No,No,Cloudy,No,3.2,Afternoon,Provided,Synthetic development data
28-11-2025,Friday,5,14:30,15:30,Python Programming,IT11,AAB_SP,1,MCA,A,403,103,76,73.79,60.19,1.0,Theory,No,No,No,Rainy,No,3.1,Afternoon,Provided,Synthetic development data
29-11-2025,Saturday,1,11:15,12:15,Mini Project,ITP11,JSP_Visiting,1,MCA,A,403,103,73,70.87,73.79,20.75,Project,Yes,No,No,Rainy,No,14.4,Morning,Provided,Synthetic development data
01-12-2025,Monday,1,09:15,10:15,Mini Project,ITP11,JSP_Visiting,1,MCA,A,403,103,76,73.79,70.87,46.0,Project,No,No,No,Rainy,No,10.9,Morning,Provided,Synthetic development data
01-12-2025,Monday,2,10:15,11:15,Advanced DBMS,IT13,MST_DPY,1,MCA,A,403,103,76,73.79,73.79,1.0,Theory,No,No,No,Rainy,No,7.6,Morning,Provided,Synthetic development data
01-12-2025,Monday,3,11:15,12:15,Python Programming,IT11,AAB_SP,1,MCA,A,403,103,78,75.73,73.79,1.0,Theory,No,No,No,Sunny,No,4.6,Morning,Provided,Synthetic development data
01-12-2025,Monday,4,13:30,14:30,"Practical based on Python Programming, Data Structure and Algorithms and Advanced DBMS",ITL11,AAB_SP_ASP_RSZ_MST_DPY,1,MCA,A,401/402,103,78,75.73,75.73,2.25,Practical,No,No,No,Rainy,No,13.4,Afternoon,Provided,Synthetic development data
01-12-2025,Monday,5,14:30,15:30,Organizational Behavior,IT15,MPS_KSD,1,MCA,A,403,103,82,79.61,75.73,1.0,Theory,No,No,No,Rainy,No,4.6,Afternoon,Provided,Synthetic development data
02-12-2025,Tuesday,1,09:15,10:15,Mini Project,ITP11,JSP_Visiting,1,MCA,A,403,103,81,78.64,79.61,18.75,Project,No,Yes,No,Cloudy,No,11.2,Morning,Provided,Synthetic development data
02-12-2025,Tuesday,2,10:15,11:15,Organizational Behavior,IT15,MPS_KSD,1,MCA,A,403,103,80,77.67,78.64,1.0,Theory,No,No,No,Sunny,No,11.9,Morning,Provided,Synthetic development data
02-12-2025,Tuesday,3,11:15,12:15,Advanced DBMS,IT13,MST_DPY,1,MCA,A,403,103,74,71.84,77.67,1.0,Theory,No,No,No,Cloudy,No,5.8,Morning,Provided,Synthetic development data
02-12-2025,Tuesday,4,13:30,14:30,"Practical based on Python Programming, Data Structure and Algorithms and Advanced DBMS",ITL11,AAB_SP_ASP_RSZ_MST_DPY,1,MCA,A,401/402,103,77,74.76,71.84,2.25,Practical,No,No,No,Rainy,No,8.6,Afternoon,Provided,Synthetic development data
02-12-2025,Tuesday,5,14:30,15:30,Advanced DBMS,IT13,MST_DPY,1,MCA,A,403,103,68,66.02,74.76,1.0,Theory,No,No,No,Rainy,No,4.9,Afternoon,Provided,Synthetic development data
03-12-2025,Wednesday,1,09:15,10:15,Mini Project,ITP11,JSP_Visiting,1,MCA,A,403,103,77,74.76,66.02,18.75,Project,No,No,No,Rainy,No,6.9,Morning,Provided,Synthetic development data
03-12-2025,Wednesday,2,10:15,11:15,Network Technologies and Infrastructure Management,IT14,MLK,1,MCA,A,403,103,83,80.58,74.76,1.0,Theory,No,No,No,Sunny,No,14.5,Morning,Provided,Synthetic development data
03-12-2025,Wednesday,3,11:15,12:15,Data Structure and Algorithms,IT12,ASP_RSZ,1,MCA,A,403,103,74,71.84,80.58,1.0,Theory,No,No,No,Rainy,No,11.0,Morning,Provided,Synthetic development data
03-12-2025,Wednesday,4,13:30,14:30,Python Programming,IT11,AAB_SP,1,MCA,A,403,103,69,66.99,71.84,2.25,Theory,No,No,No,Cloudy,No,13.0,Afternoon,Provided,Synthetic development data
03-12-2025,Wednesday,5,14:30,15:30,Network Technologies and Infrastructure Management,IT14,MLK,1,MCA,A,403,103,59,57.28,66.99,1.0,Theory,No,No,No,Rainy,No,9.0,Afternoon,Provided,Synthetic development data
04-12-2025,Thursday,1,09:15,10:15,Network Technologies and Infrastructure Management,IT14,MLK,1,MCA,A,403,103,86,83.5,57.28,18.75,Theory,No,No,No,Rainy,No,5.1,Morning,Provided,Synthetic development data
04-12-2025,Thursday,2,10:15,11:15,Data Structure and Algorithms,IT12,ASP_RSZ,1,MCA,A,403,103,79,76.7,83.5,1.0,Theory,No,Yes,No,Rainy,No,11.3,Morning,Provided,Synthetic development data
04-12-2025,Thursday,3,11:15,12:15,Organizational Behavior,IT15,MPS_KSD,1,MCA,A,403,103,83,80.58,76.7,1.0,Theory,No,No,No,Rainy,No,8.5,Morning,Provided,Synthetic development data
04-12-2025,Thursday,4,13:30,14:30,Advanced DBMS,IT13,MST_DPY,1,MCA,A,403,103,74,71.84,80.58,2.25,Theory,No,Yes,No,Cloudy,No,4.3,Afternoon,Provided,Synthetic development data
04-12-2025,Thursday,5,14:30,15:30,Data Structure and Algorithms,IT12,ASP_RSZ,1,MCA,A,403,103,76,73.79,71.84,1.0,Theory,No,No,No,Sunny,No,7.4,Afternoon,Provided,Synthetic development data
05-12-2025,Friday,1,09:15,10:15,Organizational Behavior,IT15,MPS_KSD,1,MCA,A,403,103,91,88.35,73.79,18.75,Theory,No,No,No,Sunny,No,10.3,Morning,Provided,Synthetic development data
05-12-2025,Friday,2,10:15,11:15,Python Programming,IT11,AAB_SP,1,MCA,A,403,103,78,75.73,88.35,1.0,Theory,No,No,No,Sunny,No,11.6,Morning,Provided,Synthetic development data
05-12-2025,Friday,3,11:15,12:15,Advanced DBMS,IT13,MST_DPY,1,MCA,A,403,103,70,67.96,75.73,1.0,Theory,No,No,No,Sunny,No,5.2,Morning,Provided,Synthetic development data
05-12-2025,Friday,4,13:30,14:30,Data Structure and Algorithms,IT12,ASP_RSZ,1,MCA,A,403,103,72,69.9,67.96,2.25,Theory,No,No,No,Sunny,No,13.4,Afternoon,Provided,Synthetic development data
05-12-2025,Friday,5,14:30,15:30,Python Programming,IT11,AAB_SP,1,MCA,A,403,103,75,72.82,69.9,1.0,Theory,No,Yes,No,Cloudy,Yes,6.9,Afternoon,Provided,Synthetic development data
06-12-2025,Saturday,1,11:15,12:15,Mini Project,ITP11,JSP_Visiting,1,MCA,A,403,103,65,63.11,72.82,20.75,Project,No,No,No,Rainy,No,5.5,Morning,Provided,Synthetic development data
08-12-2025,Monday,1,09:15,10:15,Mini Project,ITP11,JSP_Visiting,1,MCA,A,403,103,79,76.7,63.11,46.0,Project,No,No,No,Rainy,No,4.5,Morning,Provided,Synthetic development data
08-12-2025,Monday,2,10:15,11:15,Advanced DBMS,IT13,MST_DPY,1,MCA,A,403,103,76,73.79,76.7,1.0,Theory,No,Yes,No,Rainy,No,12.5,Morning,Provided,Synthetic development data
08-12-2025,Monday,3,11:15,12:15,Python Programming,IT11,AAB_SP,1,MCA,A,403,103,74,71.84,73.79,1.0,Theory,No,Yes,No,Cloudy,No,6.6,Morning,Provided,Synthetic development data
08-12-2025,Monday,4,13:30,14:30,"Practical based on Python Programming, Data Structure and Algorithms and Advanced DBMS",ITL11,AAB_SP_ASP_RSZ_MST_DPY,1,MCA,A,401/402,103,76,73.79,71.84,2.25,Practical,No,No,No,Cloudy,No,8.3,Afternoon,Provided,Synthetic development data
08-12-2025,Monday,5,14:30,15:30,Organizational Behavior,IT15,MPS_KSD,1,MCA,A,403,103,76,73.79,73.79,1.0,Theory,No,No,No,Cloudy,No,4.9,Afternoon,Provided,Synthetic development data
09-12-2025,Tuesday,1,09:15,10:15,Mini Project,ITP11,JSP_Visiting,1,MCA,A,403,103,61,59.22,73.79,18.75,Project,No,No,No,Sunny,No,10.9,Morning,Provided,Synthetic development data
09-12-2025,Tuesday,2,10:15,11:15,Organizational Behavior,IT15,MPS_KSD,1,MCA,A,403,103,82,79.61,59.22,1.0,Theory,No,No,No,Cloudy,No,12.2,Morning,Provided,Synthetic development data
09-12-2025,Tuesday,3,11:15,12:15,Advanced DBMS,IT13,MST_DPY,1,MCA,A,403,103,74,71.84,79.61,1.0,Theory,No,No,No,Sunny,No,6.4,Morning,Provided,Synthetic development data
09-12-2025,Tuesday,4,13:30,14:30,"Practical based on Python Programming, Data Structure and Algorithms and Advanced DBMS",ITL11,AAB_SP_ASP_RSZ_MST_DPY,1,MCA,A,401/402,103,86,83.5,71.84,2.25,Practical,No,No,No,Sunny,No,14.3,Afternoon,Provided,Synthetic development data
09-12-2025,Tuesday,5,14:30,15:30,Advanced DBMS,IT13,MST_DPY,1,MCA,A,403,103,80,77.67,83.5,1.0,Theory,No,No,No,Rainy,No,2.4,Afternoon,Provided,Synthetic development data
10-12-2025,Wednesday,1,09:15,10:15,Mini Project,ITP11,JSP_Visiting,1,MCA,A,403,103,75,72.82,77.67,18.75,Project,No,Yes,No,Sunny,No,3.7,Morning,Provided,Synthetic development data
10-12-2025,Wednesday,2,10:15,11:15,Network Technologies and Infrastructure Management,IT14,MLK,1,MCA,A,403,103,73,70.87,72.82,1.0,Theory,No,No,No,Cloudy,No,9.7,Morning,Provided,Synthetic development data
10-12-2025,Wednesday,3,11:15,12:15,Data Structure and Algorithms,IT12,ASP_RSZ,1,MCA,A,403,103,79,76.7,70.87,1.0,Theory,No,No,No,Sunny,No,11.1,Morning,Provided,Synthetic development data
10-12-2025,Wednesday,4,13:30,14:30,Python Programming,IT11,AAB_SP,1,MCA,A,403,103,74,71.84,76.7,2.25,Theory,No,No,No,Cloudy,No,5.3,Afternoon,Provided,Synthetic development data
10-12-2025,Wednesday,5,14:30,15:30,Network Technologies and Infrastructure Management,IT14,MLK,1,MCA,A,403,103,65,63.11,71.84,1.0,Theory,No,No,No,Rainy,No,9.2,Afternoon,Provided,Synthetic development data
11-12-2025,Thursday,1,09:15,10:15,Network Technologies and Infrastructure Management,IT14,MLK,1,MCA,A,403,103,72,69.9,63.11,18.75,Theory,No,No,No,Rainy,No,6.1,Morning,Provided,Synthetic development data
11-12-2025,Thursday,2,10:15,11:15,Data Structure and Algorithms,IT12,ASP_RSZ,1,MCA,A,403,103,86,83.5,69.9,1.0,Theory,No,No,No,Rainy,No,9.2,Morning,Provided,Synthetic development data
11-12-2025,Thursday,3,11:15,12:15,Organizational Behavior,IT15,MPS_KSD,1,MCA,A,403,103,69,66.99,83.5,1.0,Theory,No,No,No,Rainy,No,10.6,Morning,Provided,Synthetic development data
11-12-2025,Thursday,4,13:30,14:30,Advanced DBMS,IT13,MST_DPY,1,MCA,A,403,103,76,73.79,66.99,2.25,Theory,No,No,No,Cloudy,No,14.6,Afternoon,Provided,Synthetic development data
11-12-2025,Thursday,5,14:30,15:30,Data Structure and Algorithms,IT12,ASP_RSZ,1,MCA,A,403,103,80,77.67,73.79,1.0,Theory,No,No,No,Rainy,No,7.9,Afternoon,Provided,Synthetic development data
12-12-2025,Friday,1,09:15,10:15,Organizational Behavior,IT15,MPS_KSD,1,MCA,A,403,103,77,74.76,77.67,18.75,Theory,No,No,No,Cloudy,No,10.4,Morning,Provided,Synthetic development data
12-12-2025,Friday,2,10:15,11:15,Python Programming,IT11,AAB_SP,1,MCA,A,403,103,89,86.41,74.76,1.0,Theory,No,No,No,Sunny,No,9.5,Morning,Provided,Synthetic development data
12-12-2025,Friday,3,11:15,12:15,Advanced DBMS,IT13,MST_DPY,1,MCA,A,403,103,80,77.67,86.41,1.0,Theory,No,No,No,Rainy,No,6.1,Morning,Provided,Synthetic development data
12-12-2025,Friday,4,13:30,14:30,Data Structure and Algorithms,IT12,ASP_RSZ,1,MCA,A,403,103,80,77.67,77.67,2.25,Theory,No,No,No,Cloudy,No,5.3,Afternoon,Provided,Synthetic development data
12-12-2025,Friday,5,14:30,15:30,Python Programming,IT11,AAB_SP,1,MCA,A,403,103,79,76.7,77.67,1.0,Theory,No,No,No,Rainy,No,14.8,Afternoon,Provided,Synthetic development data
13-12-2025,Saturday,1,11:15,12:15,Mini Project,ITP11,JSP_Visiting,1,MCA,A,403,103,69,66.99,76.7,20.75,Project,No,No,No,Sunny,No,4.7,Morning,Provided,Synthetic development data
15-12-2025,Monday,1,09:15,10:15,Mini Project,ITP11,JSP_Visiting,1,MCA,A,403,103,79,76.7,66.99,46.0,Project,No,No,No,Cloudy,No,12.3,Morning,Provided,Synthetic development data
15-12-2025,Monday,2,10:15,11:15,Advanced DBMS,IT13,MST_DPY,1,MCA,A,403,103,77,74.76,76.7,1.0,Theory,No,Yes,No,Sunny,No,3.9,Morning,Provided,Synthetic development data
15-12-2025,Monday,3,11:15,12:15,Python Programming,IT11,AAB_SP,1,MCA,A,403,103,78,75.73,74.76,1.0,Theory,No,No,No,Cloudy,No,12.5,Morning,Provided,Synthetic development data
15-12-2025,Monday,4,13:30,14:30,"Practical based on Python Programming, Data Structure and Algorithms and Advanced DBMS",ITL11,AAB_SP_ASP_RSZ_MST_DPY,1,MCA,A,401/402,103,88,85.44,75.73,2.25,Practical,No,No,No,Cloudy,No,4.4,Afternoon,Provided,Synthetic development data
15-12-2025,Monday,5,14:30,15:30,Organizational Behavior,IT15,MPS_KSD,1,MCA,A,403,103,72,69.9,85.44,1.0,Theory,No,No,No,Cloudy,No,14.6,Afternoon,Provided,Synthetic development data
16-12-2025,Tuesday,1,09:15,10:15,Mini Project,ITP11,JSP_Visiting,1,MCA,A,403,103,80,77.67,69.9,18.75,Project,No,No,No,Cloudy,No,10.9,Morning,Provided,Synthetic development data
16-12-2025,Tuesday,2,10:15,11:15,Organizational Behavior,IT15,MPS_KSD,1,MCA,A,403,103,81,78.64,77.67,1.0,Theory,No,No,No,Rainy,No,3.2,Morning,Provided,Synthetic development data
16-12-2025,Tuesday,3,11:15,12:15,Advanced DBMS,IT13,MST_DPY,1,MCA,A,403,103,72,69.9,78.64,1.0,Theory,No,No,No,Sunny,No,11.0,Morning,Provided,Synthetic development data
16-12-2025,Tuesday,4,13:30,14:30,"Practical based on Python Programming, Data Structure and Algorithms and Advanced DBMS",ITL11,AAB_SP_ASP_RSZ_MST_DPY,1,MCA,A,401/402,103,88,85.44,69.9,2.25,Practical,No,No,No,Rainy,No,9.8,Afternoon,Provided,Synthetic development data
16-12-2025,Tuesday,5,14:30,15:30,Advanced DBMS,IT13,MST_DPY,1,MCA,A,403,103,66,64.08,85.44,1.0,Theory,No,Yes,No,Sunny,No,6.4,Afternoon,Provided,Synthetic development data
17-12-2025,Wednesday,1,09:15,10:15,Mini Project,ITP11,JSP_Visiting,1,MCA,A,403,103,64,62.14,64.08,18.75,Project,No,No,No,Cloudy,No,5.4,Morning,Provided,Synthetic development data
17-12-2025,Wednesday,2,10:15,11:15,Network Technologies and Infrastructure Management,IT14,MLK,1,MCA,A,403,103,82,79.61,62.14,1.0,Theory,No,No,No,Cloudy,No,11.3,Morning,Provided,Synthetic development data
17-12-2025,Wednesday,3,11:15,12:15,Data Structure and Algorithms,IT12,ASP_RSZ,1,MCA,A,403,103,79,76.7,79.61,1.0,Theory,No,No,No,Sunny,No,11.6,Morning,Provided,Synthetic development data
17-12-2025,Wednesday,4,13:30,14:30,Python Programming,IT11,AAB_SP,1,MCA,A,403,103,75,72.82,76.7,2.25,Theory,No,No,No,Sunny,No,6.3,Afternoon,Provided,Synthetic development data
17-12-2025,Wednesday,5,14:30,15:30,Network Technologies and Infrastructure Management,IT14,MLK,1,MCA,A,403,103,65,63.11,72.82,1.0,Theory,No,No,No,Cloudy,No,13.4,Afternoon,Provided,Synthetic development data
18-12-2025,Thursday,1,09:15,10:15,Network Technologies and Infrastructure Management,IT14,MLK,1,MCA,A,403,103,71,68.93,63.11,18.75,Theory,No,No,No,Cloudy,No,5.5,Morning,Provided,Synthetic development data
18-12-2025,Thursday,2,10:15,11:15,Data Structure and Algorithms,IT12,ASP_RSZ,1,MCA,A,403,103,78,75.73,68.93,1.0,Theory,No,No,No,Cloudy,No,2.9,Morning,Provided,Synthetic development data
18-12-2025,Thursday,3,11:15,12:15,Organizational Behavior,IT15,MPS_KSD,1,MCA,A,403,103,84,81.55,75.73,1.0,Theory,No,No,No,Sunny,No,9.8,Morning,Provided,Synthetic development data
18-12-2025,Thursday,4,13:30,14:30,Advanced DBMS,IT13,MST_DPY,1,MCA,A,403,103,61,59.22,81.55,2.25,Theory,No,No,No,Cloudy,No,3.4,Afternoon,Provided,Synthetic development data
18-12-2025,Thursday,5,14:30,15:30,Data Structure and Algorithms,IT12,ASP_RSZ,1,MCA,A,403,103,66,64.08,59.22,1.0,Theory,No,No,No,Cloudy,No,5.6,Afternoon,Provided,Synthetic development data
19-12-2025,Friday,1,09:15,10:15,Organizational Behavior,IT15,MPS_KSD,1,MCA,A,403,103,80,77.67,64.08,18.75,Theory,No,No,No,Rainy,No,8.6,Morning,Provided,Synthetic development data
19-12-2025,Friday,2,10:15,11:15,Python Programming,IT11,AAB_SP,1,MCA,A,403,103,76,73.79,77.67,1.0,Theory,No,No,No,Rainy,No,5.7,Morning,Provided,Synthetic development data
19-12-2025,Friday,3,11:15,12:15,Advanced DBMS,IT13,MST_DPY,1,MCA,A,403,103,76,73.79,73.79,1.0,Theory,No,No,No,Sunny,No,4.8,Morning,Provided,Synthetic development data
19-12-2025,Friday,4,13:30,14:30,Data Structure and Algorithms,IT12,ASP_RSZ,1,MCA,A,403,103,68,66.02,73.79,2.25,Theory,No,No,No,Cloudy,No,11.1,Afternoon,Provided,Synthetic development data
19-12-2025,Friday,5,14:30,15:30,Python Programming,IT11,AAB_SP,1,MCA,A,403,103,77,74.76,66.02,1.0,Theory,No,No,No,Sunny,No,9.1,Afternoon,Provided,Synthetic development data
20-12-2025,Saturday,1,11:15,12:15,Mini Project,ITP11,JSP_Visiting,1,MCA,A,403,103,79,76.7,74.76,20.75,Project,No,Yes,No,Cloudy,No,12.9,Morning,Provided,Synthetic development data
22-12-2025,Monday,1,09:15,10:15,Mini Project,ITP11,JSP_Visiting,1,MCA,A,403,103,66,64.08,76.7,46.0,Project,No,No,No,Rainy,No,9.6,Morning,Provided,Synthetic development data
22-12-2025,Monday,2,10:15,11:15,Advanced DBMS,IT13,MST_DPY,1,MCA,A,403,103,69,66.99,64.08,1.0,Theory,No,No,No,Cloudy,No,8.3,Morning,Provided,Synthetic development data
22-12-2025,Monday,3,11:15,12:15,Python Programming,IT11,AAB_SP,1,MCA,A,403,103,77,74.76,66.99,1.0,Theory,No,No,No,Rainy,No,5.4,Morning,Provided,Synthetic development data
22-12-2025,Monday,4,13:30,14:30,"Practical based on Python Programming, Data Structure and Algorithms and Advanced DBMS",ITL11,AAB_SP_ASP_RSZ_MST_DPY,1,MCA,A,401/402,103,83,80.58,74.76,2.25,Practical,No,No,No,Sunny,No,12.3,Afternoon,Provided,Synthetic development data
22-12-2025,Monday,5,14:30,15:30,Organizational Behavior,IT15,MPS_KSD,1,MCA,A,403,103,80,77.67,80.58,1.0,Theory,No,No,No,Cloudy,No,4.6,Afternoon,Provided,Synthetic development data
23-12-2025,Tuesday,1,09:15,10:15,Mini Project,ITP11,JSP_Visiting,1,MCA,A,403,103,70,67.96,77.67,18.75,Project,No,Yes,No,Rainy,No,5.1,Morning,Provided,Synthetic development data
23-12-2025,Tuesday,2,10:15,11:15,Organizational Behavior,IT15,MPS_KSD,1,MCA,A,403,103,75,72.82,67.96,1.0,Theory,No,No,No,Rainy,No,12.9,Morning,Provided,Synthetic development data
23-12-2025,Tuesday,3,11:15,12:15,Advanced DBMS,IT13,MST_DPY,1,MCA,A,403,103,70,67.96,72.82,1.0,Theory,No,No,No,Rainy,No,11.6,Morning,Provided,Synthetic development data
23-12-2025,Tuesday,4,13:30,14:30,"Practical based on Python Programming, Data Structure and Algorithms and Advanced DBMS",ITL11,AAB_SP_ASP_RSZ_MST_DPY,1,MCA,A,401/402,103,88,85.44,67.96,2.25,Practical,No,Yes,No,Sunny,No,10.0,Afternoon,Provided,Synthetic development data
23-12-2025,Tuesday,5,14:30,15:30,Advanced DBMS,IT13,MST_DPY,1,MCA,A,403,103,65,63.11,85.44,1.0,Theory,No,No,No,Sunny,No,2.5,Afternoon,Provided,Synthetic development data
24-12-2025,Wednesday,1,09:15,10:15,Mini Project,ITP11,JSP_Visiting,1,MCA,A,403,103,66,64.08,63.11,18.75,Project,No,Yes,Yes,Sunny,No,3.7,Morning,Provided,Synthetic development data
24-12-2025,Wednesday,2,10:15,11:15,Network Technologies and Infrastructure Management,IT14,MLK,1,MCA,A,403,103,68,66.02,64.08,1.0,Theory,No,No,Yes,Cloudy,No,8.5,Morning,Provided,Synthetic development data
24-12-2025,Wednesday,3,11:15,12:15,Data Structure and Algorithms,IT12,ASP_RSZ,1,MCA,A,403,103,85,82.52,66.02,1.0,Theory,No,No,Yes,Cloudy,No,11.7,Morning,Provided,Synthetic development data
24-12-2025,Wednesday,4,13:30,14:30,Python Programming,IT11,AAB_SP,1,MCA,A,403,103,69,66.99,82.52,2.25,Theory,No,No,Yes,Cloudy,No,8.0,Afternoon,Provided,Synthetic development data
24-12-2025,Wednesday,5,14:30,15:30,Network Technologies and Infrastructure Management,IT14,MLK,1,MCA,A,403,103,68,66.02,66.99,1.0,Theory,No,No,Yes,Sunny,No,2.2,Afternoon,Provided,Synthetic development data
26-12-2025,Friday,1,09:15,10:15,Organizational Behavior,IT15,MPS_KSD,1,MCA,A,403,103,80,77.67,66.02,42.75,Theory,No,Yes,Yes,Cloudy,No,4.4,Morning,Provided,Synthetic development data
26-12-2025,Friday,2,10:15,11:15,Python Programming,IT11,AAB_SP,1,MCA,A,403,103,71,68.93,77.67,1.0,Theory,No,No,Yes,Cloudy,No,9.7,Morning,Provided,Synthetic development data
26-12-2025,Friday,3,11:15,12:15,Advanced DBMS,IT13,MST_DPY,1,MCA,A,403,103,72,69.9,68.93,1.0,Theory,No,Yes,Yes,Sunny,No,11.0,Morning,Provided,Synthetic development data
26-12-2025,Friday,4,13:30,14:30,Data Structure and Algorithms,IT12,ASP_RSZ,1,MCA,A,403,103,72,69.9,69.9,2.25,Theory,No,No,Yes,Cloudy,No,2.4,Afternoon,Provided,Synthetic development data
26-12-2025,Friday,5,14:30,15:30,Python Programming,IT11,AAB_SP,1,MCA,A,403,103,72,69.9,69.9,1.0,Theory,No,No,Yes,Sunny,No,2.6,Afternoon,Provided,Synthetic development data
27-12-2025,Saturday,1,11:15,12:15,Mini Project,ITP11,JSP_Visiting,1,MCA,A,403,103,71,68.93,69.9,20.75,Project,No,No,No,Rainy,No,5.4,Morning,Provided,Synthetic development data
29-12-2025,Monday,1,09:15,10:15,Mini Project,ITP11,JSP_Visiting,1,MCA,A,403,103,77,74.76,68.93,46.0,Project,No,No,No,Rainy,No,3.1,Morning,Provided,Synthetic development data
29-12-2025,Monday,2,10:15,11:15,Advanced DBMS,IT13,MST_DPY,1,MCA,A,403,103,78,75.73,74.76,1.0,Theory,No,Yes,No,Sunny,No,9.0,Morning,Provided,Synthetic development data
29-12-2025,Monday,3,11:15,12:15,Python Programming,IT11,AAB_SP,1,MCA,A,403,103,83,80.58,75.73,1.0,Theory,No,No,No,Sunny,No,3.6,Morning,Provided,Synthetic development data
29-12-2025,Monday,4,13:30,14:30,"Practical based on Python Programming, Data Structure and Algorithms and Advanced DBMS",ITL11,AAB_SP_ASP_RSZ_MST_DPY,1,MCA,A,401/402,103,88,85.44,80.58,2.25,Practical,Yes,Yes,No,Sunny,No,10.4,Afternoon,Provided,Synthetic development data
29-12-2025,Monday,5,14:30,15:30,Organizational Behavior,IT15,MPS_KSD,1,MCA,A,403,103,82,79.61,85.44,1.0,Theory,No,No,No,Sunny,No,12.1,Afternoon,Provided,Synthetic development data
30-12-2025,Tuesday,1,09:15,10:15,Mini Project,ITP11,JSP_Visiting,1,MCA,A,403,103,77,74.76,79.61,18.75,Project,No,No,No,Cloudy,No,14.6,Morning,Provided,Synthetic development data
30-12-2025,Tuesday,2,10:15,11:15,Organizational Behavior,IT15,MPS_KSD,1,MCA,A,403,103,76,73.79,74.76,1.0,Theory,No,No,No,Rainy,No,14.3,Morning,Provided,Synthetic development data
30-12-2025,Tuesday,3,11:15,12:15,Advanced DBMS,IT13,MST_DPY,1,MCA,A,403,103,70,67.96,73.79,1.0,Theory,No,No,No,Sunny,No,5.6,Morning,Provided,Synthetic development data
30-12-2025,Tuesday,4,13:30,14:30,"Practical based on Python Programming, Data Structure and Algorithms and Advanced DBMS",ITL11,AAB_SP_ASP_RSZ_MST_DPY,1,MCA,A,401/402,103,88,85.44,67.96,2.25,Practical,No,No,No,Rainy,No,2.4,Afternoon,Provided,Synthetic development data
30-12-2025,Tuesday,5,14:30,15:30,Advanced DBMS,IT13,MST_DPY,1,MCA,A,403,103,70,67.96,85.44,1.0,Theory,No,No,No,Sunny,No,6.3,Afternoon,Provided,Synthetic development data
31-12-2025,Wednesday,1,09:15,10:15,Mini Project,ITP11,JSP_Visiting,1,MCA,A,403,103,76,73.79,67.96,18.75,Project,No,Yes,No,Rainy,No,11.2,Morning,Provided,Synthetic development data
31-12-2025,Wednesday,2,10:15,11:15,Network Technologies and Infrastructure Management,IT14,MLK,1,MCA,A,403,103,71,68.93,73.79,1.0,Theory,No,No,No,Rainy,No,2.8,Morning,Provided,Synthetic development data
31-12-2025,Wednesday,3,11:15,12:15,Data Structure and Algorithms,IT12,ASP_RSZ,1,MCA,A,403,103,76,73.79,68.93,1.0,Theory,No,No,No,Rainy,No,6.7,Morning,Provided,Synthetic development data
31-12-2025,Wednesday,4,13:30,14:30,Python Programming,IT11,AAB_SP,1,MCA,A,403,103,74,71.84,73.79,2.25,Theory,No,No,No,Rainy,No,5.9,Afternoon,Provided,Synthetic development data
31-12-2025,Wednesday,5,14:30,15:30,Network Technologies and Infrastructure Management,IT14,MLK,1,MCA,A,403,103,69,66.99,71.84,1.0,Theory,No,No,No,Sunny,No,4.9,Afternoon,Provided,Synthetic development data
01-01-2026,Thursday,1,09:15,10:15,Full Stack Development,IT22,F_ASP_RSZ,2,MCA,A,403,103,81,78.64,66.99,18.75,Theory,No,Yes,No,Cloudy,No,5.2,Morning,Provided - user uploaded timetable,Synthetic development data
01-01-2026,Thursday,2,10:15,11:15,Cyber Security,IT23,F_DPY,2,MCA,A,403,103,73,70.87,78.64,1.0,Theory,No,Yes,No,Rainy,No,13.6,Morning,Provided - user uploaded timetable,Synthetic development data
01-01-2026,Thursday,3,11:15,12:15,Software Project Management,IT24,F_JSP_MST,2,MCA,A,403,103,84,81.55,70.87,1.0,Theory,No,No,No,Sunny,No,3.2,Morning,Provided - user uploaded timetable,Synthetic development data
01-01-2026,Thursday,4,13:30,14:30,Club Activities,CLUB,TBD,2,MCA,A,403,103,76,73.79,81.55,2.25,Special Event,No,No,No,Rainy,Yes,,Afternoon,Provided - user uploaded timetable,Synthetic development data
01-01-2026,Thursday,5,14:30,15:30,IRP,IRP2,F_SDM,2,MCA,A,403,103,66,64.08,73.79,1.0,Theory,No,No,No,Rainy,No,7.5,Afternoon,Provided - user uploaded timetable,Synthetic development data
02-01-2026,Friday,1,09:15,10:15,Cyber Security Practical,ITL21-CYBER,F_DPY_MSU_MLK_MST,2,MCA,A,401/402,103,83,80.58,64.08,18.75,Practical,No,No,No,Cloudy,No,9.5,Morning,Provided - user uploaded timetable,Synthetic development data
02-01-2026,Friday,2,10:15,11:15,Cyber Security Practical,ITL21-CYBER,F_DPY_MSU_MLK_MST,2,MCA,A,401/402,103,83,80.58,80.58,1.0,Practical,No,Yes,No,Sunny,No,12.0,Morning,Provided - user uploaded timetable,Synthetic development data
02-01-2026,Friday,3,11:15,12:15,Research Methodology,IT25,F_MLK,2,MCA,A,403,103,77,74.76,80.58,1.0,Theory,No,No,No,Sunny,No,6.9,Morning,Provided - user uploaded timetable,Synthetic development data
02-01-2026,Friday,4,13:30,14:30,Mini Project - Faculty Interaction,ITC21,TBD,2,MCA,A,403,103,62,60.19,74.76,2.25,Project,No,No,No,Sunny,No,,Afternoon,Provided - user uploaded timetable,Synthetic development data
02-01-2026,Friday,5,14:30,15:30,Mini Project - Faculty Interaction,ITC21,TBD,2,MCA,A,403,103,63,61.17,60.19,1.0,Project,No,No,No,Cloudy,No,,Afternoon,Provided - user uploaded timetable,Synthetic development data
03-01-2026,Saturday,1,11:15,12:15,Training And Placement / Mini Project Training,P201,TBD,2,MCA,A,403,103,74,71.84,61.17,20.75,Project,No,No,No,Rainy,No,,Morning,Provided - user uploaded timetable,Synthetic development data
05-01-2026,Monday,1,09:15,10:15,Full Stack Development,IT22,F_ASP_RSZ,2,MCA,A,403,103,79,76.7,71.84,46.0,Theory,No,No,No,Sunny,No,5.4,Morning,Provided - user uploaded timetable,Synthetic development data
05-01-2026,Monday,2,10:15,11:15,Java Programming,IT21,F_VSN_SDM,2,MCA,A,403,103,74,71.84,76.7,1.0,Theory,No,No,No,Cloudy,No,11.7,Morning,Provided - user uploaded timetable,Synthetic development data
05-01-2026,Monday,3,11:15,12:15,Software Project Management,IT24,F_JSP_MST,2,MCA,A,403,103,78,75.73,71.84,1.0,Theory,No,No,No,Cloudy,No,4.9,Morning,Provided - user uploaded timetable,Synthetic development data
05-01-2026,Monday,4,13:30,14:30,Java Practical,ITL21-JAVA,F_SDM_VSN_KSD_SSP,2,MCA,A,401/402,103,83,80.58,75.73,2.25,Practical,No,No,No,Sunny,No,11.8,Afternoon,Provided - user uploaded timetable,Synthetic development data
05-01-2026,Monday,5,14:30,15:30,Java Practical,ITL21-JAVA,F_SDM_VSN_KSD_SSP,2,MCA,A,401/402,103,76,73.79,80.58,1.0,Practical,No,No,No,Sunny,No,12.3,Afternoon,Provided - user uploaded timetable,Synthetic development data
06-01-2026,Tuesday,1,09:15,10:15,Cyber Security,IT23,F_DPY,2,MCA,A,403,103,74,71.84,73.79,18.75,Theory,No,No,No,Rainy,No,11.9,Morning,Provided - user uploaded timetable,Synthetic development data
06-01-2026,Tuesday,2,10:15,11:15,Java Programming,IT21,F_VSN_SDM,2,MCA,A,403,103,76,73.79,71.84,1.0,Theory,No,Yes,No,Rainy,No,5.9,Morning,Provided - user uploaded timetable,Synthetic development data
06-01-2026,Tuesday,3,11:15,12:15,Software Project Management,IT24,F_JSP_MST,2,MCA,A,403,103,85,82.52,73.79,1.0,Theory,No,No,No,Sunny,No,6.9,Morning,Provided - user uploaded timetable,Synthetic development data
06-01-2026,Tuesday,4,13:30,14:30,Full Stack Development Practical,ITL21-FSD,F_ASP_RSZ_SP_KSD,2,MCA,A,401/402,103,76,73.79,82.52,2.25,Practical,No,No,No,Rainy,No,13.9,Afternoon,Provided - user uploaded timetable,Synthetic development data
06-01-2026,Tuesday,5,14:30,15:30,Full Stack Development Practical,ITL21-FSD,F_ASP_RSZ_SP_KSD,2,MCA,A,401/402,103,83,80.58,73.79,1.0,Practical,No,No,No,Sunny,No,14.1,Afternoon,Provided - user uploaded timetable,Synthetic development data
07-01-2026,Wednesday,1,09:15,10:15,Java Programming,IT21,F_VSN_SDM,2,MCA,A,403,103,81,78.64,80.58,18.75,Theory,No,No,No,Rainy,No,11.8,Morning,Provided - user uploaded timetable,Synthetic development data
07-01-2026,Wednesday,2,10:15,11:15,Full Stack Development,IT22,F_ASP_RSZ,2,MCA,A,403,103,77,74.76,78.64,1.0,Theory,No,No,No,Cloudy,No,14.9,Morning,Provided - user uploaded timetable,Synthetic development data
07-01-2026,Wednesday,3,11:15,12:15,Cyber Security,IT23,F_DPY,2,MCA,A,403,103,67,65.05,74.76,1.0,Theory,No,No,No,Rainy,No,7.9,Morning,Provided - user uploaded timetable,Synthetic development data
07-01-2026,Wednesday,4,13:30,14:30,Research Methodology,IT25,F_MLK,2,MCA,A,403,103,67,65.05,65.05,2.25,Theory,No,Yes,No,Sunny,No,9.6,Afternoon,Provided - user uploaded timetable,Synthetic development data
07-01-2026,Wednesday,5,14:30,15:30,Research Methodology,IT25,F_MLK,2,MCA,A,403,103,69,66.99,65.05,1.0,Theory,No,No,No,Sunny,No,11.2,Afternoon,Provided - user uploaded timetable,Synthetic development data
08-01-2026,Thursday,1,09:15,10:15,Full Stack Development,IT22,F_ASP_RSZ,2,MCA,A,403,103,75,72.82,66.99,18.75,Theory,No,Yes,No,Rainy,No,14.8,Morning,Provided - user uploaded timetable,Synthetic development data
08-01-2026,Thursday,2,10:15,11:15,Cyber Security,IT23,F_DPY,2,MCA,A,403,103,77,74.76,72.82,1.0,Theory,No,No,No,Cloudy,No,12.4,Morning,Provided - user uploaded timetable,Synthetic development data
08-01-2026,Thursday,3,11:15,12:15,Software Project Management,IT24,F_JSP_MST,2,MCA,A,403,103,86,83.5,74.76,1.0,Theory,No,No,No,Rainy,No,7.8,Morning,Provided - user uploaded timetable,Synthetic development data
08-01-2026,Thursday,4,13:30,14:30,Club Activities,CLUB,TBD,2,MCA,A,403,103,73,70.87,83.5,2.25,Special Event,No,No,No,Sunny,Yes,,Afternoon,Provided - user uploaded timetable,Synthetic development data
08-01-2026,Thursday,5,14:30,15:30,IRP,IRP2,F_SDM,2,MCA,A,403,103,63,61.17,70.87,1.0,Theory,No,Yes,No,Rainy,No,3.3,Afternoon,Provided - user uploaded timetable,Synthetic development data
09-01-2026,Friday,1,09:15,10:15,Cyber Security Practical,ITL21-CYBER,F_DPY_MSU_MLK_MST,2,MCA,A,401/402,103,80,77.67,61.17,18.75,Practical,No,No,No,Sunny,No,14.6,Morning,Provided - user uploaded timetable,Synthetic development data
09-01-2026,Friday,2,10:15,11:15,Cyber Security Practical,ITL21-CYBER,F_DPY_MSU_MLK_MST,2,MCA,A,401/402,103,79,76.7,77.67,1.0,Practical,No,No,No,Rainy,No,6.1,Morning,Provided - user uploaded timetable,Synthetic development data
09-01-2026,Friday,3,11:15,12:15,Research Methodology,IT25,F_MLK,2,MCA,A,403,103,80,77.67,76.7,1.0,Theory,Yes,No,No,Rainy,No,4.0,Morning,Provided - user uploaded timetable,Synthetic development data
09-01-2026,Friday,4,13:30,14:30,Mini Project - Faculty Interaction,ITC21,TBD,2,MCA,A,403,103,79,76.7,77.67,2.25,Project,No,Yes,No,Sunny,No,,Afternoon,Provided - user uploaded timetable,Synthetic development data
09-01-2026,Friday,5,14:30,15:30,Mini Project - Faculty Interaction,ITC21,TBD,2,MCA,A,403,103,72,69.9,76.7,1.0,Project,Yes,Yes,No,Sunny,No,,Afternoon,Provided - user uploaded timetable,Synthetic development data
10-01-2026,Saturday,1,11:15,12:15,Training And Placement / Mini Project Training,P201,TBD,2,MCA,A,403,103,67,65.05,69.9,20.75,Project,No,No,No,Sunny,No,,Morning,Provided - user uploaded timetable,Synthetic development data
12-01-2026,Monday,1,09:15,10:15,Full Stack Development,IT22,F_ASP_RSZ,2,MCA,A,403,103,65,63.11,65.05,46.0,Theory,No,No,No,Sunny,No,13.4,Morning,Provided - user uploaded timetable,Synthetic development data
12-01-2026,Monday,2,10:15,11:15,Java Programming,IT21,F_VSN_SDM,2,MCA,A,403,103,86,83.5,63.11,1.0,Theory,No,No,No,Rainy,No,11.1,Morning,Provided - user uploaded timetable,Synthetic development data
12-01-2026,Monday,3,11:15,12:15,Software Project Management,IT24,F_JSP_MST,2,MCA,A,403,103,81,78.64,83.5,1.0,Theory,No,No,No,Rainy,No,8.9,Morning,Provided - user uploaded timetable,Synthetic development data
12-01-2026,Monday,4,13:30,14:30,Java Practical,ITL21-JAVA,F_SDM_VSN_KSD_SSP,2,MCA,A,401/402,103,81,78.64,78.64,2.25,Practical,No,No,No,Rainy,No,3.3,Afternoon,Provided - user uploaded timetable,Synthetic development data
12-01-2026,Monday,5,14:30,15:30,Java Practical,ITL21-JAVA,F_SDM_VSN_KSD_SSP,2,MCA,A,401/402,103,83,80.58,78.64,1.0,Practical,No,No,No,Sunny,No,11.7,Afternoon,Provided - user uploaded timetable,Synthetic development data
13-01-2026,Tuesday,1,09:15,10:15,Cyber Security,IT23,F_DPY,2,MCA,A,403,103,70,67.96,80.58,18.75,Theory,No,No,No,Cloudy,No,9.3,Morning,Provided - user uploaded timetable,Synthetic development data
13-01-2026,Tuesday,2,10:15,11:15,Java Programming,IT21,F_VSN_SDM,2,MCA,A,403,103,79,76.7,67.96,1.0,Theory,No,No,No,Rainy,No,13.8,Morning,Provided - user uploaded timetable,Synthetic development data
13-01-2026,Tuesday,3,11:15,12:15,Software Project Management,IT24,F_JSP_MST,2,MCA,A,403,103,85,82.52,76.7,1.0,Theory,No,No,No,Rainy,No,9.2,Morning,Provided - user uploaded timetable,Synthetic development data
13-01-2026,Tuesday,4,13:30,14:30,Full Stack Development Practical,ITL21-FSD,F_ASP_RSZ_SP_KSD,2,MCA,A,401/402,103,84,81.55,82.52,2.25,Practical,No,Yes,No,Cloudy,No,13.7,Afternoon,Provided - user uploaded timetable,Synthetic development data
13-01-2026,Tuesday,5,14:30,15:30,Full Stack Development Practical,ITL21-FSD,F_ASP_RSZ_SP_KSD,2,MCA,A,401/402,103,80,77.67,81.55,1.0,Practical,No,No,No,Cloudy,No,4.7,Afternoon,Provided - user uploaded timetable,Synthetic development data
14-01-2026,Wednesday,1,09:15,10:15,Java Programming,IT21,F_VSN_SDM,2,MCA,A,403,103,79,76.7,77.67,18.75,Theory,No,No,No,Cloudy,No,4.1,Morning,Provided - user uploaded timetable,Synthetic development data
14-01-2026,Wednesday,2,10:15,11:15,Full Stack Development,IT22,F_ASP_RSZ,2,MCA,A,403,103,71,68.93,76.7,1.0,Theory,No,No,No,Sunny,No,13.2,Morning,Provided - user uploaded timetable,Synthetic development data
14-01-2026,Wednesday,3,11:15,12:15,Cyber Security,IT23,F_DPY,2,MCA,A,403,103,76,73.79,68.93,1.0,Theory,No,No,No,Cloudy,No,6.5,Morning,Provided - user uploaded timetable,Synthetic development data
14-01-2026,Wednesday,4,13:30,14:30,Research Methodology,IT25,F_MLK,2,MCA,A,403,103,72,69.9,73.79,2.25,Theory,No,No,No,Sunny,No,2.3,Afternoon,Provided - user uploaded timetable,Synthetic development data
14-01-2026,Wednesday,5,14:30,15:30,Research Methodology,IT25,F_MLK,2,MCA,A,403,103,71,68.93,69.9,1.0,Theory,No,No,No,Sunny,No,14.6,Afternoon,Provided - user uploaded timetable,Synthetic development data
15-01-2026,Thursday,1,09:15,10:15,Full Stack Development,IT22,F_ASP_RSZ,2,MCA,A,403,103,77,74.76,68.93,18.75,Theory,Yes,No,No,Rainy,No,14.0,Morning,Provided - user uploaded timetable,Synthetic development data
15-01-2026,Thursday,2,10:15,11:15,Cyber Security,IT23,F_DPY,2,MCA,A,403,103,76,73.79,74.76,1.0,Theory,No,No,No,Rainy,No,11.6,Morning,Provided - user uploaded timetable,Synthetic development data
15-01-2026,Thursday,3,11:15,12:15,Software Project Management,IT24,F_JSP_MST,2,MCA,A,403,103,90,87.38,73.79,1.0,Theory,No,No,No,Rainy,No,14.0,Morning,Provided - user uploaded timetable,Synthetic development data
15-01-2026,Thursday,4,13:30,14:30,Club Activities,CLUB,TBD,2,MCA,A,403,103,69,66.99,87.38,2.25,Special Event,No,No,No,Sunny,Yes,,Afternoon,Provided - user uploaded timetable,Synthetic development data
15-01-2026,Thursday,5,14:30,15:30,IRP,IRP2,F_SDM,2,MCA,A,403,103,68,66.02,66.99,1.0,Theory,No,No,No,Cloudy,No,10.7,Afternoon,Provided - user uploaded timetable,Synthetic development data
16-01-2026,Friday,1,09:15,10:15,Cyber Security Practical,ITL21-CYBER,F_DPY_MSU_MLK_MST,2,MCA,A,401/402,103,84,81.55,66.02,18.75,Practical,No,No,No,Rainy,No,4.2,Morning,Provided - user uploaded timetable,Synthetic development data
16-01-2026,Friday,2,10:15,11:15,Cyber Security Practical,ITL21-CYBER,F_DPY_MSU_MLK_MST,2,MCA,A,401/402,103,87,84.47,81.55,1.0,Practical,No,No,No,Rainy,No,10.1,Morning,Provided - user uploaded timetable,Synthetic development data
16-01-2026,Friday,3,11:15,12:15,Research Methodology,IT25,F_MLK,2,MCA,A,403,103,76,73.79,84.47,1.0,Theory,No,No,No,Sunny,No,10.7,Morning,Provided - user uploaded timetable,Synthetic development data
16-01-2026,Friday,4,13:30,14:30,Mini Project - Faculty Interaction,ITC21,TBD,2,MCA,A,403,103,66,64.08,73.79,2.25,Project,No,No,No,Sunny,No,,Afternoon,Provided - user uploaded timetable,Synthetic development data
16-01-2026,Friday,5,14:30,15:30,Mini Project - Faculty Interaction,ITC21,TBD,2,MCA,A,403,103,78,75.73,64.08,1.0,Project,Yes,No,No,Rainy,No,,Afternoon,Provided - user uploaded timetable,Synthetic development data
17-01-2026,Saturday,1,11:15,12:15,Training And Placement / Mini Project Training,P201,TBD,2,MCA,A,403,103,70,67.96,75.73,20.75,Project,No,No,No,Cloudy,No,,Morning,Provided - user uploaded timetable,Synthetic development data
19-01-2026,Monday,1,09:15,10:15,Full Stack Development,IT22,F_ASP_RSZ,2,MCA,A,403,103,73,70.87,67.96,46.0,Theory,No,No,No,Cloudy,No,10.0,Morning,Provided - user uploaded timetable,Synthetic development data
19-01-2026,Monday,2,10:15,11:15,Java Programming,IT21,F_VSN_SDM,2,MCA,A,403,103,78,75.73,70.87,1.0,Theory,No,No,No,Rainy,No,7.8,Morning,Provided - user uploaded timetable,Synthetic development data
19-01-2026,Monday,3,11:15,12:15,Software Project Management,IT24,F_JSP_MST,2,MCA,A,403,103,81,78.64,75.73,1.0,Theory,No,No,No,Cloudy,No,5.4,Morning,Provided - user uploaded timetable,Synthetic development data
19-01-2026,Monday,4,13:30,14:30,Java Practical,ITL21-JAVA,F_SDM_VSN_KSD_SSP,2,MCA,A,401/402,103,80,77.67,78.64,2.25,Practical,No,No,No,Rainy,No,8.3,Afternoon,Provided - user uploaded timetable,Synthetic development data
19-01-2026,Monday,5,14:30,15:30,Java Practical,ITL21-JAVA,F_SDM_VSN_KSD_SSP,2,MCA,A,401/402,103,74,71.84,77.67,1.0,Practical,No,No,No,Rainy,No,5.7,Afternoon,Provided - user uploaded timetable,Synthetic development data
20-01-2026,Tuesday,1,09:15,10:15,Cyber Security,IT23,F_DPY,2,MCA,A,403,103,70,67.96,71.84,18.75,Theory,No,Yes,No,Cloudy,No,5.9,Morning,Provided - user uploaded timetable,Synthetic development data
20-01-2026,Tuesday,2,10:15,11:15,Java Programming,IT21,F_VSN_SDM,2,MCA,A,403,103,80,77.67,67.96,1.0,Theory,No,No,No,Cloudy,No,9.0,Morning,Provided - user uploaded timetable,Synthetic development data
20-01-2026,Tuesday,3,11:15,12:15,Software Project Management,IT24,F_JSP_MST,2,MCA,A,403,103,85,82.52,77.67,1.0,Theory,No,No,No,Sunny,No,8.3,Morning,Provided - user uploaded timetable,Synthetic development data
20-01-2026,Tuesday,4,13:30,14:30,Full Stack Development Practical,ITL21-FSD,F_ASP_RSZ_SP_KSD,2,MCA,A,401/402,103,76,73.79,82.52,2.25,Practical,No,No,No,Cloudy,No,6.4,Afternoon,Provided - user uploaded timetable,Synthetic development data
20-01-2026,Tuesday,5,14:30,15:30,Full Stack Development Practical,ITL21-FSD,F_ASP_RSZ_SP_KSD,2,MCA,A,401/402,103,84,81.55,73.79,1.0,Practical,No,No,No,Sunny,No,12.9,Afternoon,Provided - user uploaded timetable,Synthetic development data
21-01-2026,Wednesday,1,09:15,10:15,Java Programming,IT21,F_VSN_SDM,2,MCA,A,403,103,75,72.82,81.55,18.75,Theory,No,No,No,Cloudy,No,12.9,Morning,Provided - user uploaded timetable,Synthetic development data
21-01-2026,Wednesday,2,10:15,11:15,Full Stack Development,IT22,F_ASP_RSZ,2,MCA,A,403,103,71,68.93,72.82,1.0,Theory,No,No,No,Sunny,No,15.0,Morning,Provided - user uploaded timetable,Synthetic development data
21-01-2026,Wednesday,3,11:15,12:15,Cyber Security,IT23,F_DPY,2,MCA,A,403,103,77,74.76,68.93,1.0,Theory,No,No,No,Rainy,No,2.5,Morning,Provided - user uploaded timetable,Synthetic development data
21-01-2026,Wednesday,4,13:30,14:30,Research Methodology,IT25,F_MLK,2,MCA,A,403,103,73,70.87,74.76,2.25,Theory,Yes,No,No,Sunny,No,10.1,Afternoon,Provided - user uploaded timetable,Synthetic development data
21-01-2026,Wednesday,5,14:30,15:30,Research Methodology,IT25,F_MLK,2,MCA,A,403,103,72,69.9,70.87,1.0,Theory,No,No,No,Sunny,No,9.3,Afternoon,Provided - user uploaded timetable,Synthetic development data
22-01-2026,Thursday,1,09:15,10:15,Full Stack Development,IT22,F_ASP_RSZ,2,MCA,A,403,103,88,85.44,69.9,18.75,Theory,No,No,No,Cloudy,No,13.1,Morning,Provided - user uploaded timetable,Synthetic development data
22-01-2026,Thursday,2,10:15,11:15,Cyber Security,IT23,F_DPY,2,MCA,A,403,103,77,74.76,85.44,1.0,Theory,No,No,No,Rainy,No,12.2,Morning,Provided - user uploaded timetable,Synthetic development data
22-01-2026,Thursday,3,11:15,12:15,Software Project Management,IT24,F_JSP_MST,2,MCA,A,403,103,74,71.84,74.76,1.0,Theory,No,No,No,Cloudy,No,2.9,Morning,Provided - user uploaded timetable,Synthetic development data
22-01-2026,Thursday,4,13:30,14:30,Club Activities,CLUB,TBD,2,MCA,A,403,103,71,68.93,71.84,2.25,Special Event,No,Yes,No,Cloudy,Yes,,Afternoon,Provided - user uploaded timetable,Synthetic development data
22-01-2026,Thursday,5,14:30,15:30,IRP,IRP2,F_SDM,2,MCA,A,403,103,62,60.19,68.93,1.0,Theory,No,Yes,No,Cloudy,No,10.3,Afternoon,Provided - user uploaded timetable,Synthetic development data
23-01-2026,Friday,1,09:15,10:15,Cyber Security Practical,ITL21-CYBER,F_DPY_MSU_MLK_MST,2,MCA,A,401/402,103,90,87.38,60.19,18.75,Practical,No,No,No,Cloudy,No,2.4,Morning,Provided - user uploaded timetable,Synthetic development data
23-01-2026,Friday,2,10:15,11:15,Cyber Security Practical,ITL21-CYBER,F_DPY_MSU_MLK_MST,2,MCA,A,401/402,103,95,92.23,87.38,1.0,Practical,No,No,No,Sunny,No,6.6,Morning,Provided - user uploaded timetable,Synthetic development data
23-01-2026,Friday,3,11:15,12:15,Research Methodology,IT25,F_MLK,2,MCA,A,403,103,75,72.82,92.23,1.0,Theory,No,No,No,Rainy,No,11.1,Morning,Provided - user uploaded timetable,Synthetic development data
23-01-2026,Friday,4,13:30,14:30,Mini Project - Faculty Interaction,ITC21,TBD,2,MCA,A,403,103,68,66.02,72.82,2.25,Project,No,Yes,No,Sunny,No,,Afternoon,Provided - user uploaded timetable,Synthetic development data
23-01-2026,Friday,5,14:30,15:30,Mini Project - Faculty Interaction,ITC21,TBD,2,MCA,A,403,103,68,66.02,66.02,1.0,Project,No,No,No,Cloudy,No,,Afternoon,Provided - user uploaded timetable,Synthetic development data
24-01-2026,Saturday,1,11:15,12:15,Training And Placement / Mini Project Training,P201,TBD,2,MCA,A,403,103,67,65.05,66.02,20.75,Project,No,No,No,Sunny,No,,Morning,Provided - user uploaded timetable,Synthetic development data
27-01-2026,Tuesday,1,09:15,10:15,Cyber Security,IT23,F_DPY,2,MCA,A,403,103,67,65.05,65.05,70.0,Theory,No,No,Yes,Cloudy,No,5.6,Morning,Provided - user uploaded timetable,Synthetic development data
27-01-2026,Tuesday,2,10:15,11:15,Java Programming,IT21,F_VSN_SDM,2,MCA,A,403,103,89,86.41,65.05,1.0,Theory,No,No,Yes,Rainy,No,5.7,Morning,Provided - user uploaded timetable,Synthetic development data
27-01-2026,Tuesday,3,11:15,12:15,Software Project Management,IT24,F_JSP_MST,2,MCA,A,403,103,77,74.76,86.41,1.0,Theory,No,No,Yes,Sunny,No,6.7,Morning,Provided - user uploaded timetable,Synthetic development data
27-01-2026,Tuesday,4,13:30,14:30,Full Stack Development Practical,ITL21-FSD,F_ASP_RSZ_SP_KSD,2,MCA,A,401/402,103,72,69.9,74.76,2.25,Practical,No,No,Yes,Sunny,No,5.6,Afternoon,Provided - user uploaded timetable,Synthetic development data
27-01-2026,Tuesday,5,14:30,15:30,Full Stack Development Practical,ITL21-FSD,F_ASP_RSZ_SP_KSD,2,MCA,A,401/402,103,71,68.93,69.9,1.0,Practical,No,No,Yes,Rainy,No,14.3,Afternoon,Provided - user uploaded timetable,Synthetic development data
28-01-2026,Wednesday,1,09:15,10:15,Java Programming,IT21,F_VSN_SDM,2,MCA,A,403,103,77,74.76,68.93,18.75,Theory,No,No,No,Sunny,No,14.9,Morning,Provided - user uploaded timetable,Synthetic development data
28-01-2026,Wednesday,2,10:15,11:15,Full Stack Development,IT22,F_ASP_RSZ,2,MCA,A,403,103,70,67.96,74.76,1.0,Theory,No,No,No,Rainy,No,9.7,Morning,Provided - user uploaded timetable,Synthetic development data
28-01-2026,Wednesday,3,11:15,12:15,Cyber Security,IT23,F_DPY,2,MCA,A,403,103,72,69.9,67.96,1.0,Theory,No,No,No,Cloudy,No,7.9,Morning,Provided - user uploaded timetable,Synthetic development data
28-01-2026,Wednesday,4,13:30,14:30,Research Methodology,IT25,F_MLK,2,MCA,A,403,103,75,72.82,69.9,2.25,Theory,No,No,No,Cloudy,No,6.0,Afternoon,Provided - user uploaded timetable,Synthetic development data
28-01-2026,Wednesday,5,14:30,15:30,Research Methodology,IT25,F_MLK,2,MCA,A,403,103,72,69.9,72.82,1.0,Theory,No,No,No,Rainy,No,3.3,Afternoon,Provided - user uploaded timetable,Synthetic development data
29-01-2026,Thursday,1,09:15,10:15,Full Stack Development,IT22,F_ASP_RSZ,2,MCA,A,403,103,79,76.7,69.9,18.75,Theory,No,No,No,Sunny,No,7.5,Morning,Provided - user uploaded timetable,Synthetic development data
29-01-2026,Thursday,2,10:15,11:15,Cyber Security,IT23,F_DPY,2,MCA,A,403,103,68,66.02,76.7,1.0,Theory,No,No,No,Cloudy,No,12.7,Morning,Provided - user uploaded timetable,Synthetic development data
29-01-2026,Thursday,3,11:15,12:15,Software Project Management,IT24,F_JSP_MST,2,MCA,A,403,103,82,79.61,66.02,1.0,Theory,Yes,No,No,Cloudy,No,9.7,Morning,Provided - user uploaded timetable,Synthetic development data
29-01-2026,Thursday,4,13:30,14:30,Club Activities,CLUB,TBD,2,MCA,A,403,103,71,68.93,79.61,2.25,Special Event,No,No,No,Cloudy,Yes,,Afternoon,Provided - user uploaded timetable,Synthetic development data
29-01-2026,Thursday,5,14:30,15:30,IRP,IRP2,F_SDM,2,MCA,A,403,103,73,70.87,68.93,1.0,Theory,No,No,No,Rainy,No,7.2,Afternoon,Provided - user uploaded timetable,Synthetic development data
30-01-2026,Friday,1,09:15,10:15,Cyber Security Practical,ITL21-CYBER,F_DPY_MSU_MLK_MST,2,MCA,A,401/402,103,88,85.44,70.87,18.75,Practical,No,No,No,Sunny,No,15.0,Morning,Provided - user uploaded timetable,Synthetic development data
30-01-2026,Friday,2,10:15,11:15,Cyber Security Practical,ITL21-CYBER,F_DPY_MSU_MLK_MST,2,MCA,A,401/402,103,100,97.09,85.44,1.0,Practical,No,No,No,Sunny,No,8.1,Morning,Provided - user uploaded timetable,Synthetic development data
30-01-2026,Friday,3,11:15,12:15,Research Methodology,IT25,F_MLK,2,MCA,A,403,103,79,76.7,97.09,1.0,Theory,No,No,No,Sunny,No,13.2,Morning,Provided - user uploaded timetable,Synthetic development data
30-01-2026,Friday,4,13:30,14:30,Mini Project - Faculty Interaction,ITC21,TBD,2,MCA,A,403,103,78,75.73,76.7,2.25,Project,No,No,No,Cloudy,No,,Afternoon,Provided - user uploaded timetable,Synthetic development data
30-01-2026,Friday,5,14:30,15:30,Mini Project - Faculty Interaction,ITC21,TBD,2,MCA,A,403,103,77,74.76,75.73,1.0,Project,No,No,No,Rainy,No,,Afternoon,Provided - user uploaded timetable,Synthetic development data
31-01-2026,Saturday,1,11:15,12:15,Training And Placement / Mini Project Training,P201,TBD,2,MCA,A,403,103,64,62.14,74.76,20.75,Project,No,No,No,Cloudy,No,,Morning,Provided - user uploaded timetable,Synthetic development data
02-02-2026,Monday,1,09:15,10:15,Full Stack Development,IT22,F_ASP_RSZ,2,MCA,A,403,103,90,87.38,62.14,46.0,Theory,No,No,No,Cloudy,No,9.2,Morning,Provided - user uploaded timetable,Synthetic development data
02-02-2026,Monday,2,10:15,11:15,Java Programming,IT21,F_VSN_SDM,2,MCA,A,403,103,72,69.9,87.38,1.0,Theory,No,Yes,No,Sunny,No,8.0,Morning,Provided - user uploaded timetable,Synthetic development data
02-02-2026,Monday,3,11:15,12:15,Software Project Management,IT24,F_JSP_MST,2,MCA,A,403,103,84,81.55,69.9,1.0,Theory,No,No,No,Cloudy,No,14.1,Morning,Provided - user uploaded timetable,Synthetic development data
02-02-2026,Monday,4,13:30,14:30,Java Practical,ITL21-JAVA,F_SDM_VSN_KSD_SSP,2,MCA,A,401/402,103,74,71.84,81.55,2.25,Practical,No,No,No,Cloudy,No,12.9,Afternoon,Provided - user uploaded timetable,Synthetic development data
02-02-2026,Monday,5,14:30,15:30,Java Practical,ITL21-JAVA,F_SDM_VSN_KSD_SSP,2,MCA,A,401/402,103,80,77.67,71.84,1.0,Practical,No,No,No,Rainy,No,3.9,Afternoon,Provided - user uploaded timetable,Synthetic development data
03-02-2026,Tuesday,1,09:15,10:15,Cyber Security,IT23,F_DPY,2,MCA,A,403,103,70,67.96,77.67,18.75,Theory,No,No,No,Cloudy,No,7.9,Morning,Provided - user uploaded timetable,Synthetic development data
03-02-2026,Tuesday,2,10:15,11:15,Java Programming,IT21,F_VSN_SDM,2,MCA,A,403,103,82,79.61,67.96,1.0,Theory,No,No,No,Rainy,No,5.1,Morning,Provided - user uploaded timetable,Synthetic development data
03-02-2026,Tuesday,3,11:15,12:15,Software Project Management,IT24,F_JSP_MST,2,MCA,A,403,103,81,78.64,79.61,1.0,Theory,No,No,No,Cloudy,No,2.6,Morning,Provided - user uploaded timetable,Synthetic development data
03-02-2026,Tuesday,4,13:30,14:30,Full Stack Development Practical,ITL21-FSD,F_ASP_RSZ_SP_KSD,2,MCA,A,401/402,103,79,76.7,78.64,2.25,Practical,No,No,No,Cloudy,No,7.0,Afternoon,Provided - user uploaded timetable,Synthetic development data
03-02-2026,Tuesday,5,14:30,15:30,Full Stack Development Practical,ITL21-FSD,F_ASP_RSZ_SP_KSD,2,MCA,A,401/402,103,93,90.29,76.7,1.0,Practical,No,No,No,Sunny,No,8.4,Afternoon,Provided - user uploaded timetable,Synthetic development data
04-02-2026,Wednesday,1,09:15,10:15,Java Programming,IT21,F_VSN_SDM,2,MCA,A,403,103,77,74.76,90.29,18.75,Theory,No,No,No,Rainy,No,13.2,Morning,Provided - user uploaded timetable,Synthetic development data
04-02-2026,Wednesday,2,10:15,11:15,Full Stack Development,IT22,F_ASP_RSZ,2,MCA,A,403,103,78,75.73,74.76,1.0,Theory,No,No,No,Rainy,No,13.5,Morning,Provided - user uploaded timetable,Synthetic development data
04-02-2026,Wednesday,3,11:15,12:15,Cyber Security,IT23,F_DPY,2,MCA,A,403,103,77,74.76,75.73,1.0,Theory,No,No,No,Rainy,No,2.9,Morning,Provided - user uploaded timetable,Synthetic development data
04-02-2026,Wednesday,4,13:30,14:30,Research Methodology,IT25,F_MLK,2,MCA,A,403,103,76,73.79,74.76,2.25,Theory,No,No,No,Sunny,No,11.7,Afternoon,Provided - user uploaded timetable,Synthetic development data
04-02-2026,Wednesday,5,14:30,15:30,Research Methodology,IT25,F_MLK,2,MCA,A,403,103,65,63.11,73.79,1.0,Theory,No,Yes,No,Rainy,No,11.2,Afternoon,Provided - user uploaded timetable,Synthetic development data
05-02-2026,Thursday,1,09:15,10:15,Full Stack Development,IT22,F_ASP_RSZ,2,MCA,A,403,103,72,69.9,63.11,18.75,Theory,No,No,No,Cloudy,No,8.0,Morning,Provided - user uploaded timetable,Synthetic development data
05-02-2026,Thursday,2,10:15,11:15,Cyber Security,IT23,F_DPY,2,MCA,A,403,103,79,76.7,69.9,1.0,Theory,No,No,No,Cloudy,No,13.7,Morning,Provided - user uploaded timetable,Synthetic development data
05-02-2026,Thursday,3,11:15,12:15,Software Project Management,IT24,F_JSP_MST,2,MCA,A,403,103,91,88.35,76.7,1.0,Theory,No,No,No,Cloudy,No,14.3,Morning,Provided - user uploaded timetable,Synthetic development data
05-02-2026,Thursday,4,13:30,14:30,Club Activities,CLUB,TBD,2,MCA,A,403,103,73,70.87,88.35,2.25,Special Event,No,No,No,Cloudy,Yes,,Afternoon,Provided - user uploaded timetable,Synthetic development data
05-02-2026,Thursday,5,14:30,15:30,IRP,IRP2,F_SDM,2,MCA,A,403,103,59,57.28,70.87,1.0,Theory,No,No,No,Cloudy,No,4.6,Afternoon,Provided - user uploaded timetable,Synthetic development data
06-02-2026,Friday,1,09:15,10:15,Cyber Security Practical,ITL21-CYBER,F_DPY_MSU_MLK_MST,2,MCA,A,401/402,103,81,78.64,57.28,18.75,Practical,No,No,No,Sunny,No,10.3,Morning,Provided - user uploaded timetable,Synthetic development data
06-02-2026,Friday,2,10:15,11:15,Cyber Security Practical,ITL21-CYBER,F_DPY_MSU_MLK_MST,2,MCA,A,401/402,103,85,82.52,78.64,1.0,Practical,No,No,No,Rainy,No,12.0,Morning,Provided - user uploaded timetable,Synthetic development data
06-02-2026,Friday,3,11:15,12:15,Research Methodology,IT25,F_MLK,2,MCA,A,403,103,60,58.25,82.52,1.0,Theory,No,No,No,Sunny,No,13.7,Morning,Provided - user uploaded timetable,Synthetic development data
06-02-2026,Friday,4,13:30,14:30,Mini Project - Faculty Interaction,ITC21,TBD,2,MCA,A,403,103,67,65.05,58.25,2.25,Project,No,No,No,Cloudy,No,,Afternoon,Provided - user uploaded timetable,Synthetic development data
06-02-2026,Friday,5,14:30,15:30,Mini Project - Faculty Interaction,ITC21,TBD,2,MCA,A,403,103,71,68.93,65.05,1.0,Project,Yes,No,No,Sunny,No,,Afternoon,Provided - user uploaded timetable,Synthetic development data
07-02-2026,Saturday,1,11:15,12:15,Training And Placement / Mini Project Training,P201,TBD,2,MCA,A,403,103,74,71.84,68.93,20.75,Project,No,No,No,Rainy,No,,Morning,Provided - user uploaded timetable,Synthetic development data
09-02-2026,Monday,1,09:15,10:15,Full Stack Development,IT22,F_ASP_RSZ,2,MCA,A,403,103,84,81.55,71.84,46.0,Theory,No,No,No,Sunny,No,5.4,Morning,Provided - user uploaded timetable,Synthetic development data
09-02-2026,Monday,2,10:15,11:15,Java Programming,IT21,F_VSN_SDM,2,MCA,A,403,103,81,78.64,81.55,1.0,Theory,No,No,No,Rainy,No,10.7,Morning,Provided - user uploaded timetable,Synthetic development data
09-02-2026,Monday,3,11:15,12:15,Software Project Management,IT24,F_JSP_MST,2,MCA,A,403,103,75,72.82,78.64,1.0,Theory,No,No,No,Cloudy,No,3.4,Morning,Provided - user uploaded timetable,Synthetic development data
09-02-2026,Monday,4,13:30,14:30,Java Practical,ITL21-JAVA,F_SDM_VSN_KSD_SSP,2,MCA,A,401/402,103,85,82.52,72.82,2.25,Practical,No,Yes,No,Rainy,No,6.3,Afternoon,Provided - user uploaded timetable,Synthetic development data
09-02-2026,Monday,5,14:30,15:30,Java Practical,ITL21-JAVA,F_SDM_VSN_KSD_SSP,2,MCA,A,401/402,103,83,80.58,82.52,1.0,Practical,No,No,No,Rainy,No,12.7,Afternoon,Provided - user uploaded timetable,Synthetic development data
10-02-2026,Tuesday,1,09:15,10:15,Cyber Security,IT23,F_DPY,2,MCA,A,403,103,82,79.61,80.58,18.75,Theory,No,No,No,Rainy,No,7.3,Morning,Provided - user uploaded timetable,Synthetic development data
10-02-2026,Tuesday,2,10:15,11:15,Java Programming,IT21,F_VSN_SDM,2,MCA,A,403,103,75,72.82,79.61,1.0,Theory,No,Yes,No,Cloudy,No,4.8,Morning,Provided - user uploaded timetable,Synthetic development data
10-02-2026,Tuesday,3,11:15,12:15,Software Project Management,IT24,F_JSP_MST,2,MCA,A,403,103,91,88.35,72.82,1.0,Theory,No,No,No,Cloudy,No,3.3,Morning,Provided - user uploaded timetable,Synthetic development data
10-02-2026,Tuesday,4,13:30,14:30,Full Stack Development Practical,ITL21-FSD,F_ASP_RSZ_SP_KSD,2,MCA,A,401/402,103,72,69.9,88.35,2.25,Practical,No,No,No,Rainy,No,6.7,Afternoon,Provided - user uploaded timetable,Synthetic development data
10-02-2026,Tuesday,5,14:30,15:30,Full Stack Development Practical,ITL21-FSD,F_ASP_RSZ_SP_KSD,2,MCA,A,401/402,103,82,79.61,69.9,1.0,Practical,No,No,No,Sunny,No,14.3,Afternoon,Provided - user uploaded timetable,Synthetic development data
11-02-2026,Wednesday,1,09:15,10:15,Java Programming,IT21,F_VSN_SDM,2,MCA,A,403,103,78,75.73,79.61,18.75,Theory,Yes,No,No,Sunny,No,14.8,Morning,Provided - user uploaded timetable,Synthetic development data
11-02-2026,Wednesday,2,10:15,11:15,Full Stack Development,IT22,F_ASP_RSZ,2,MCA,A,403,103,83,80.58,75.73,1.0,Theory,No,No,No,Sunny,No,10.6,Morning,Provided - user uploaded timetable,Synthetic development data
11-02-2026,Wednesday,3,11:15,12:15,Cyber Security,IT23,F_DPY,2,MCA,A,403,103,76,73.79,80.58,1.0,Theory,Yes,Yes,No,Sunny,No,9.7,Morning,Provided - user uploaded timetable,Synthetic development data
11-02-2026,Wednesday,4,13:30,14:30,Research Methodology,IT25,F_MLK,2,MCA,A,403,103,68,66.02,73.79,2.25,Theory,Yes,No,No,Sunny,No,11.6,Afternoon,Provided - user uploaded timetable,Synthetic development data
11-02-2026,Wednesday,5,14:30,15:30,Research Methodology,IT25,F_MLK,2,MCA,A,403,103,76,73.79,66.02,1.0,Theory,No,No,No,Cloudy,No,7.8,Afternoon,Provided - user uploaded timetable,Synthetic development data
12-02-2026,Thursday,1,09:15,10:15,Full Stack Development,IT22,F_ASP_RSZ,2,MCA,A,403,103,82,79.61,73.79,18.75,Theory,No,No,No,Rainy,No,10.2,Morning,Provided - user uploaded timetable,Synthetic development data
12-02-2026,Thursday,2,10:15,11:15,Cyber Security,IT23,F_DPY,2,MCA,A,403,103,77,74.76,79.61,1.0,Theory,No,No,No,Rainy,No,8.9,Morning,Provided - user uploaded timetable,Synthetic development data
12-02-2026,Thursday,3,11:15,12:15,Software Project Management,IT24,F_JSP_MST,2,MCA,A,403,103,80,77.67,74.76,1.0,Theory,No,No,No,Sunny,No,12.3,Morning,Provided - user uploaded timetable,Synthetic development data
12-02-2026,Thursday,4,13:30,14:30,Club Activities,CLUB,TBD,2,MCA,A,403,103,69,66.99,77.67,2.25,Special Event,No,No,No,Rainy,Yes,,Afternoon,Provided - user uploaded timetable,Synthetic development data
12-02-2026,Thursday,5,14:30,15:30,IRP,IRP2,F_SDM,2,MCA,A,403,103,74,71.84,66.99,1.0,Theory,No,No,No,Cloudy,No,13.5,Afternoon,Provided - user uploaded timetable,Synthetic development data
13-02-2026,Friday,1,09:15,10:15,Cyber Security Practical,ITL21-CYBER,F_DPY_MSU_MLK_MST,2,MCA,A,401/402,103,90,87.38,71.84,18.75,Practical,No,No,No,Sunny,No,7.3,Morning,Provided - user uploaded timetable,Synthetic development data
13-02-2026,Friday,2,10:15,11:15,Cyber Security Practical,ITL21-CYBER,F_DPY_MSU_MLK_MST,2,MCA,A,401/402,103,90,87.38,87.38,1.0,Practical,No,No,No,Cloudy,No,13.3,Morning,Provided - user uploaded timetable,Synthetic development data
13-02-2026,Friday,3,11:15,12:15,Research Methodology,IT25,F_MLK,2,MCA,A,403,103,83,80.58,87.38,1.0,Theory,No,No,No,Rainy,No,6.1,Morning,Provided - user uploaded timetable,Synthetic development data
13-02-2026,Friday,4,13:30,14:30,Mini Project - Faculty Interaction,ITC21,TBD,2,MCA,A,403,103,72,69.9,80.58,2.25,Project,No,No,No,Sunny,No,,Afternoon,Provided - user uploaded timetable,Synthetic development data
13-02-2026,Friday,5,14:30,15:30,Mini Project - Faculty Interaction,ITC21,TBD,2,MCA,A,403,103,76,73.79,69.9,1.0,Project,No,No,No,Sunny,No,,Afternoon,Provided - user uploaded timetable,Synthetic development data
14-02-2026,Saturday,1,11:15,12:15,Training And Placement / Mini Project Training,P201,TBD,2,MCA,A,403,103,63,61.17,73.79,20.75,Project,No,No,No,Sunny,No,,Morning,Provided - user uploaded timetable,Synthetic development data
16-02-2026,Monday,1,09:15,10:15,Full Stack Development,IT22,F_ASP_RSZ,2,MCA,A,403,103,73,70.87,61.17,46.0,Theory,No,No,No,Sunny,No,11.7,Morning,Provided - user uploaded timetable,Synthetic development data
16-02-2026,Monday,2,10:15,11:15,Java Programming,IT21,F_VSN_SDM,2,MCA,A,403,103,75,72.82,70.87,1.0,Theory,No,No,No,Cloudy,No,4.0,Morning,Provided - user uploaded timetable,Synthetic development data
16-02-2026,Monday,3,11:15,12:15,Software Project Management,IT24,F_JSP_MST,2,MCA,A,403,103,86,83.5,72.82,1.0,Theory,No,No,No,Rainy,No,9.8,Morning,Provided - user uploaded timetable,Synthetic development data
16-02-2026,Monday,4,13:30,14:30,Java Practical,ITL21-JAVA,F_SDM_VSN_KSD_SSP,2,MCA,A,401/402,103,86,83.5,83.5,2.25,Practical,No,No,No,Rainy,No,2.6,Afternoon,Provided - user uploaded timetable,Synthetic development data
16-02-2026,Monday,5,14:30,15:30,Java Practical,ITL21-JAVA,F_SDM_VSN_KSD_SSP,2,MCA,A,401/402,103,86,83.5,83.5,1.0,Practical,No,No,No,Cloudy,No,8.3,Afternoon,Provided - user uploaded timetable,Synthetic development data
17-02-2026,Tuesday,1,09:15,10:15,Cyber Security,IT23,F_DPY,2,MCA,A,403,103,79,76.7,83.5,18.75,Theory,No,Yes,No,Rainy,No,7.6,Morning,Provided - user uploaded timetable,Synthetic development data
17-02-2026,Tuesday,2,10:15,11:15,Java Programming,IT21,F_VSN_SDM,2,MCA,A,403,103,81,78.64,76.7,1.0,Theory,No,No,No,Sunny,No,8.5,Morning,Provided - user uploaded timetable,Synthetic development data
17-02-2026,Tuesday,3,11:15,12:15,Software Project Management,IT24,F_JSP_MST,2,MCA,A,403,103,76,73.79,78.64,1.0,Theory,No,No,No,Sunny,No,7.2,Morning,Provided - user uploaded timetable,Synthetic development data
17-02-2026,Tuesday,4,13:30,14:30,Full Stack Development Practical,ITL21-FSD,F_ASP_RSZ_SP_KSD,2,MCA,A,401/402,103,81,78.64,73.79,2.25,Practical,No,No,No,Cloudy,No,14.0,Afternoon,Provided - user uploaded timetable,Synthetic development data
17-02-2026,Tuesday,5,14:30,15:30,Full Stack Development Practical,ITL21-FSD,F_ASP_RSZ_SP_KSD,2,MCA,A,401/402,103,85,82.52,78.64,1.0,Practical,No,No,No,Rainy,No,7.3,Afternoon,Provided - user uploaded timetable,Synthetic development data
18-02-2026,Wednesday,1,09:15,10:15,Java Programming,IT21,F_VSN_SDM,2,MCA,A,403,103,79,76.7,82.52,18.75,Theory,No,No,No,Sunny,No,3.0,Morning,Provided - user uploaded timetable,Synthetic development data
18-02-2026,Wednesday,2,10:15,11:15,Full Stack Development,IT22,F_ASP_RSZ,2,MCA,A,403,103,79,76.7,76.7,1.0,Theory,No,No,No,Sunny,No,13.8,Morning,Provided - user uploaded timetable,Synthetic development data
18-02-2026,Wednesday,3,11:15,12:15,Cyber Security,IT23,F_DPY,2,MCA,A,403,103,67,65.05,76.7,1.0,Theory,No,No,No,Rainy,No,12.6,Morning,Provided - user uploaded timetable,Synthetic development data
18-02-2026,Wednesday,4,13:30,14:30,Research Methodology,IT25,F_MLK,2,MCA,A,403,103,64,62.14,65.05,2.25,Theory,No,No,No,Sunny,No,4.3,Afternoon,Provided - user uploaded timetable,Synthetic development data
18-02-2026,Wednesday,5,14:30,15:30,Research Methodology,IT25,F_MLK,2,MCA,A,403,103,67,65.05,62.14,1.0,Theory,No,No,No,Sunny,No,4.3,Afternoon,Provided - user uploaded timetable,Synthetic development data
19-02-2026,Thursday,1,09:15,10:15,Full Stack Development,IT22,F_ASP_RSZ,2,MCA,A,403,103,78,75.73,65.05,18.75,Theory,No,Yes,No,Cloudy,No,12.8,Morning,Provided - user uploaded timetable,Synthetic development data
19-02-2026,Thursday,2,10:15,11:15,Cyber Security,IT23,F_DPY,2,MCA,A,403,103,69,66.99,75.73,1.0,Theory,Yes,No,No,Sunny,No,10.0,Morning,Provided - user uploaded timetable,Synthetic development data
19-02-2026,Thursday,3,11:15,12:15,Software Project Management,IT24,F_JSP_MST,2,MCA,A,403,103,80,77.67,66.99,1.0,Theory,No,No,No,Rainy,No,14.4,Morning,Provided - user uploaded timetable,Synthetic development data
19-02-2026,Thursday,4,13:30,14:30,Club Activities,CLUB,TBD,2,MCA,A,403,103,66,64.08,77.67,2.25,Special Event,No,Yes,No,Rainy,Yes,,Afternoon,Provided - user uploaded timetable,Synthetic development data
19-02-2026,Thursday,5,14:30,15:30,IRP,IRP2,F_SDM,2,MCA,A,403,103,69,66.99,64.08,1.0,Theory,No,No,No,Cloudy,No,8.5,Afternoon,Provided - user uploaded timetable,Synthetic development data
20-02-2026,Friday,1,09:15,10:15,Cyber Security Practical,ITL21-CYBER,F_DPY_MSU_MLK_MST,2,MCA,A,401/402,103,89,86.41,66.99,18.75,Practical,Yes,Yes,No,Rainy,No,7.0,Morning,Provided - user uploaded timetable,Synthetic development data
20-02-2026,Friday,2,10:15,11:15,Cyber Security Practical,ITL21-CYBER,F_DPY_MSU_MLK_MST,2,MCA,A,401/402,103,83,80.58,86.41,1.0,Practical,No,No,No,Rainy,No,13.4,Morning,Provided - user uploaded timetable,Synthetic development data
20-02-2026,Friday,3,11:15,12:15,Research Methodology,IT25,F_MLK,2,MCA,A,403,103,77,74.76,80.58,1.0,Theory,No,No,No,Sunny,No,13.9,Morning,Provided - user uploaded timetable,Synthetic development data
20-02-2026,Friday,4,13:30,14:30,Mini Project - Faculty Interaction,ITC21,TBD,2,MCA,A,403,103,72,69.9,74.76,2.25,Project,No,No,No,Rainy,No,,Afternoon,Provided - user uploaded timetable,Synthetic development data
20-02-2026,Friday,5,14:30,15:30,Mini Project - Faculty Interaction,ITC21,TBD,2,MCA,A,403,103,73,70.87,69.9,1.0,Project,No,No,No,Sunny,No,,Afternoon,Provided - user uploaded timetable,Synthetic development data
21-02-2026,Saturday,1,11:15,12:15,Training And Placement / Mini Project Training,P201,TBD,2,MCA,A,403,103,78,75.73,70.87,20.75,Project,No,Yes,No,Sunny,No,,Morning,Provided - user uploaded timetable,Synthetic development data
23-02-2026,Monday,1,09:15,10:15,Full Stack Development,IT22,F_ASP_RSZ,2,MCA,A,403,103,83,80.58,75.73,46.0,Theory,No,Yes,No,Cloudy,No,13.4,Morning,Provided - user uploaded timetable,Synthetic development data
23-02-2026,Monday,2,10:15,11:15,Java Programming,IT21,F_VSN_SDM,2,MCA,A,403,103,82,79.61,80.58,1.0,Theory,No,No,No,Sunny,No,4.1,Morning,Provided - user uploaded timetable,Synthetic development data
23-02-2026,Monday,3,11:15,12:15,Software Project Management,IT24,F_JSP_MST,2,MCA,A,403,103,92,89.32,79.61,1.0,Theory,No,No,No,Sunny,No,11.4,Morning,Provided - user uploaded timetable,Synthetic development data
23-02-2026,Monday,4,13:30,14:30,Java Practical,ITL21-JAVA,F_SDM_VSN_KSD_SSP,2,MCA,A,401/402,103,78,75.73,89.32,2.25,Practical,Yes,No,No,Rainy,No,5.1,Afternoon,Provided - user uploaded timetable,Synthetic development data
23-02-2026,Monday,5,14:30,15:30,Java Practical,ITL21-JAVA,F_SDM_VSN_KSD_SSP,2,MCA,A,401/402,103,78,75.73,75.73,1.0,Practical,No,No,No,Rainy,No,12.2,Afternoon,Provided - user uploaded timetable,Synthetic development data
24-02-2026,Tuesday,1,09:15,10:15,Cyber Security,IT23,F_DPY,2,MCA,A,403,103,76,73.79,75.73,18.75,Theory,No,No,No,Sunny,No,11.2,Morning,Provided - user uploaded timetable,Synthetic development data
24-02-2026,Tuesday,2,10:15,11:15,Java Programming,IT21,F_VSN_SDM,2,MCA,A,403,103,91,88.35,73.79,1.0,Theory,No,No,No,Sunny,No,11.9,Morning,Provided - user uploaded timetable,Synthetic development data
24-02-2026,Tuesday,3,11:15,12:15,Software Project Management,IT24,F_JSP_MST,2,MCA,A,403,103,85,82.52,88.35,1.0,Theory,No,No,No,Sunny,No,12.8,Morning,Provided - user uploaded timetable,Synthetic development data
24-02-2026,Tuesday,4,13:30,14:30,Full Stack Development Practical,ITL21-FSD,F_ASP_RSZ_SP_KSD,2,MCA,A,401/402,103,79,76.7,82.52,2.25,Practical,No,No,No,Cloudy,No,13.5,Afternoon,Provided - user uploaded timetable,Synthetic development data
24-02-2026,Tuesday,5,14:30,15:30,Full Stack Development Practical,ITL21-FSD,F_ASP_RSZ_SP_KSD,2,MCA,A,401/402,103,78,75.73,76.7,1.0,Practical,No,No,No,Cloudy,No,8.5,Afternoon,Provided - user uploaded timetable,Synthetic development data
25-02-2026,Wednesday,1,09:15,10:15,Java Programming,IT21,F_VSN_SDM,2,MCA,A,403,103,73,70.87,75.73,18.75,Theory,Yes,No,No,Sunny,No,9.1,Morning,Provided - user uploaded timetable,Synthetic development data
25-02-2026,Wednesday,2,10:15,11:15,Full Stack Development,IT22,F_ASP_RSZ,2,MCA,A,403,103,85,82.52,70.87,1.0,Theory,No,No,No,Sunny,No,12.1,Morning,Provided - user uploaded timetable,Synthetic development data
25-02-2026,Wednesday,3,11:15,12:15,Cyber Security,IT23,F_DPY,2,MCA,A,403,103,74,71.84,82.52,1.0,Theory,No,No,No,Sunny,No,7.5,Morning,Provided - user uploaded timetable,Synthetic development data
25-02-2026,Wednesday,4,13:30,14:30,Research Methodology,IT25,F_MLK,2,MCA,A,403,103,77,74.76,71.84,2.25,Theory,No,No,No,Sunny,No,12.9,Afternoon,Provided - user uploaded timetable,Synthetic development data
25-02-2026,Wednesday,5,14:30,15:30,Research Methodology,IT25,F_MLK,2,MCA,A,403,103,63,61.17,74.76,1.0,Theory,No,No,No,Rainy,No,8.7,Afternoon,Provided - user uploaded timetable,Synthetic development data
26-02-2026,Thursday,1,09:15,10:15,Full Stack Development,IT22,F_ASP_RSZ,2,MCA,A,403,103,73,70.87,61.17,18.75,Theory,No,No,No,Cloudy,No,12.3,Morning,Provided - user uploaded timetable,Synthetic development data
26-02-2026,Thursday,2,10:15,11:15,Cyber Security,IT23,F_DPY,2,MCA,A,403,103,73,70.87,70.87,1.0,Theory,No,No,No,Rainy,No,3.3,Morning,Provided - user uploaded timetable,Synthetic development data
26-02-2026,Thursday,3,11:15,12:15,Software Project Management,IT24,F_JSP_MST,2,MCA,A,403,103,81,78.64,70.87,1.0,Theory,No,No,No,Sunny,No,2.6,Morning,Provided - user uploaded timetable,Synthetic development data
26-02-2026,Thursday,4,13:30,14:30,Club Activities,CLUB,TBD,2,MCA,A,403,103,71,68.93,78.64,2.25,Special Event,No,No,No,Sunny,Yes,,Afternoon,Provided - user uploaded timetable,Synthetic development data
26-02-2026,Thursday,5,14:30,15:30,IRP,IRP2,F_SDM,2,MCA,A,403,103,71,68.93,68.93,1.0,Theory,No,No,No,Rainy,No,8.2,Afternoon,Provided - user uploaded timetable,Synthetic development data
27-02-2026,Friday,1,09:15,10:15,Cyber Security Practical,ITL21-CYBER,F_DPY_MSU_MLK_MST,2,MCA,A,401/402,103,93,90.29,68.93,18.75,Practical,No,No,No,Cloudy,No,7.7,Morning,Provided - user uploaded timetable,Synthetic development data
27-02-2026,Friday,2,10:15,11:15,Cyber Security Practical,ITL21-CYBER,F_DPY_MSU_MLK_MST,2,MCA,A,401/402,103,86,83.5,90.29,1.0,Practical,No,No,No,Cloudy,No,6.4,Morning,Provided - user uploaded timetable,Synthetic development data
27-02-2026,Friday,3,11:15,12:15,Research Methodology,IT25,F_MLK,2,MCA,A,403,103,82,79.61,83.5,1.0,Theory,No,No,No,Cloudy,No,14.0,Morning,Provided - user uploaded timetable,Synthetic development data
27-02-2026,Friday,4,13:30,14:30,Mini Project - Faculty Interaction,ITC21,TBD,2,MCA,A,403,103,72,69.9,79.61,2.25,Project,No,No,No,Rainy,No,,Afternoon,Provided - user uploaded timetable,Synthetic development data
27-02-2026,Friday,5,14:30,15:30,Mini Project - Faculty Interaction,ITC21,TBD,2,MCA,A,403,103,83,80.58,69.9,1.0,Project,No,No,No,Sunny,No,,Afternoon,Provided - user uploaded timetable,Synthetic development data
28-02-2026,Saturday,1,11:15,12:15,Training And Placement / Mini Project Training,P201,TBD,2,MCA,A,403,103,62,60.19,80.58,20.75,Project,No,No,No,Rainy,No,,Morning,Provided - user uploaded timetable,Synthetic development data
02-03-2026,Monday,1,09:15,10:15,Full Stack Development,IT22,F_ASP_RSZ,2,MCA,A,403,103,84,81.55,60.19,46.0,Theory,No,No,No,Cloudy,No,2.5,Morning,Provided - user uploaded timetable,Synthetic development data
02-03-2026,Monday,2,10:15,11:15,Java Programming,IT21,F_VSN_SDM,2,MCA,A,403,103,72,69.9,81.55,1.0,Theory,Yes,No,No,Cloudy,No,6.7,Morning,Provided - user uploaded timetable,Synthetic development data
02-03-2026,Monday,3,11:15,12:15,Software Project Management,IT24,F_JSP_MST,2,MCA,A,403,103,74,71.84,69.9,1.0,Theory,No,Yes,No,Sunny,No,10.8,Morning,Provided - user uploaded timetable,Synthetic development data
02-03-2026,Monday,4,13:30,14:30,Java Practical,ITL21-JAVA,F_SDM_VSN_KSD_SSP,2,MCA,A,401/402,103,72,69.9,71.84,2.25,Practical,No,No,No,Sunny,No,9.5,Afternoon,Provided - user uploaded timetable,Synthetic development data
02-03-2026,Monday,5,14:30,15:30,Java Practical,ITL21-JAVA,F_SDM_VSN_KSD_SSP,2,MCA,A,401/402,103,81,78.64,69.9,1.0,Practical,No,No,No,Rainy,No,5.6,Afternoon,Provided - user uploaded timetable,Synthetic development data
03-03-2026,Tuesday,1,09:15,10:15,Cyber Security,IT23,F_DPY,2,MCA,A,403,103,65,63.11,78.64,18.75,Theory,No,Yes,No,Rainy,No,14.6,Morning,Provided - user uploaded timetable,Synthetic development data
03-03-2026,Tuesday,2,10:15,11:15,Java Programming,IT21,F_VSN_SDM,2,MCA,A,403,103,81,78.64,63.11,1.0,Theory,No,No,No,Rainy,No,2.8,Morning,Provided - user uploaded timetable,Synthetic development data
03-03-2026,Tuesday,3,11:15,12:15,Software Project Management,IT24,F_JSP_MST,2,MCA,A,403,103,82,79.61,78.64,1.0,Theory,No,No,No,Sunny,No,11.3,Morning,Provided - user uploaded timetable,Synthetic development data
03-03-2026,Tuesday,4,13:30,14:30,Full Stack Development Practical,ITL21-FSD,F_ASP_RSZ_SP_KSD,2,MCA,A,401/402,103,82,79.61,79.61,2.25,Practical,No,No,No,Cloudy,No,8.6,Afternoon,Provided - user uploaded timetable,Synthetic development data
03-03-2026,Tuesday,5,14:30,15:30,Full Stack Development Practical,ITL21-FSD,F_ASP_RSZ_SP_KSD,2,MCA,A,401/402,103,72,69.9,79.61,1.0,Practical,No,No,No,Sunny,No,5.1,Afternoon,Provided - user uploaded timetable,Synthetic development data
04-03-2026,Wednesday,1,09:15,10:15,Java Programming,IT21,F_VSN_SDM,2,MCA,A,403,103,79,76.7,69.9,18.75,Theory,Yes,No,No,Rainy,No,6.5,Morning,Provided - user uploaded timetable,Synthetic development data
04-03-2026,Wednesday,2,10:15,11:15,Full Stack Development,IT22,F_ASP_RSZ,2,MCA,A,403,103,73,70.87,76.7,1.0,Theory,No,No,No,Rainy,No,9.6,Morning,Provided - user uploaded timetable,Synthetic development data
04-03-2026,Wednesday,3,11:15,12:15,Cyber Security,IT23,F_DPY,2,MCA,A,403,103,74,71.84,70.87,1.0,Theory,No,No,No,Rainy,No,13.8,Morning,Provided - user uploaded timetable,Synthetic development data
04-03-2026,Wednesday,4,13:30,14:30,Research Methodology,IT25,F_MLK,2,MCA,A,403,103,76,73.79,71.84,2.25,Theory,Yes,No,No,Sunny,No,6.0,Afternoon,Provided - user uploaded timetable,Synthetic development data
04-03-2026,Wednesday,5,14:30,15:30,Research Methodology,IT25,F_MLK,2,MCA,A,403,103,66,64.08,73.79,1.0,Theory,No,No,No,Sunny,No,6.5,Afternoon,Provided - user uploaded timetable,Synthetic development data
05-03-2026,Thursday,1,09:15,10:15,Full Stack Development,IT22,F_ASP_RSZ,2,MCA,A,403,103,75,72.82,64.08,18.75,Theory,No,Yes,No,Rainy,No,12.0,Morning,Provided - user uploaded timetable,Synthetic development data
05-03-2026,Thursday,2,10:15,11:15,Cyber Security,IT23,F_DPY,2,MCA,A,403,103,68,66.02,72.82,1.0,Theory,No,No,No,Rainy,No,7.4,Morning,Provided - user uploaded timetable,Synthetic development data
05-03-2026,Thursday,3,11:15,12:15,Software Project Management,IT24,F_JSP_MST,2,MCA,A,403,103,90,87.38,66.02,1.0,Theory,No,No,No,Rainy,No,9.1,Morning,Provided - user uploaded timetable,Synthetic development data
05-03-2026,Thursday,4,13:30,14:30,Club Activities,CLUB,TBD,2,MCA,A,403,103,68,66.02,87.38,2.25,Special Event,No,No,No,Sunny,Yes,,Afternoon,Provided - user uploaded timetable,Synthetic development data
05-03-2026,Thursday,5,14:30,15:30,IRP,IRP2,F_SDM,2,MCA,A,403,103,63,61.17,66.02,1.0,Theory,No,No,No,Cloudy,No,7.9,Afternoon,Provided - user uploaded timetable,Synthetic development data
06-03-2026,Friday,1,09:15,10:15,Cyber Security Practical,ITL21-CYBER,F_DPY_MSU_MLK_MST,2,MCA,A,401/402,103,83,80.58,61.17,18.75,Practical,No,No,No,Cloudy,No,13.2,Morning,Provided - user uploaded timetable,Synthetic development data
06-03-2026,Friday,2,10:15,11:15,Cyber Security Practical,ITL21-CYBER,F_DPY_MSU_MLK_MST,2,MCA,A,401/402,103,83,80.58,80.58,1.0,Practical,No,No,No,Sunny,No,12.6,Morning,Provided - user uploaded timetable,Synthetic development data
06-03-2026,Friday,3,11:15,12:15,Research Methodology,IT25,F_MLK,2,MCA,A,403,103,75,72.82,80.58,1.0,Theory,No,No,No,Sunny,No,11.9,Morning,Provided - user uploaded timetable,Synthetic development data
06-03-2026,Friday,4,13:30,14:30,Mini Project - Faculty Interaction,ITC21,TBD,2,MCA,A,403,103,60,58.25,72.82,2.25,Project,No,No,No,Cloudy,No,,Afternoon,Provided - user uploaded timetable,Synthetic development data
06-03-2026,Friday,5,14:30,15:30,Mini Project - Faculty Interaction,ITC21,TBD,2,MCA,A,403,103,64,62.14,58.25,1.0,Project,No,No,No,Sunny,No,,Afternoon,Provided - user uploaded timetable,Synthetic development data
07-03-2026,Saturday,1,11:15,12:15,Training And Placement / Mini Project Training,P201,TBD,2,MCA,A,403,103,83,80.58,62.14,20.75,Project,No,No,No,Cloudy,No,,Morning,Provided - user uploaded timetable,Synthetic development data
09-03-2026,Monday,1,09:15,10:15,Full Stack Development,IT22,F_ASP_RSZ,2,MCA,A,403,103,78,75.73,80.58,46.0,Theory,No,No,No,Rainy,No,9.9,Morning,Provided - user uploaded timetable,Synthetic development data
09-03-2026,Monday,2,10:15,11:15,Java Programming,IT21,F_VSN_SDM,2,MCA,A,403,103,76,73.79,75.73,1.0,Theory,No,Yes,No,Cloudy,No,12.3,Morning,Provided - user uploaded timetable,Synthetic development data
09-03-2026,Monday,3,11:15,12:15,Software Project Management,IT24,F_JSP_MST,2,MCA,A,403,103,72,69.9,73.79,1.0,Theory,No,No,No,Sunny,No,4.6,Morning,Provided - user uploaded timetable,Synthetic development data
09-03-2026,Monday,4,13:30,14:30,Java Practical,ITL21-JAVA,F_SDM_VSN_KSD_SSP,2,MCA,A,401/402,103,83,80.58,69.9,2.25,Practical,No,No,No,Sunny,No,2.5,Afternoon,Provided - user uploaded timetable,Synthetic development data
09-03-2026,Monday,5,14:30,15:30,Java Practical,ITL21-JAVA,F_SDM_VSN_KSD_SSP,2,MCA,A,401/402,103,79,76.7,80.58,1.0,Practical,No,No,No,Rainy,No,7.9,Afternoon,Provided - user uploaded timetable,Synthetic development data
10-03-2026,Tuesday,1,09:15,10:15,Cyber Security,IT23,F_DPY,2,MCA,A,403,103,74,71.84,76.7,18.75,Theory,No,No,No,Rainy,No,10.2,Morning,Provided - user uploaded timetable,Synthetic development data
10-03-2026,Tuesday,2,10:15,11:15,Java Programming,IT21,F_VSN_SDM,2,MCA,A,403,103,89,86.41,71.84,1.0,Theory,No,No,No,Rainy,No,12.2,Morning,Provided - user uploaded timetable,Synthetic development data
10-03-2026,Tuesday,3,11:15,12:15,Software Project Management,IT24,F_JSP_MST,2,MCA,A,403,103,81,78.64,86.41,1.0,Theory,No,No,No,Rainy,No,2.7,Morning,Provided - user uploaded timetable,Synthetic development data
10-03-2026,Tuesday,4,13:30,14:30,Full Stack Development Practical,ITL21-FSD,F_ASP_RSZ_SP_KSD,2,MCA,A,401/402,103,78,75.73,78.64,2.25,Practical,No,No,No,Rainy,No,10.1,Afternoon,Provided - user uploaded timetable,Synthetic development data
10-03-2026,Tuesday,5,14:30,15:30,Full Stack Development Practical,ITL21-FSD,F_ASP_RSZ_SP_KSD,2,MCA,A,401/402,103,90,87.38,75.73,1.0,Practical,No,No,No,Rainy,No,5.1,Afternoon,Provided - user uploaded timetable,Synthetic development data
11-03-2026,Wednesday,1,09:15,10:15,Java Programming,IT21,F_VSN_SDM,2,MCA,A,403,103,86,83.5,87.38,18.75,Theory,No,No,No,Sunny,No,8.0,Morning,Provided - user uploaded timetable,Synthetic development data
11-03-2026,Wednesday,2,10:15,11:15,Full Stack Development,IT22,F_ASP_RSZ,2,MCA,A,403,103,88,85.44,83.5,1.0,Theory,No,No,No,Rainy,No,12.0,Morning,Provided - user uploaded timetable,Synthetic development data
11-03-2026,Wednesday,3,11:15,12:15,Cyber Security,IT23,F_DPY,2,MCA,A,403,103,67,65.05,85.44,1.0,Theory,No,No,No,Rainy,No,5.4,Morning,Provided - user uploaded timetable,Synthetic development data
11-03-2026,Wednesday,4,13:30,14:30,Research Methodology,IT25,F_MLK,2,MCA,A,403,103,74,71.84,65.05,2.25,Theory,No,No,No,Cloudy,No,9.3,Afternoon,Provided - user uploaded timetable,Synthetic development data
11-03-2026,Wednesday,5,14:30,15:30,Research Methodology,IT25,F_MLK,2,MCA,A,403,103,68,66.02,71.84,1.0,Theory,No,No,No,Cloudy,No,12.0,Afternoon,Provided - user uploaded timetable,Synthetic development data
12-03-2026,Thursday,1,09:15,10:15,Full Stack Development,IT22,F_ASP_RSZ,2,MCA,A,403,103,80,77.67,66.02,18.75,Theory,No,No,No,Sunny,No,4.6,Morning,Provided - user uploaded timetable,Synthetic development data
12-03-2026,Thursday,2,10:15,11:15,Cyber Security,IT23,F_DPY,2,MCA,A,403,103,74,71.84,77.67,1.0,Theory,No,No,No,Rainy,No,5.5,Morning,Provided - user uploaded timetable,Synthetic development data
12-03-2026,Thursday,3,11:15,12:15,Software Project Management,IT24,F_JSP_MST,2,MCA,A,403,103,79,76.7,71.84,1.0,Theory,No,No,No,Sunny,No,5.2,Morning,Provided - user uploaded timetable,Synthetic development data
12-03-2026,Thursday,4,13:30,14:30,Club Activities,CLUB,TBD,2,MCA,A,403,103,63,61.17,76.7,2.25,Special Event,No,No,No,Rainy,Yes,,Afternoon,Provided - user uploaded timetable,Synthetic development data
12-03-2026,Thursday,5,14:30,15:30,IRP,IRP2,F_SDM,2,MCA,A,403,103,64,62.14,61.17,1.0,Theory,No,Yes,No,Cloudy,No,11.3,Afternoon,Provided - user uploaded timetable,Synthetic development data
13-03-2026,Friday,1,09:15,10:15,Cyber Security Practical,ITL21-CYBER,F_DPY_MSU_MLK_MST,2,MCA,A,401/402,103,77,74.76,62.14,18.75,Practical,No,Yes,No,Sunny,No,7.4,Morning,Provided - user uploaded timetable,Synthetic development data
13-03-2026,Friday,2,10:15,11:15,Cyber Security Practical,ITL21-CYBER,F_DPY_MSU_MLK_MST,2,MCA,A,401/402,103,88,85.44,74.76,1.0,Practical,No,No,No,Sunny,No,15.0,Morning,Provided - user uploaded timetable,Synthetic development data
13-03-2026,Friday,3,11:15,12:15,Research Methodology,IT25,F_MLK,2,MCA,A,403,103,73,70.87,85.44,1.0,Theory,No,No,No,Rainy,No,14.5,Morning,Provided - user uploaded timetable,Synthetic development data
13-03-2026,Friday,4,13:30,14:30,Mini Project - Faculty Interaction,ITC21,TBD,2,MCA,A,403,103,75,72.82,70.87,2.25,Project,No,No,No,Sunny,No,,Afternoon,Provided - user uploaded timetable,Synthetic development data
13-03-2026,Friday,5,14:30,15:30,Mini Project - Faculty Interaction,ITC21,TBD,2,MCA,A,403,103,68,66.02,72.82,1.0,Project,No,No,No,Cloudy,No,,Afternoon,Provided - user uploaded timetable,Synthetic development data
14-03-2026,Saturday,1,11:15,12:15,Training And Placement / Mini Project Training,P201,TBD,2,MCA,A,403,103,70,67.96,66.02,20.75,Project,No,No,No,Cloudy,No,,Morning,Provided - user uploaded timetable,Synthetic development data
16-03-2026,Monday,1,09:15,10:15,Full Stack Development,IT22,F_ASP_RSZ,2,MCA,A,403,103,78,75.73,67.96,46.0,Theory,No,No,No,Cloudy,No,6.2,Morning,Provided - user uploaded timetable,Synthetic development data
16-03-2026,Monday,2,10:15,11:15,Java Programming,IT21,F_VSN_SDM,2,MCA,A,403,103,75,72.82,75.73,1.0,Theory,No,No,No,Sunny,No,7.8,Morning,Provided - user uploaded timetable,Synthetic development data
16-03-2026,Monday,3,11:15,12:15,Software Project Management,IT24,F_JSP_MST,2,MCA,A,403,103,77,74.76,72.82,1.0,Theory,No,No,No,Rainy,No,11.4,Morning,Provided - user uploaded timetable,Synthetic development data
16-03-2026,Monday,4,13:30,14:30,Java Practical,ITL21-JAVA,F_SDM_VSN_KSD_SSP,2,MCA,A,401/402,103,83,80.58,74.76,2.25,Practical,Yes,No,No,Rainy,No,5.1,Afternoon,Provided - user uploaded timetable,Synthetic development data
16-03-2026,Monday,5,14:30,15:30,Java Practical,ITL21-JAVA,F_SDM_VSN_KSD_SSP,2,MCA,A,401/402,103,78,75.73,80.58,1.0,Practical,No,No,No,Sunny,No,7.3,Afternoon,Provided - user uploaded timetable,Synthetic development data
17-03-2026,Tuesday,1,09:15,10:15,Cyber Security,IT23,F_DPY,2,MCA,A,403,103,77,74.76,75.73,18.75,Theory,No,No,No,Rainy,No,11.8,Morning,Provided - user uploaded timetable,Synthetic development data
17-03-2026,Tuesday,2,10:15,11:15,Java Programming,IT21,F_VSN_SDM,2,MCA,A,403,103,89,86.41,74.76,1.0,Theory,No,Yes,No,Cloudy,No,8.9,Morning,Provided - user uploaded timetable,Synthetic development data
17-03-2026,Tuesday,3,11:15,12:15,Software Project Management,IT24,F_JSP_MST,2,MCA,A,403,103,68,66.02,86.41,1.0,Theory,No,No,No,Sunny,No,2.8,Morning,Provided - user uploaded timetable,Synthetic development data
17-03-2026,Tuesday,4,13:30,14:30,Full Stack Development Practical,ITL21-FSD,F_ASP_RSZ_SP_KSD,2,MCA,A,401/402,103,78,75.73,66.02,2.25,Practical,No,No,No,Rainy,No,9.0,Afternoon,Provided - user uploaded timetable,Synthetic development data
17-03-2026,Tuesday,5,14:30,15:30,Full Stack Development Practical,ITL21-FSD,F_ASP_RSZ_SP_KSD,2,MCA,A,401/402,103,85,82.52,75.73,1.0,Practical,No,No,No,Cloudy,No,3.5,Afternoon,Provided - user uploaded timetable,Synthetic development data
18-03-2026,Wednesday,1,09:15,10:15,Java Programming,IT21,F_VSN_SDM,2,MCA,A,403,103,81,78.64,82.52,18.75,Theory,Yes,No,Yes,Rainy,No,2.8,Morning,Provided - user uploaded timetable,Synthetic development data
18-03-2026,Wednesday,2,10:15,11:15,Full Stack Development,IT22,F_ASP_RSZ,2,MCA,A,403,103,73,70.87,78.64,1.0,Theory,No,No,Yes,Sunny,No,14.8,Morning,Provided - user uploaded timetable,Synthetic development data
18-03-2026,Wednesday,3,11:15,12:15,Cyber Security,IT23,F_DPY,2,MCA,A,403,103,70,67.96,70.87,1.0,Theory,No,No,Yes,Sunny,No,12.0,Morning,Provided - user uploaded timetable,Synthetic development data
18-03-2026,Wednesday,4,13:30,14:30,Research Methodology,IT25,F_MLK,2,MCA,A,403,103,63,61.17,67.96,2.25,Theory,No,No,Yes,Rainy,No,14.5,Afternoon,Provided - user uploaded timetable,Synthetic development data
18-03-2026,Wednesday,5,14:30,15:30,Research Methodology,IT25,F_MLK,2,MCA,A,403,103,62,60.19,61.17,1.0,Theory,No,No,Yes,Cloudy,No,13.3,Afternoon,Provided - user uploaded timetable,Synthetic development data
20-03-2026,Friday,1,09:15,10:15,Cyber Security Practical,ITL21-CYBER,F_DPY_MSU_MLK_MST,2,MCA,A,401/402,103,84,81.55,60.19,42.75,Practical,No,No,Yes,Cloudy,No,4.0,Morning,Provided - user uploaded timetable,Synthetic development data
20-03-2026,Friday,2,10:15,11:15,Cyber Security Practical,ITL21-CYBER,F_DPY_MSU_MLK_MST,2,MCA,A,401/402,103,78,75.73,81.55,1.0,Practical,No,No,Yes,Sunny,No,2.4,Morning,Provided - user uploaded timetable,Synthetic development data
20-03-2026,Friday,3,11:15,12:15,Research Methodology,IT25,F_MLK,2,MCA,A,403,103,76,73.79,75.73,1.0,Theory,No,No,Yes,Sunny,No,5.1,Morning,Provided - user uploaded timetable,Synthetic development data
20-03-2026,Friday,4,13:30,14:30,Mini Project - Faculty Interaction,ITC21,TBD,2,MCA,A,403,103,64,62.14,73.79,2.25,Project,Yes,No,Yes,Cloudy,No,,Afternoon,Provided - user uploaded timetable,Synthetic development data
20-03-2026,Friday,5,14:30,15:30,Mini Project - Faculty Interaction,ITC21,TBD,2,MCA,A,403,103,55,53.4,62.14,1.0,Project,No,No,Yes,Sunny,No,,Afternoon,Provided - user uploaded timetable,Synthetic development data
21-03-2026,Saturday,1,11:15,12:15,Training And Placement / Mini Project Training,P201,TBD,2,MCA,A,403,103,69,66.99,53.4,20.75,Project,No,Yes,No,Rainy,No,,Morning,Provided - user uploaded timetable,Synthetic development data
23-03-2026,Monday,1,09:15,10:15,Full Stack Development,IT22,F_ASP_RSZ,2,MCA,A,403,103,83,80.58,66.99,46.0,Theory,No,No,No,Sunny,No,14.6,Morning,Provided - user uploaded timetable,Synthetic development data
23-03-2026,Monday,2,10:15,11:15,Java Programming,IT21,F_VSN_SDM,2,MCA,A,403,103,70,67.96,80.58,1.0,Theory,No,No,No,Rainy,No,6.1,Morning,Provided - user uploaded timetable,Synthetic development data
23-03-2026,Monday,3,11:15,12:15,Software Project Management,IT24,F_JSP_MST,2,MCA,A,403,103,82,79.61,67.96,1.0,Theory,No,No,No,Cloudy,No,4.4,Morning,Provided - user uploaded timetable,Synthetic development data
23-03-2026,Monday,4,13:30,14:30,Java Practical,ITL21-JAVA,F_SDM_VSN_KSD_SSP,2,MCA,A,401/402,103,86,83.5,79.61,2.25,Practical,No,No,No,Sunny,No,5.9,Afternoon,Provided - user uploaded timetable,Synthetic development data
23-03-2026,Monday,5,14:30,15:30,Java Practical,ITL21-JAVA,F_SDM_VSN_KSD_SSP,2,MCA,A,401/402,103,75,72.82,83.5,1.0,Practical,No,No,No,Sunny,No,9.3,Afternoon,Provided - user uploaded timetable,Synthetic development data
24-03-2026,Tuesday,1,09:15,10:15,Cyber Security,IT23,F_DPY,2,MCA,A,403,103,75,72.82,72.82,18.75,Theory,No,No,No,Cloudy,No,4.7,Morning,Provided - user uploaded timetable,Synthetic development data
24-03-2026,Tuesday,2,10:15,11:15,Java Programming,IT21,F_VSN_SDM,2,MCA,A,403,103,83,80.58,72.82,1.0,Theory,No,No,No,Sunny,No,4.8,Morning,Provided - user uploaded timetable,Synthetic development data
24-03-2026,Tuesday,3,11:15,12:15,Software Project Management,IT24,F_JSP_MST,2,MCA,A,403,103,78,75.73,80.58,1.0,Theory,No,No,No,Rainy,No,15.0,Morning,Provided - user uploaded timetable,Synthetic development data
24-03-2026,Tuesday,4,13:30,14:30,Full Stack Development Practical,ITL21-FSD,F_ASP_RSZ_SP_KSD,2,MCA,A,401/402,103,78,75.73,75.73,2.25,Practical,No,No,No,Rainy,No,11.1,Afternoon,Provided - user uploaded timetable,Synthetic development data
24-03-2026,Tuesday,5,14:30,15:30,Full Stack Development Practical,ITL21-FSD,F_ASP_RSZ_SP_KSD,2,MCA,A,401/402,103,87,84.47,75.73,1.0,Practical,No,No,No,Cloudy,No,12.1,Afternoon,Provided - user uploaded timetable,Synthetic development data
25-03-2026,Wednesday,1,09:15,10:15,Java Programming,IT21,F_VSN_SDM,2,MCA,A,403,103,87,84.47,84.47,18.75,Theory,No,No,No,Rainy,No,11.4,Morning,Provided - user uploaded timetable,Synthetic development data
25-03-2026,Wednesday,2,10:15,11:15,Full Stack Development,IT22,F_ASP_RSZ,2,MCA,A,403,103,76,73.79,84.47,1.0,Theory,No,No,No,Sunny,No,6.9,Morning,Provided - user uploaded timetable,Synthetic development data
25-03-2026,Wednesday,3,11:15,12:15,Cyber Security,IT23,F_DPY,2,MCA,A,403,103,73,70.87,73.79,1.0,Theory,No,No,No,Rainy,No,14.3,Morning,Provided - user uploaded timetable,Synthetic development data
25-03-2026,Wednesday,4,13:30,14:30,Research Methodology,IT25,F_MLK,2,MCA,A,403,103,66,64.08,70.87,2.25,Theory,No,No,No,Cloudy,No,14.6,Afternoon,Provided - user uploaded timetable,Synthetic development data
25-03-2026,Wednesday,5,14:30,15:30,Research Methodology,IT25,F_MLK,2,MCA,A,403,103,69,66.99,64.08,1.0,Theory,No,No,No,Sunny,No,11.5,Afternoon,Provided - user uploaded timetable,Synthetic development data
26-03-2026,Thursday,1,09:15,10:15,Full Stack Development,IT22,F_ASP_RSZ,2,MCA,A,403,103,80,77.67,66.99,18.75,Theory,No,No,No,Rainy,No,10.3,Morning,Provided - user uploaded timetable,Synthetic development data
26-03-2026,Thursday,2,10:15,11:15,Cyber Security,IT23,F_DPY,2,MCA,A,403,103,84,81.55,77.67,1.0,Theory,No,No,No,Rainy,No,8.3,Morning,Provided - user uploaded timetable,Synthetic development data
26-03-2026,Thursday,3,11:15,12:15,Software Project Management,IT24,F_JSP_MST,2,MCA,A,403,103,76,73.79,81.55,1.0,Theory,Yes,No,No,Sunny,No,2.2,Morning,Provided - user uploaded timetable,Synthetic development data
26-03-2026,Thursday,4,13:30,14:30,Club Activities,CLUB,TBD,2,MCA,A,403,103,62,60.19,73.79,2.25,Special Event,No,No,No,Cloudy,Yes,,Afternoon,Provided - user uploaded timetable,Synthetic development data
26-03-2026,Thursday,5,14:30,15:30,IRP,IRP2,F_SDM,2,MCA,A,403,103,58,56.31,60.19,1.0,Theory,Yes,No,No,Rainy,No,7.6,Afternoon,Provided - user uploaded timetable,Synthetic development data
27-03-2026,Friday,1,09:15,10:15,Cyber Security Practical,ITL21-CYBER,F_DPY_MSU_MLK_MST,2,MCA,A,401/402,103,98,95.15,56.31,18.75,Practical,No,Yes,No,Cloudy,No,6.9,Morning,Provided - user uploaded timetable,Synthetic development data
27-03-2026,Friday,2,10:15,11:15,Cyber Security Practical,ITL21-CYBER,F_DPY_MSU_MLK_MST,2,MCA,A,401/402,103,86,83.5,95.15,1.0,Practical,No,Yes,No,Sunny,No,11.1,Morning,Provided - user uploaded timetable,Synthetic development data
27-03-2026,Friday,3,11:15,12:15,Research Methodology,IT25,F_MLK,2,MCA,A,403,103,77,74.76,83.5,1.0,Theory,No,No,No,Rainy,No,12.2,Morning,Provided - user uploaded timetable,Synthetic development data
27-03-2026,Friday,4,13:30,14:30,Mini Project - Faculty Interaction,ITC21,TBD,2,MCA,A,403,103,76,73.79,74.76,2.25,Project,No,No,No,Sunny,No,,Afternoon,Provided - user uploaded timetable,Synthetic development data
27-03-2026,Friday,5,14:30,15:30,Mini Project - Faculty Interaction,ITC21,TBD,2,MCA,A,403,103,75,72.82,73.79,1.0,Project,No,No,No,Sunny,No,,Afternoon,Provided - user uploaded timetable,Synthetic development data
28-03-2026,Saturday,1,11:15,12:15,Training And Placement / Mini Project Training,P201,TBD,2,MCA,A,403,103,75,72.82,72.82,20.75,Project,No,No,No,Rainy,No,,Morning,Provided - user uploaded timetable,Synthetic development data
30-03-2026,Monday,1,09:15,10:15,Full Stack Development,IT22,F_ASP_RSZ,2,MCA,A,403,103,73,70.87,72.82,46.0,Theory,No,No,No,Sunny,No,8.5,Morning,Provided - user uploaded timetable,Synthetic development data
30-03-2026,Monday,2,10:15,11:15,Java Programming,IT21,F_VSN_SDM,2,MCA,A,403,103,81,78.64,70.87,1.0,Theory,No,Yes,No,Cloudy,No,5.0,Morning,Provided - user uploaded timetable,Synthetic development data
30-03-2026,Monday,3,11:15,12:15,Software Project Management,IT24,F_JSP_MST,2,MCA,A,403,103,81,78.64,78.64,1.0,Theory,Yes,No,No,Rainy,No,14.4,Morning,Provided - user uploaded timetable,Synthetic development data
30-03-2026,Monday,4,13:30,14:30,Java Practical,ITL21-JAVA,F_SDM_VSN_KSD_SSP,2,MCA,A,401/402,103,88,85.44,78.64,2.25,Practical,No,No,No,Sunny,No,10.2,Afternoon,Provided - user uploaded timetable,Synthetic development data
30-03-2026,Monday,5,14:30,15:30,Java Practical,ITL21-JAVA,F_SDM_VSN_KSD_SSP,2,MCA,A,401/402,103,74,71.84,85.44,1.0,Practical,No,No,No,Sunny,No,6.6,Afternoon,Provided - user uploaded timetable,Synthetic development data
31-03-2026,Tuesday,1,09:15,10:15,Cyber Security,IT23,F_DPY,2,MCA,A,403,103,78,75.73,71.84,18.75,Theory,No,No,No,Sunny,No,3.7,Morning,Provided - user uploaded timetable,Synthetic development data
31-03-2026,Tuesday,2,10:15,11:15,Java Programming,IT21,F_VSN_SDM,2,MCA,A,403,103,82,79.61,75.73,1.0,Theory,No,No,No,Rainy,No,8.7,Morning,Provided - user uploaded timetable,Synthetic development data
31-03-2026,Tuesday,3,11:15,12:15,Software Project Management,IT24,F_JSP_MST,2,MCA,A,403,103,74,71.84,79.61,1.0,Theory,No,Yes,No,Rainy,No,3.2,Morning,Provided - user uploaded timetable,Synthetic development data
31-03-2026,Tuesday,4,13:30,14:30,Full Stack Development Practical,ITL21-FSD,F_ASP_RSZ_SP_KSD,2,MCA,A,401/402,103,76,73.79,71.84,2.25,Practical,No,No,No,Cloudy,No,2.2,Afternoon,Provided - user uploaded timetable,Synthetic development data
31-03-2026,Tuesday,5,14:30,15:30,Full Stack Development Practical,ITL21-FSD,F_ASP_RSZ_SP_KSD,2,MCA,A,401/402,103,81,78.64,73.79,1.0,Practical,No,No,No,Rainy,No,13.7,Afternoon,Provided - user uploaded timetable,Synthetic development data
01-04-2026,Wednesday,1,09:15,10:15,Java Programming,IT21,F_VSN_SDM,2,MCA,A,403,103,67,65.05,78.64,18.75,Theory,No,No,No,Cloudy,No,3.4,Morning,Provided - user uploaded timetable,Synthetic development data
01-04-2026,Wednesday,2,10:15,11:15,Full Stack Development,IT22,F_ASP_RSZ,2,MCA,A,403,103,78,75.73,65.05,1.0,Theory,No,No,No,Cloudy,No,12.9,Morning,Provided - user uploaded timetable,Synthetic development data
01-04-2026,Wednesday,3,11:15,12:15,Cyber Security,IT23,F_DPY,2,MCA,A,403,103,73,70.87,75.73,1.0,Theory,No,No,No,Cloudy,No,6.4,Morning,Provided - user uploaded timetable,Synthetic development data
01-04-2026,Wednesday,4,13:30,14:30,Research Methodology,IT25,F_MLK,2,MCA,A,403,103,75,72.82,70.87,2.25,Theory,No,No,No,Rainy,No,3.8,Afternoon,Provided - user uploaded timetable,Synthetic development data
01-04-2026,Wednesday,5,14:30,15:30,Research Methodology,IT25,F_MLK,2,MCA,A,403,103,81,78.64,72.82,1.0,Theory,No,No,No,Sunny,No,8.2,Afternoon,Provided - user uploaded timetable,Synthetic development data
02-04-2026,Thursday,1,09:15,10:15,Full Stack Development,IT22,F_ASP_RSZ,2,MCA,A,403,103,72,69.9,78.64,18.75,Theory,No,No,Yes,Cloudy,No,12.8,Morning,Provided - user uploaded timetable,Synthetic development data
02-04-2026,Thursday,2,10:15,11:15,Cyber Security,IT23,F_DPY,2,MCA,A,403,103,68,66.02,69.9,1.0,Theory,Yes,No,Yes,Cloudy,No,10.7,Morning,Provided - user uploaded timetable,Synthetic development data
02-04-2026,Thursday,3,11:15,12:15,Software Project Management,IT24,F_JSP_MST,2,MCA,A,403,103,75,72.82,66.02,1.0,Theory,No,No,Yes,Cloudy,No,10.6,Morning,Provided - user uploaded timetable,Synthetic development data
02-04-2026,Thursday,4,13:30,14:30,Club Activities,CLUB,TBD,2,MCA,A,403,103,61,59.22,72.82,2.25,Special Event,No,No,Yes,Sunny,Yes,,Afternoon,Provided - user uploaded timetable,Synthetic development data
02-04-2026,Thursday,5,14:30,15:30,IRP,IRP2,F_SDM,2,MCA,A,403,103,58,56.31,59.22,1.0,Theory,No,No,Yes,Rainy,No,7.2,Afternoon,Provided - user uploaded timetable,Synthetic development data
04-04-2026,Saturday,1,11:15,12:15,Training And Placement / Mini Project Training,P201,TBD,2,MCA,A,403,103,59,57.28,56.31,44.75,Project,No,No,Yes,Cloudy,No,,Morning,Provided - user uploaded timetable,Synthetic development data
06-04-2026,Monday,1,09:15,10:15,Full Stack Development,IT22,F_ASP_RSZ,2,MCA,A,403,103,65,63.11,57.28,46.0,Theory,No,No,No,Rainy,No,10.9,Morning,Provided - user uploaded timetable,Synthetic development data
06-04-2026,Monday,2,10:15,11:15,Java Programming,IT21,F_VSN_SDM,2,MCA,A,403,103,87,84.47,63.11,1.0,Theory,No,No,No,Cloudy,No,12.0,Morning,Provided - user uploaded timetable,Synthetic development data
06-04-2026,Monday,3,11:15,12:15,Software Project Management,IT24,F_JSP_MST,2,MCA,A,403,103,87,84.47,84.47,1.0,Theory,No,No,No,Cloudy,No,15.0,Morning,Provided - user uploaded timetable,Synthetic development data
06-04-2026,Monday,4,13:30,14:30,Java Practical,ITL21-JAVA,F_SDM_VSN_KSD_SSP,2,MCA,A,401/402,103,72,69.9,84.47,2.25,Practical,No,No,No,Sunny,No,3.5,Afternoon,Provided - user uploaded timetable,Synthetic development data
06-04-2026,Monday,5,14:30,15:30,Java Practical,ITL21-JAVA,F_SDM_VSN_KSD_SSP,2,MCA,A,401/402,103,81,78.64,69.9,1.0,Practical,No,No,No,Cloudy,No,6.5,Afternoon,Provided - user uploaded timetable,Synthetic development data
07-04-2026,Tuesday,1,09:15,10:15,Cyber Security,IT23,F_DPY,2,MCA,A,403,103,79,76.7,78.64,18.75,Theory,No,No,No,Cloudy,No,5.0,Morning,Provided - user uploaded timetable,Synthetic development data
07-04-2026,Tuesday,2,10:15,11:15,Java Programming,IT21,F_VSN_SDM,2,MCA,A,403,103,88,85.44,76.7,1.0,Theory,No,No,No,Rainy,No,10.5,Morning,Provided - user uploaded timetable,Synthetic development data
07-04-2026,Tuesday,3,11:15,12:15,Software Project Management,IT24,F_JSP_MST,2,MCA,A,403,103,84,81.55,85.44,1.0,Theory,No,No,No,Sunny,No,7.8,Morning,Provided - user uploaded timetable,Synthetic development data
07-04-2026,Tuesday,4,13:30,14:30,Full Stack Development Practical,ITL21-FSD,F_ASP_RSZ_SP_KSD,2,MCA,A,401/402,103,77,74.76,81.55,2.25,Practical,No,Yes,No,Sunny,No,4.7,Afternoon,Provided - user uploaded timetable,Synthetic development data
07-04-2026,Tuesday,5,14:30,15:30,Full Stack Development Practical,ITL21-FSD,F_ASP_RSZ_SP_KSD,2,MCA,A,401/402,103,80,77.67,74.76,1.0,Practical,No,No,No,Sunny,No,9.5,Afternoon,Provided - user uploaded timetable,Synthetic development data
08-04-2026,Wednesday,1,09:15,10:15,Java Programming,IT21,F_VSN_SDM,2,MCA,A,403,103,85,82.52,77.67,18.75,Theory,No,No,No,Rainy,No,3.1,Morning,Provided - user uploaded timetable,Synthetic development data
08-04-2026,Wednesday,2,10:15,11:15,Full Stack Development,IT22,F_ASP_RSZ,2,MCA,A,403,103,81,78.64,82.52,1.0,Theory,No,Yes,No,Cloudy,No,3.5,Morning,Provided - user uploaded timetable,Synthetic development data
08-04-2026,Wednesday,3,11:15,12:15,Cyber Security,IT23,F_DPY,2,MCA,A,403,103,72,69.9,78.64,1.0,Theory,No,No,No,Cloudy,No,7.4,Morning,Provided - user uploaded timetable,Synthetic development data
08-04-2026,Wednesday,4,13:30,14:30,Research Methodology,IT25,F_MLK,2,MCA,A,403,103,77,74.76,69.9,2.25,Theory,No,No,No,Sunny,No,8.3,Afternoon,Provided - user uploaded timetable,Synthetic development data
08-04-2026,Wednesday,5,14:30,15:30,Research Methodology,IT25,F_MLK,2,MCA,A,403,103,66,64.08,74.76,1.0,Theory,No,No,No,Sunny,No,9.2,Afternoon,Provided - user uploaded timetable,Synthetic development data
09-04-2026,Thursday,1,09:15,10:15,Full Stack Development,IT22,F_ASP_RSZ,2,MCA,A,403,103,83,80.58,64.08,18.75,Theory,No,No,No,Cloudy,No,4.9,Morning,Provided - user uploaded timetable,Synthetic development data
09-04-2026,Thursday,2,10:15,11:15,Cyber Security,IT23,F_DPY,2,MCA,A,403,103,73,70.87,80.58,1.0,Theory,No,No,No,Rainy,No,11.7,Morning,Provided - user uploaded timetable,Synthetic development data
09-04-2026,Thursday,3,11:15,12:15,Software Project Management,IT24,F_JSP_MST,2,MCA,A,403,103,78,75.73,70.87,1.0,Theory,No,No,No,Sunny,No,9.4,Morning,Provided - user uploaded timetable,Synthetic development data
09-04-2026,Thursday,4,13:30,14:30,Club Activities,CLUB,TBD,2,MCA,A,403,103,73,70.87,75.73,2.25,Special Event,No,No,No,Cloudy,Yes,,Afternoon,Provided - user uploaded timetable,Synthetic development data
09-04-2026,Thursday,5,14:30,15:30,IRP,IRP2,F_SDM,2,MCA,A,403,103,63,61.17,70.87,1.0,Theory,No,No,No,Rainy,No,7.7,Afternoon,Provided - user uploaded timetable,Synthetic development data
10-04-2026,Friday,1,09:15,10:15,Cyber Security Practical,ITL21-CYBER,F_DPY_MSU_MLK_MST,2,MCA,A,401/402,103,75,72.82,61.17,18.75,Practical,No,No,No,Sunny,No,12.6,Morning,Provided - user uploaded timetable,Synthetic development data
10-04-2026,Friday,2,10:15,11:15,Cyber Security Practical,ITL21-CYBER,F_DPY_MSU_MLK_MST,2,MCA,A,401/402,103,94,91.26,72.82,1.0,Practical,No,No,No,Rainy,No,5.7,Morning,Provided - user uploaded timetable,Synthetic development data
10-04-2026,Friday,3,11:15,12:15,Research Methodology,IT25,F_MLK,2,MCA,A,403,103,77,74.76,91.26,1.0,Theory,No,No,No,Rainy,No,5.8,Morning,Provided - user uploaded timetable,Synthetic development data
10-04-2026,Friday,4,13:30,14:30,Mini Project - Faculty Interaction,ITC21,TBD,2,MCA,A,403,103,72,69.9,74.76,2.25,Project,No,No,No,Rainy,No,,Afternoon,Provided - user uploaded timetable,Synthetic development data
10-04-2026,Friday,5,14:30,15:30,Mini Project - Faculty Interaction,ITC21,TBD,2,MCA,A,403,103,69,66.99,69.9,1.0,Project,No,No,No,Sunny,No,,Afternoon,Provided - user uploaded timetable,Synthetic development data
11-04-2026,Saturday,1,11:15,12:15,Training And Placement / Mini Project Training,P201,TBD,2,MCA,A,403,103,65,63.11,66.99,20.75,Project,No,No,No,Sunny,No,,Morning,Provided - user uploaded timetable,Synthetic development data
13-04-2026,Monday,1,09:15,10:15,Full Stack Development,IT22,F_ASP_RSZ,2,MCA,A,403,103,80,77.67,63.11,46.0,Theory,No,No,No,Cloudy,No,6.3,Morning,Provided - user uploaded timetable,Synthetic development data
13-04-2026,Monday,2,10:15,11:15,Java Programming,IT21,F_VSN_SDM,2,MCA,A,403,103,73,70.87,77.67,1.0,Theory,Yes,No,No,Rainy,No,3.2,Morning,Provided - user uploaded timetable,Synthetic development data
13-04-2026,Monday,3,11:15,12:15,Software Project Management,IT24,F_JSP_MST,2,MCA,A,403,103,73,70.87,70.87,1.0,Theory,No,No,No,Rainy,No,6.7,Morning,Provided - user uploaded timetable,Synthetic development data
13-04-2026,Monday,4,13:30,14:30,Java Practical,ITL21-JAVA,F_SDM_VSN_KSD_SSP,2,MCA,A,401/402,103,86,83.5,70.87,2.25,Practical,Yes,No,No,Sunny,No,14.6,Afternoon,Provided - user uploaded timetable,Synthetic development data
13-04-2026,Monday,5,14:30,15:30,Java Practical,ITL21-JAVA,F_SDM_VSN_KSD_SSP,2,MCA,A,401/402,103,83,80.58,83.5,1.0,Practical,No,No,No,Cloudy,No,12.8,Afternoon,Provided - user uploaded timetable,Synthetic development data
14-04-2026,Tuesday,1,09:15,10:15,Cyber Security,IT23,F_DPY,2,MCA,A,403,103,75,72.82,80.58,18.75,Theory,No,No,No,Cloudy,No,3.2,Morning,Provided - user uploaded timetable,Synthetic development data
14-04-2026,Tuesday,2,10:15,11:15,Java Programming,IT21,F_VSN_SDM,2,MCA,A,403,103,76,73.79,72.82,1.0,Theory,No,Yes,No,Rainy,No,13.7,Morning,Provided - user uploaded timetable,Synthetic development data
14-04-2026,Tuesday,3,11:15,12:15,Software Project Management,IT24,F_JSP_MST,2,MCA,A,403,103,82,79.61,73.79,1.0,Theory,No,No,No,Cloudy,No,11.4,Morning,Provided - user uploaded timetable,Synthetic development data
14-04-2026,Tuesday,4,13:30,14:30,Full Stack Development Practical,ITL21-FSD,F_ASP_RSZ_SP_KSD,2,MCA,A,401/402,103,74,71.84,79.61,2.25,Practical,No,No,No,Sunny,No,11.1,Afternoon,Provided - user uploaded timetable,Synthetic development data
14-04-2026,Tuesday,5,14:30,15:30,Full Stack Development Practical,ITL21-FSD,F_ASP_RSZ_SP_KSD,2,MCA,A,401/402,103,88,85.44,71.84,1.0,Practical,Yes,No,No,Sunny,No,9.7,Afternoon,Provided - user uploaded timetable,Synthetic development data
15-04-2026,Wednesday,1,09:15,10:15,Java Programming,IT21,F_VSN_SDM,2,MCA,A,403,103,72,69.9,85.44,18.75,Theory,No,No,No,Sunny,No,8.9,Morning,Provided - user uploaded timetable,Synthetic development data
15-04-2026,Wednesday,2,10:15,11:15,Full Stack Development,IT22,F_ASP_RSZ,2,MCA,A,403,103,72,69.9,69.9,1.0,Theory,Yes,No,No,Cloudy,No,6.6,Morning,Provided - user uploaded timetable,Synthetic development data
15-04-2026,Wednesday,3,11:15,12:15,Cyber Security,IT23,F_DPY,2,MCA,A,403,103,71,68.93,69.9,1.0,Theory,No,No,No,Cloudy,No,10.0,Morning,Provided - user uploaded timetable,Synthetic development data
15-04-2026,Wednesday,4,13:30,14:30,Research Methodology,IT25,F_MLK,2,MCA,A,403,103,71,68.93,68.93,2.25,Theory,No,No,No,Sunny,No,3.8,Afternoon,Provided - user uploaded timetable,Synthetic development data
15-04-2026,Wednesday,5,14:30,15:30,Research Methodology,IT25,F_MLK,2,MCA,A,403,103,74,71.84,68.93,1.0,Theory,No,No,No,Cloudy,No,14.5,Afternoon,Provided - user uploaded timetable,Synthetic development data
16-04-2026,Thursday,1,09:15,10:15,Full Stack Development,IT22,F_ASP_RSZ,2,MCA,A,403,103,74,71.84,71.84,18.75,Theory,No,No,No,Rainy,No,2.9,Morning,Provided - user uploaded timetable,Synthetic development data
16-04-2026,Thursday,2,10:15,11:15,Cyber Security,IT23,F_DPY,2,MCA,A,403,103,67,65.05,71.84,1.0,Theory,No,Yes,No,Cloudy,No,14.1,Morning,Provided - user uploaded timetable,Synthetic development data
16-04-2026,Thursday,3,11:15,12:15,Software Project Management,IT24,F_JSP_MST,2,MCA,A,403,103,75,72.82,65.05,1.0,Theory,No,No,No,Rainy,No,7.5,Morning,Provided - user uploaded timetable,Synthetic development data
16-04-2026,Thursday,4,13:30,14:30,Club Activities,CLUB,TBD,2,MCA,A,403,103,73,70.87,72.82,2.25,Special Event,No,No,No,Cloudy,Yes,,Afternoon,Provided - user uploaded timetable,Synthetic development data
16-04-2026,Thursday,5,14:30,15:30,IRP,IRP2,F_SDM,2,MCA,A,403,103,62,60.19,70.87,1.0,Theory,No,No,No,Sunny,No,9.6,Afternoon,Provided - user uploaded timetable,Synthetic development data
17-04-2026,Friday,1,09:15,10:15,Cyber Security Practical,ITL21-CYBER,F_DPY_MSU_MLK_MST,2,MCA,A,401/402,103,83,80.58,60.19,18.75,Practical,No,No,No,Rainy,No,10.9,Morning,Provided - user uploaded timetable,Synthetic development data
17-04-2026,Friday,2,10:15,11:15,Cyber Security Practical,ITL21-CYBER,F_DPY_MSU_MLK_MST,2,MCA,A,401/402,103,86,83.5,80.58,1.0,Practical,Yes,No,No,Rainy,No,14.4,Morning,Provided - user uploaded timetable,Synthetic development data
17-04-2026,Friday,3,11:15,12:15,Research Methodology,IT25,F_MLK,2,MCA,A,403,103,89,86.41,83.5,1.0,Theory,No,No,No,Cloudy,No,3.5,Morning,Provided - user uploaded timetable,Synthetic development data
17-04-2026,Friday,4,13:30,14:30,Mini Project - Faculty Interaction,ITC21,TBD,2,MCA,A,403,103,72,69.9,86.41,2.25,Project,No,Yes,No,Rainy,No,,Afternoon,Provided - user uploaded timetable,Synthetic development data
17-04-2026,Friday,5,14:30,15:30,Mini Project - Faculty Interaction,ITC21,TBD,2,MCA,A,403,103,78,75.73,69.9,1.0,Project,No,No,No,Sunny,No,,Afternoon,Provided - user uploaded timetable,Synthetic development data
18-04-2026,Saturday,1,11:15,12:15,Training And Placement / Mini Project Training,P201,TBD,2,MCA,A,403,103,71,68.93,75.73,20.75,Project,No,No,No,Rainy,No,,Morning,Provided - user uploaded timetable,Synthetic development data
20-04-2026,Monday,1,09:15,10:15,Full Stack Development,IT22,F_ASP_RSZ,2,MCA,A,403,103,82,79.61,68.93,46.0,Theory,No,No,No,Sunny,No,13.6,Morning,Provided - user uploaded timetable,Synthetic development data
20-04-2026,Monday,2,10:15,11:15,Java Programming,IT21,F_VSN_SDM,2,MCA,A,403,103,86,83.5,79.61,1.0,Theory,No,Yes,No,Rainy,No,8.6,Morning,Provided - user uploaded timetable,Synthetic development data
20-04-2026,Monday,3,11:15,12:15,Software Project Management,IT24,F_JSP_MST,2,MCA,A,403,103,84,81.55,83.5,1.0,Theory,Yes,No,No,Sunny,No,2.6,Morning,Provided - user uploaded timetable,Synthetic development data
20-04-2026,Monday,4,13:30,14:30,Java Practical,ITL21-JAVA,F_SDM_VSN_KSD_SSP,2,MCA,A,401/402,103,74,71.84,81.55,2.25,Practical,No,No,No,Sunny,No,14.1,Afternoon,Provided - user uploaded timetable,Synthetic development data
20-04-2026,Monday,5,14:30,15:30,Java Practical,ITL21-JAVA,F_SDM_VSN_KSD_SSP,2,MCA,A,401/402,103,79,76.7,71.84,1.0,Practical,No,No,No,Rainy,No,11.6,Afternoon,Provided - user uploaded timetable,Synthetic development data
21-04-2026,Tuesday,1,09:15,10:15,Cyber Security,IT23,F_DPY,2,MCA,A,403,103,76,73.79,76.7,18.75,Theory,No,No,No,Sunny,No,6.8,Morning,Provided - user uploaded timetable,Synthetic development data
21-04-2026,Tuesday,2,10:15,11:15,Java Programming,IT21,F_VSN_SDM,2,MCA,A,403,103,85,82.52,73.79,1.0,Theory,No,No,No,Rainy,No,10.1,Morning,Provided - user uploaded timetable,Synthetic development data
21-04-2026,Tuesday,3,11:15,12:15,Software Project Management,IT24,F_JSP_MST,2,MCA,A,403,103,83,80.58,82.52,1.0,Theory,No,No,No,Cloudy,No,15.0,Morning,Provided - user uploaded timetable,Synthetic development data
21-04-2026,Tuesday,4,13:30,14:30,Full Stack Development Practical,ITL21-FSD,F_ASP_RSZ_SP_KSD,2,MCA,A,401/402,103,88,85.44,80.58,2.25,Practical,No,No,No,Rainy,No,11.9,Afternoon,Provided - user uploaded timetable,Synthetic development data
21-04-2026,Tuesday,5,14:30,15:30,Full Stack Development Practical,ITL21-FSD,F_ASP_RSZ_SP_KSD,2,MCA,A,401/402,103,87,84.47,85.44,1.0,Practical,No,Yes,No,Cloudy,No,2.3,Afternoon,Provided - user uploaded timetable,Synthetic development data
22-04-2026,Wednesday,1,09:15,10:15,Java Programming,IT21,F_VSN_SDM,2,MCA,A,403,103,83,80.58,84.47,18.75,Theory,No,No,No,Rainy,No,7.4,Morning,Provided - user uploaded timetable,Synthetic development data
22-04-2026,Wednesday,2,10:15,11:15,Full Stack Development,IT22,F_ASP_RSZ,2,MCA,A,403,103,72,69.9,80.58,1.0,Theory,No,No,No,Rainy,No,3.1,Morning,Provided - user uploaded timetable,Synthetic development data
22-04-2026,Wednesday,3,11:15,12:15,Cyber Security,IT23,F_DPY,2,MCA,A,403,103,69,66.99,69.9,1.0,Theory,No,No,No,Cloudy,No,3.0,Morning,Provided - user uploaded timetable,Synthetic development data
22-04-2026,Wednesday,4,13:30,14:30,Research Methodology,IT25,F_MLK,2,MCA,A,403,103,76,73.79,66.99,2.25,Theory,No,No,No,Sunny,No,5.1,Afternoon,Provided - user uploaded timetable,Synthetic development data
22-04-2026,Wednesday,5,14:30,15:30,Research Methodology,IT25,F_MLK,2,MCA,A,403,103,71,68.93,73.79,1.0,Theory,No,No,No,Cloudy,No,11.1,Afternoon,Provided - user uploaded timetable,Synthetic development data
23-04-2026,Thursday,1,09:15,10:15,Full Stack Development,IT22,F_ASP_RSZ,2,MCA,A,403,103,79,76.7,68.93,18.75,Theory,No,No,No,Rainy,No,9.8,Morning,Provided - user uploaded timetable,Synthetic development data
23-04-2026,Thursday,2,10:15,11:15,Cyber Security,IT23,F_DPY,2,MCA,A,403,103,72,69.9,76.7,1.0,Theory,No,No,No,Sunny,No,3.2,Morning,Provided - user uploaded timetable,Synthetic development data
23-04-2026,Thursday,3,11:15,12:15,Software Project Management,IT24,F_JSP_MST,2,MCA,A,403,103,78,75.73,69.9,1.0,Theory,No,No,No,Rainy,No,2.6,Morning,Provided - user uploaded timetable,Synthetic development data
23-04-2026,Thursday,4,13:30,14:30,Club Activities,CLUB,TBD,2,MCA,A,403,103,66,64.08,75.73,2.25,Special Event,No,No,No,Sunny,Yes,,Afternoon,Provided - user uploaded timetable,Synthetic development data
23-04-2026,Thursday,5,14:30,15:30,IRP,IRP2,F_SDM,2,MCA,A,403,103,68,66.02,64.08,1.0,Theory,Yes,No,No,Cloudy,No,9.2,Afternoon,Provided - user uploaded timetable,Synthetic development data
24-04-2026,Friday,1,09:15,10:15,Cyber Security Practical,ITL21-CYBER,F_DPY_MSU_MLK_MST,2,MCA,A,401/402,103,93,90.29,66.02,18.75,Practical,No,No,No,Cloudy,No,3.6,Morning,Provided - user uploaded timetable,Synthetic development data
24-04-2026,Friday,2,10:15,11:15,Cyber Security Practical,ITL21-CYBER,F_DPY_MSU_MLK_MST,2,MCA,A,401/402,103,87,84.47,90.29,1.0,Practical,No,Yes,No,Rainy,No,7.6,Morning,Provided - user uploaded timetable,Synthetic development data
24-04-2026,Friday,3,11:15,12:15,Research Methodology,IT25,F_MLK,2,MCA,A,403,103,82,79.61,84.47,1.0,Theory,No,No,No,Cloudy,No,10.9,Morning,Provided - user uploaded timetable,Synthetic development data
24-04-2026,Friday,4,13:30,14:30,Mini Project - Faculty Interaction,ITC21,TBD,2,MCA,A,403,103,64,62.14,79.61,2.25,Project,No,No,No,Sunny,No,,Afternoon,Provided - user uploaded timetable,Synthetic development data
24-04-2026,Friday,5,14:30,15:30,Mini Project - Faculty Interaction,ITC21,TBD,2,MCA,A,403,103,73,70.87,62.14,1.0,Project,No,No,No,Sunny,No,,Afternoon,Provided - user uploaded timetable,Synthetic development data
25-04-2026,Saturday,1,11:15,12:15,Training And Placement / Mini Project Training,P201,TBD,2,MCA,A,403,103,79,76.7,70.87,20.75,Project,No,No,No,Rainy,No,,Morning,Provided - user uploaded timetable,Synthetic development data
27-04-2026,Monday,1,09:15,10:15,Full Stack Development,IT22,F_ASP_RSZ,2,MCA,A,403,103,76,73.79,76.7,46.0,Theory,Yes,No,No,Sunny,No,13.6,Morning,Provided - user uploaded timetable,Synthetic development data
27-04-2026,Monday,2,10:15,11:15,Java Programming,IT21,F_VSN_SDM,2,MCA,A,403,103,89,86.41,73.79,1.0,Theory,No,Yes,No,Cloudy,No,8.9,Morning,Provided - user uploaded timetable,Synthetic development data
27-04-2026,Monday,3,11:15,12:15,Software Project Management,IT24,F_JSP_MST,2,MCA,A,403,103,88,85.44,86.41,1.0,Theory,No,No,No,Sunny,No,3.3,Morning,Provided - user uploaded timetable,Synthetic development data
27-04-2026,Monday,4,13:30,14:30,Java Practical,ITL21-JAVA,F_SDM_VSN_KSD_SSP,2,MCA,A,401/402,103,80,77.67,85.44,2.25,Practical,No,No,No,Rainy,No,2.7,Afternoon,Provided - user uploaded timetable,Synthetic development data
27-04-2026,Monday,5,14:30,15:30,Java Practical,ITL21-JAVA,F_SDM_VSN_KSD_SSP,2,MCA,A,401/402,103,80,77.67,77.67,1.0,Practical,No,No,No,Cloudy,No,6.6,Afternoon,Provided - user uploaded timetable,Synthetic development data
28-04-2026,Tuesday,1,09:15,10:15,Cyber Security,IT23,F_DPY,2,MCA,A,403,103,74,71.84,77.67,18.75,Theory,No,No,No,Rainy,No,8.2,Morning,Provided - user uploaded timetable,Synthetic development data
28-04-2026,Tuesday,2,10:15,11:15,Java Programming,IT21,F_VSN_SDM,2,MCA,A,403,103,83,80.58,71.84,1.0,Theory,No,No,No,Sunny,No,6.4,Morning,Provided - user uploaded timetable,Synthetic development data
28-04-2026,Tuesday,3,11:15,12:15,Software Project Management,IT24,F_JSP_MST,2,MCA,A,403,103,88,85.44,80.58,1.0,Theory,No,No,No,Cloudy,No,2.8,Morning,Provided - user uploaded timetable,Synthetic development data
28-04-2026,Tuesday,4,13:30,14:30,Full Stack Development Practical,ITL21-FSD,F_ASP_RSZ_SP_KSD,2,MCA,A,401/402,103,77,74.76,85.44,2.25,Practical,No,No,No,Sunny,No,12.1,Afternoon,Provided - user uploaded timetable,Synthetic development data
28-04-2026,Tuesday,5,14:30,15:30,Full Stack Development Practical,ITL21-FSD,F_ASP_RSZ_SP_KSD,2,MCA,A,401/402,103,87,84.47,74.76,1.0,Practical,No,No,No,Sunny,No,6.9,Afternoon,Provided - user uploaded timetable,Synthetic development data
29-04-2026,Wednesday,1,09:15,10:15,Java Programming,IT21,F_VSN_SDM,2,MCA,A,403,103,82,79.61,84.47,18.75,Theory,No,No,No,Rainy,No,11.0,Morning,Provided - user uploaded timetable,Synthetic development data
29-04-2026,Wednesday,2,10:15,11:15,Full Stack Development,IT22,F_ASP_RSZ,2,MCA,A,403,103,81,78.64,79.61,1.0,Theory,No,No,No,Rainy,No,14.3,Morning,Provided - user uploaded timetable,Synthetic development data
29-04-2026,Wednesday,3,11:15,12:15,Cyber Security,IT23,F_DPY,2,MCA,A,403,103,76,73.79,78.64,1.0,Theory,No,No,No,Rainy,No,2.4,Morning,Provided - user uploaded timetable,Synthetic development data
29-04-2026,Wednesday,4,13:30,14:30,Research Methodology,IT25,F_MLK,2,MCA,A,403,103,84,81.55,73.79,2.25,Theory,No,No,No,Rainy,No,4.9,Afternoon,Provided - user uploaded timetable,Synthetic development data
29-04-2026,Wednesday,5,14:30,15:30,Research Methodology,IT25,F_MLK,2,MCA,A,403,103,68,66.02,81.55,1.0,Theory,No,No,No,Sunny,No,6.3,Afternoon,Provided - user uploaded timetable,Synthetic development data
30-04-2026,Thursday,1,09:15,10:15,Full Stack Development,IT22,F_ASP_RSZ,2,MCA,A,403,103,79,76.7,66.02,18.75,Theory,No,No,Yes,Cloudy,No,13.5,Morning,Provided - user uploaded timetable,Synthetic development data
30-04-2026,Thursday,2,10:15,11:15,Cyber Security,IT23,F_DPY,2,MCA,A,403,103,65,63.11,76.7,1.0,Theory,No,No,Yes,Cloudy,No,12.3,Morning,Provided - user uploaded timetable,Synthetic development data
30-04-2026,Thursday,3,11:15,12:15,Software Project Management,IT24,F_JSP_MST,2,MCA,A,403,103,70,67.96,63.11,1.0,Theory,No,No,Yes,Sunny,No,4.1,Morning,Provided - user uploaded timetable,Synthetic development data
30-04-2026,Thursday,4,13:30,14:30,Club Activities,CLUB,TBD,2,MCA,A,403,103,64,62.14,67.96,2.25,Special Event,Yes,No,Yes,Cloudy,Yes,,Afternoon,Provided - user uploaded timetable,Synthetic development data
30-04-2026,Thursday,5,14:30,15:30,IRP,IRP2,F_SDM,2,MCA,A,403,103,58,56.31,62.14,1.0,Theory,Yes,No,Yes,Sunny,No,3.0,Afternoon,Provided - user uploaded timetable,Synthetic development data
02-05-2026,Saturday,1,11:15,12:15,Training And Placement / Mini Project Training,P201,TBD,2,MCA,A,403,103,58,56.31,56.31,44.75,Project,No,No,Yes,Rainy,No,,Morning,Provided - user uploaded timetable,Synthetic development data
04-05-2026,Monday,1,09:15,10:15,Full Stack Development,IT22,F_ASP_RSZ,2,MCA,A,403,103,80,77.67,56.31,46.0,Theory,No,No,No,Rainy,No,12.9,Morning,Provided - user uploaded timetable,Synthetic development data
04-05-2026,Monday,2,10:15,11:15,Java Programming,IT21,F_VSN_SDM,2,MCA,A,403,103,83,80.58,77.67,1.0,Theory,No,No,No,Cloudy,No,3.1,Morning,Provided - user uploaded timetable,Synthetic development data
04-05-2026,Monday,3,11:15,12:15,Software Project Management,IT24,F_JSP_MST,2,MCA,A,403,103,84,81.55,80.58,1.0,Theory,No,No,No,Cloudy,No,4.6,Morning,Provided - user uploaded timetable,Synthetic development data
04-05-2026,Monday,4,13:30,14:30,Java Practical,ITL21-JAVA,F_SDM_VSN_KSD_SSP,2,MCA,A,401/402,103,93,90.29,81.55,2.25,Practical,Yes,No,No,Cloudy,No,14.7,Afternoon,Provided - user uploaded timetable,Synthetic development data
04-05-2026,Monday,5,14:30,15:30,Java Practical,ITL21-JAVA,F_SDM_VSN_KSD_SSP,2,MCA,A,401/402,103,81,78.64,90.29,1.0,Practical,No,Yes,No,Cloudy,No,8.1,Afternoon,Provided - user uploaded timetable,Synthetic development data
05-05-2026,Tuesday,1,09:15,10:15,Cyber Security,IT23,F_DPY,2,MCA,A,403,103,71,68.93,78.64,18.75,Theory,No,No,No,Sunny,No,9.2,Morning,Provided - user uploaded timetable,Synthetic development data
05-05-2026,Tuesday,2,10:15,11:15,Java Programming,IT21,F_VSN_SDM,2,MCA,A,403,103,83,80.58,68.93,1.0,Theory,No,No,No,Cloudy,No,14.6,Morning,Provided - user uploaded timetable,Synthetic development data
05-05-2026,Tuesday,3,11:15,12:15,Software Project Management,IT24,F_JSP_MST,2,MCA,A,403,103,80,77.67,80.58,1.0,Theory,No,No,No,Rainy,No,13.5,Morning,Provided - user uploaded timetable,Synthetic development data
05-05-2026,Tuesday,4,13:30,14:30,Full Stack Development Practical,ITL21-FSD,F_ASP_RSZ_SP_KSD,2,MCA,A,401/402,103,89,86.41,77.67,2.25,Practical,No,Yes,No,Rainy,No,2.5,Afternoon,Provided - user uploaded timetable,Synthetic development data
05-05-2026,Tuesday,5,14:30,15:30,Full Stack Development Practical,ITL21-FSD,F_ASP_RSZ_SP_KSD,2,MCA,A,401/402,103,95,92.23,86.41,1.0,Practical,No,No,No,Rainy,No,10.8,Afternoon,Provided - user uploaded timetable,Synthetic development data
06-05-2026,Wednesday,1,09:15,10:15,Java Programming,IT21,F_VSN_SDM,2,MCA,A,403,103,84,81.55,92.23,18.75,Theory,No,No,No,Rainy,No,6.2,Morning,Provided - user uploaded timetable,Synthetic development data
06-05-2026,Wednesday,2,10:15,11:15,Full Stack Development,IT22,F_ASP_RSZ,2,MCA,A,403,103,76,73.79,81.55,1.0,Theory,No,No,No,Sunny,No,12.2,Morning,Provided - user uploaded timetable,Synthetic development data
06-05-2026,Wednesday,3,11:15,12:15,Cyber Security,IT23,F_DPY,2,MCA,A,403,103,77,74.76,73.79,1.0,Theory,No,No,No,Cloudy,No,3.5,Morning,Provided - user uploaded timetable,Synthetic development data
06-05-2026,Wednesday,4,13:30,14:30,Research Methodology,IT25,F_MLK,2,MCA,A,403,103,77,74.76,74.76,2.25,Theory,No,No,No,Rainy,No,11.9,Afternoon,Provided - user uploaded timetable,Synthetic development data
06-05-2026,Wednesday,5,14:30,15:30,Research Methodology,IT25,F_MLK,2,MCA,A,403,103,75,72.82,74.76,1.0,Theory,No,No,No,Rainy,No,12.1,Afternoon,Provided - user uploaded timetable,Synthetic development data
07-05-2026,Thursday,1,09:15,10:15,Full Stack Development,IT22,F_ASP_RSZ,2,MCA,A,403,103,77,74.76,72.82,18.75,Theory,No,No,No,Cloudy,No,12.6,Morning,Provided - user uploaded timetable,Synthetic development data
07-05-2026,Thursday,2,10:15,11:15,Cyber Security,IT23,F_DPY,2,MCA,A,403,103,75,72.82,74.76,1.0,Theory,No,No,No,Cloudy,No,13.2,Morning,Provided - user uploaded timetable,Synthetic development data
07-05-2026,Thursday,3,11:15,12:15,Software Project Management,IT24,F_JSP_MST,2,MCA,A,403,103,87,84.47,72.82,1.0,Theory,No,No,No,Sunny,No,3.7,Morning,Provided - user uploaded timetable,Synthetic development data
07-05-2026,Thursday,4,13:30,14:30,Club Activities,CLUB,TBD,2,MCA,A,403,103,64,62.14,84.47,2.25,Special Event,No,No,No,Cloudy,Yes,,Afternoon,Provided - user uploaded timetable,Synthetic development data
07-05-2026,Thursday,5,14:30,15:30,IRP,IRP2,F_SDM,2,MCA,A,403,103,69,66.99,62.14,1.0,Theory,No,No,No,Rainy,No,3.2,Afternoon,Provided - user uploaded timetable,Synthetic development data
08-05-2026,Friday,1,09:15,10:15,Cyber Security Practical,ITL21-CYBER,F_DPY_MSU_MLK_MST,2,MCA,A,401/402,103,78,75.73,66.99,18.75,Practical,No,No,No,Rainy,No,4.6,Morning,Provided - user uploaded timetable,Synthetic development data
08-05-2026,Friday,2,10:15,11:15,Cyber Security Practical,ITL21-CYBER,F_DPY_MSU_MLK_MST,2,MCA,A,401/402,103,89,86.41,75.73,1.0,Practical,No,No,No,Cloudy,No,10.3,Morning,Provided - user uploaded timetable,Synthetic development data
08-05-2026,Friday,3,11:15,12:15,Research Methodology,IT25,F_MLK,2,MCA,A,403,103,80,77.67,86.41,1.0,Theory,No,Yes,No,Cloudy,No,8.4,Morning,Provided - user uploaded timetable,Synthetic development data
08-05-2026,Friday,4,13:30,14:30,Mini Project - Faculty Interaction,ITC21,TBD,2,MCA,A,403,103,83,80.58,77.67,2.25,Project,No,No,No,Cloudy,No,,Afternoon,Provided - user uploaded timetable,Synthetic development data
08-05-2026,Friday,5,14:30,15:30,Mini Project - Faculty Interaction,ITC21,TBD,2,MCA,A,403,103,71,68.93,80.58,1.0,Project,No,No,No,Sunny,No,,Afternoon,Provided - user uploaded timetable,Synthetic development data
09-05-2026,Saturday,1,11:15,12:15,Training And Placement / Mini Project Training,P201,TBD,2,MCA,A,403,103,70,67.96,68.93,20.75,Project,No,No,No,Sunny,No,,Morning,Provided - user uploaded timetable,Synthetic development data
11-05-2026,Monday,1,09:15,10:15,Full Stack Development,IT22,F_ASP_RSZ,2,MCA,A,403,103,76,73.79,67.96,46.0,Theory,No,No,No,Cloudy,No,7.5,Morning,Provided - user uploaded timetable,Synthetic development data
11-05-2026,Monday,2,10:15,11:15,Java Programming,IT21,F_VSN_SDM,2,MCA,A,403,103,82,79.61,73.79,1.0,Theory,No,No,No,Cloudy,No,4.8,Morning,Provided - user uploaded timetable,Synthetic development data
11-05-2026,Monday,3,11:15,12:15,Software Project Management,IT24,F_JSP_MST,2,MCA,A,403,103,86,83.5,79.61,1.0,Theory,No,No,No,Rainy,No,7.2,Morning,Provided - user uploaded timetable,Synthetic development data
11-05-2026,Monday,4,13:30,14:30,Java Practical,ITL21-JAVA,F_SDM_VSN_KSD_SSP,2,MCA,A,401/402,103,77,74.76,83.5,2.25,Practical,No,No,No,Rainy,No,14.6,Afternoon,Provided - user uploaded timetable,Synthetic development data
11-05-2026,Monday,5,14:30,15:30,Java Practical,ITL21-JAVA,F_SDM_VSN_KSD_SSP,2,MCA,A,401/402,103,83,80.58,74.76,1.0,Practical,No,No,No,Rainy,No,9.9,Afternoon,Provided - user uploaded timetable,Synthetic development data
12-05-2026,Tuesday,1,09:15,10:15,Cyber Security,IT23,F_DPY,2,MCA,A,403,103,82,79.61,80.58,18.75,Theory,No,No,No,Sunny,No,10.5,Morning,Provided - user uploaded timetable,Synthetic development data
12-05-2026,Tuesday,2,10:15,11:15,Java Programming,IT21,F_VSN_SDM,2,MCA,A,403,103,81,78.64,79.61,1.0,Theory,No,No,No,Cloudy,No,7.3,Morning,Provided - user uploaded timetable,Synthetic development data
12-05-2026,Tuesday,3,11:15,12:15,Software Project Management,IT24,F_JSP_MST,2,MCA,A,403,103,77,74.76,78.64,1.0,Theory,No,No,No,Rainy,No,12.6,Morning,Provided - user uploaded timetable,Synthetic development data
12-05-2026,Tuesday,4,13:30,14:30,Full Stack Development Practical,ITL21-FSD,F_ASP_RSZ_SP_KSD,2,MCA,A,401/402,103,92,89.32,74.76,2.25,Practical,No,No,No,Rainy,No,9.0,Afternoon,Provided - user uploaded timetable,Synthetic development data
12-05-2026,Tuesday,5,14:30,15:30,Full Stack Development Practical,ITL21-FSD,F_ASP_RSZ_SP_KSD,2,MCA,A,401/402,103,75,72.82,89.32,1.0,Practical,No,No,No,Rainy,No,6.7,Afternoon,Provided - user uploaded timetable,Synthetic development data
13-05-2026,Wednesday,1,09:15,10:15,Java Programming,IT21,F_VSN_SDM,2,MCA,A,403,103,83,80.58,72.82,18.75,Theory,No,No,No,Cloudy,No,5.4,Morning,Provided - user uploaded timetable,Synthetic development data
13-05-2026,Wednesday,2,10:15,11:15,Full Stack Development,IT22,F_ASP_RSZ,2,MCA,A,403,103,75,72.82,80.58,1.0,Theory,No,No,No,Cloudy,No,2.7,Morning,Provided - user uploaded timetable,Synthetic development data
13-05-2026,Wednesday,3,11:15,12:15,Cyber Security,IT23,F_DPY,2,MCA,A,403,103,68,66.02,72.82,1.0,Theory,No,No,No,Rainy,No,2.9,Morning,Provided - user uploaded timetable,Synthetic development data
13-05-2026,Wednesday,4,13:30,14:30,Research Methodology,IT25,F_MLK,2,MCA,A,403,103,76,73.79,66.02,2.25,Theory,No,No,No,Rainy,No,7.0,Afternoon,Provided - user uploaded timetable,Synthetic development data
13-05-2026,Wednesday,5,14:30,15:30,Research Methodology,IT25,F_MLK,2,MCA,A,403,103,74,71.84,73.79,1.0,Theory,No,Yes,No,Sunny,No,3.8,Afternoon,Provided - user uploaded timetable,Synthetic development data
14-05-2026,Thursday,1,09:15,10:15,Full Stack Development,IT22,F_ASP_RSZ,2,MCA,A,403,103,78,75.73,71.84,18.75,Theory,No,No,No,Cloudy,No,10.2,Morning,Provided - user uploaded timetable,Synthetic development data
14-05-2026,Thursday,2,10:15,11:15,Cyber Security,IT23,F_DPY,2,MCA,A,403,103,75,72.82,75.73,1.0,Theory,No,No,No,Cloudy,No,2.1,Morning,Provided - user uploaded timetable,Synthetic development data
14-05-2026,Thursday,3,11:15,12:15,Software Project Management,IT24,F_JSP_MST,2,MCA,A,403,103,79,76.7,72.82,1.0,Theory,No,No,No,Sunny,No,13.6,Morning,Provided - user uploaded timetable,Synthetic development data
14-05-2026,Thursday,4,13:30,14:30,Club Activities,CLUB,TBD,2,MCA,A,403,103,70,67.96,76.7,2.25,Special Event,No,No,No,Sunny,Yes,,Afternoon,Provided - user uploaded timetable,Synthetic development data
14-05-2026,Thursday,5,14:30,15:30,IRP,IRP2,F_SDM,2,MCA,A,403,103,61,59.22,67.96,1.0,Theory,No,No,No,Sunny,No,4.9,Afternoon,Provided - user uploaded timetable,Synthetic development data
15-05-2026,Friday,1,09:15,10:15,Cyber Security Practical,ITL21-CYBER,F_DPY_MSU_MLK_MST,2,MCA,A,401/402,103,88,85.44,59.22,18.75,Practical,No,No,No,Sunny,No,5.0,Morning,Provided - user uploaded timetable,Synthetic development data
15-05-2026,Friday,2,10:15,11:15,Cyber Security Practical,ITL21-CYBER,F_DPY_MSU_MLK_MST,2,MCA,A,401/402,103,88,85.44,85.44,1.0,Practical,No,No,No,Rainy,No,2.3,Morning,Provided - user uploaded timetable,Synthetic development data
15-05-2026,Friday,3,11:15,12:15,Research Methodology,IT25,F_MLK,2,MCA,A,403,103,80,77.67,85.44,1.0,Theory,No,No,No,Rainy,No,10.5,Morning,Provided - user uploaded timetable,Synthetic development data
15-05-2026,Friday,4,13:30,14:30,Mini Project - Faculty Interaction,ITC21,TBD,2,MCA,A,403,103,79,76.7,77.67,2.25,Project,Yes,No,No,Cloudy,No,,Afternoon,Provided - user uploaded timetable,Synthetic development data
15-05-2026,Friday,5,14:30,15:30,Mini Project - Faculty Interaction,ITC21,TBD,2,MCA,A,403,103,73,70.87,76.7,1.0,Project,No,No,No,Rainy,No,,Afternoon,Provided - user uploaded timetable,Synthetic development data
16-05-2026,Saturday,1,11:15,12:15,Training And Placement / Mini Project Training,P201,TBD,2,MCA,A,403,103,67,65.05,70.87,20.75,Project,No,No,No,Rainy,No,,Morning,Provided - user uploaded timetable,Synthetic development data
18-05-2026,Monday,1,09:15,10:15,Full Stack Development,IT22,F_ASP_RSZ,2,MCA,A,403,103,79,76.7,65.05,46.0,Theory,No,No,No,Rainy,No,4.6,Morning,Provided - user uploaded timetable,Synthetic development data
18-05-2026,Monday,2,10:15,11:15,Java Programming,IT21,F_VSN_SDM,2,MCA,A,403,103,78,75.73,76.7,1.0,Theory,No,No,No,Sunny,No,6.7,Morning,Provided - user uploaded timetable,Synthetic development data
18-05-2026,Monday,3,11:15,12:15,Software Project Management,IT24,F_JSP_MST,2,MCA,A,403,103,85,82.52,75.73,1.0,Theory,No,No,No,Rainy,No,8.5,Morning,Provided - user uploaded timetable,Synthetic development data
18-05-2026,Monday,4,13:30,14:30,Java Practical,ITL21-JAVA,F_SDM_VSN_KSD_SSP,2,MCA,A,401/402,103,79,76.7,82.52,2.25,Practical,No,No,No,Cloudy,No,5.0,Afternoon,Provided - user uploaded timetable,Synthetic development data
18-05-2026,Monday,5,14:30,15:30,Java Practical,ITL21-JAVA,F_SDM_VSN_KSD_SSP,2,MCA,A,401/402,103,80,77.67,76.7,1.0,Practical,Yes,Yes,No,Sunny,No,12.9,Afternoon,Provided - user uploaded timetable,Synthetic development data
19-05-2026,Tuesday,1,09:15,10:15,Cyber Security,IT23,F_DPY,2,MCA,A,403,103,78,75.73,77.67,18.75,Theory,No,Yes,No,Sunny,No,2.1,Morning,Provided - user uploaded timetable,Synthetic development data
19-05-2026,Tuesday,2,10:15,11:15,Java Programming,IT21,F_VSN_SDM,2,MCA,A,403,103,84,81.55,75.73,1.0,Theory,No,No,No,Cloudy,No,6.6,Morning,Provided - user uploaded timetable,Synthetic development data
19-05-2026,Tuesday,3,11:15,12:15,Software Project Management,IT24,F_JSP_MST,2,MCA,A,403,103,75,72.82,81.55,1.0,Theory,No,No,No,Rainy,No,3.2,Morning,Provided - user uploaded timetable,Synthetic development data
19-05-2026,Tuesday,4,13:30,14:30,Full Stack Development Practical,ITL21-FSD,F_ASP_RSZ_SP_KSD,2,MCA,A,401/402,103,82,79.61,72.82,2.25,Practical,No,No,No,Cloudy,No,7.2,Afternoon,Provided - user uploaded timetable,Synthetic development data
19-05-2026,Tuesday,5,14:30,15:30,Full Stack Development Practical,ITL21-FSD,F_ASP_RSZ_SP_KSD,2,MCA,A,401/402,103,82,79.61,79.61,1.0,Practical,No,No,No,Rainy,No,13.1,Afternoon,Provided - user uploaded timetable,Synthetic development data
20-05-2026,Wednesday,1,09:15,10:15,Java Programming,IT21,F_VSN_SDM,2,MCA,A,403,103,82,79.61,79.61,18.75,Theory,No,No,No,Cloudy,No,3.5,Morning,Provided - user uploaded timetable,Synthetic development data
20-05-2026,Wednesday,2,10:15,11:15,Full Stack Development,IT22,F_ASP_RSZ,2,MCA,A,403,103,68,66.02,79.61,1.0,Theory,No,Yes,No,Cloudy,No,10.5,Morning,Provided - user uploaded timetable,Synthetic development data
20-05-2026,Wednesday,3,11:15,12:15,Cyber Security,IT23,F_DPY,2,MCA,A,403,103,73,70.87,66.02,1.0,Theory,Yes,No,No,Rainy,No,12.0,Morning,Provided - user uploaded timetable,Synthetic development data
20-05-2026,Wednesday,4,13:30,14:30,Research Methodology,IT25,F_MLK,2,MCA,A,403,103,68,66.02,70.87,2.25,Theory,No,No,No,Rainy,No,13.4,Afternoon,Provided - user uploaded timetable,Synthetic development data
20-05-2026,Wednesday,5,14:30,15:30,Research Methodology,IT25,F_MLK,2,MCA,A,403,103,66,64.08,66.02,1.0,Theory,No,No,No,Rainy,No,3.2,Afternoon,Provided - user uploaded timetable,Synthetic development data
21-05-2026,Thursday,1,09:15,10:15,Full Stack Development,IT22,F_ASP_RSZ,2,MCA,A,403,103,85,82.52,64.08,18.75,Theory,No,No,No,Cloudy,No,12.6,Morning,Provided - user uploaded timetable,Synthetic development data
21-05-2026,Thursday,2,10:15,11:15,Cyber Security,IT23,F_DPY,2,MCA,A,403,103,79,76.7,82.52,1.0,Theory,Yes,No,No,Rainy,No,7.8,Morning,Provided - user uploaded timetable,Synthetic development data
21-05-2026,Thursday,3,11:15,12:15,Software Project Management,IT24,F_JSP_MST,2,MCA,A,403,103,81,78.64,76.7,1.0,Theory,No,No,No,Sunny,No,14.7,Morning,Provided - user uploaded timetable,Synthetic development data
21-05-2026,Thursday,4,13:30,14:30,Club Activities,CLUB,TBD,2,MCA,A,403,103,65,63.11,78.64,2.25,Special Event,No,Yes,No,Cloudy,Yes,,Afternoon,Provided - user uploaded timetable,Synthetic development data
21-05-2026,Thursday,5,14:30,15:30,IRP,IRP2,F_SDM,2,MCA,A,403,103,71,68.93,63.11,1.0,Theory,No,No,No,Sunny,No,12.7,Afternoon,Provided - user uploaded timetable,Synthetic development data
22-05-2026,Friday,1,09:15,10:15,Cyber Security Practical,ITL21-CYBER,F_DPY_MSU_MLK_MST,2,MCA,A,401/402,103,92,89.32,68.93,18.75,Practical,No,Yes,No,Cloudy,No,12.8,Morning,Provided - user uploaded timetable,Synthetic development data
22-05-2026,Friday,2,10:15,11:15,Cyber Security Practical,ITL21-CYBER,F_DPY_MSU_MLK_MST,2,MCA,A,401/402,103,87,84.47,89.32,1.0,Practical,No,No,No,Rainy,No,6.9,Morning,Provided - user uploaded timetable,Synthetic development data
22-05-2026,Friday,3,11:15,12:15,Research Methodology,IT25,F_MLK,2,MCA,A,403,103,87,84.47,84.47,1.0,Theory,No,No,No,Cloudy,No,3.8,Morning,Provided - user uploaded timetable,Synthetic development data
22-05-2026,Friday,4,13:30,14:30,Mini Project - Faculty Interaction,ITC21,TBD,2,MCA,A,403,103,69,66.99,84.47,2.25,Project,No,No,No,Sunny,No,,Afternoon,Provided - user uploaded timetable,Synthetic development data
22-05-2026,Friday,5,14:30,15:30,Mini Project - Faculty Interaction,ITC21,TBD,2,MCA,A,403,103,81,78.64,66.99,1.0,Project,No,No,No,Sunny,No,,Afternoon,Provided - user uploaded timetable,Synthetic development data
23-05-2026,Saturday,1,11:15,12:15,Training And Placement / Mini Project Training,P201,TBD,2,MCA,A,403,103,70,67.96,78.64,20.75,Project,No,No,No,Rainy,No,,Morning,Provided - user uploaded timetable,Synthetic development data
25-05-2026,Monday,1,09:15,10:15,Full Stack Development,IT22,F_ASP_RSZ,2,MCA,A,403,103,78,75.73,67.96,46.0,Theory,No,No,No,Sunny,No,3.3,Morning,Provided - user uploaded timetable,Synthetic development data
25-05-2026,Monday,2,10:15,11:15,Java Programming,IT21,F_VSN_SDM,2,MCA,A,403,103,92,89.32,75.73,1.0,Theory,No,No,No,Cloudy,No,8.6,Morning,Provided - user uploaded timetable,Synthetic development data
25-05-2026,Monday,3,11:15,12:15,Software Project Management,IT24,F_JSP_MST,2,MCA,A,403,103,89,86.41,89.32,1.0,Theory,No,No,No,Rainy,No,11.9,Morning,Provided - user uploaded timetable,Synthetic development data
25-05-2026,Monday,4,13:30,14:30,Java Practical,ITL21-JAVA,F_SDM_VSN_KSD_SSP,2,MCA,A,401/402,103,85,82.52,86.41,2.25,Practical,No,No,No,Cloudy,No,7.9,Afternoon,Provided - user uploaded timetable,Synthetic development data
25-05-2026,Monday,5,14:30,15:30,Java Practical,ITL21-JAVA,F_SDM_VSN_KSD_SSP,2,MCA,A,401/402,103,83,80.58,82.52,1.0,Practical,No,No,No,Rainy,No,13.5,Afternoon,Provided - user uploaded timetable,Synthetic development data
26-05-2026,Tuesday,1,09:15,10:15,Cyber Security,IT23,F_DPY,2,MCA,A,403,103,76,73.79,80.58,18.75,Theory,No,Yes,No,Cloudy,No,9.3,Morning,Provided - user uploaded timetable,Synthetic development data
26-05-2026,Tuesday,2,10:15,11:15,Java Programming,IT21,F_VSN_SDM,2,MCA,A,403,103,85,82.52,73.79,1.0,Theory,No,No,No,Rainy,No,7.4,Morning,Provided - user uploaded timetable,Synthetic development data
26-05-2026,Tuesday,3,11:15,12:15,Software Project Management,IT24,F_JSP_MST,2,MCA,A,403,103,78,75.73,82.52,1.0,Theory,No,No,No,Cloudy,No,13.4,Morning,Provided - user uploaded timetable,Synthetic development data
26-05-2026,Tuesday,4,13:30,14:30,Full Stack Development Practical,ITL21-FSD,F_ASP_RSZ_SP_KSD,2,MCA,A,401/402,103,91,88.35,75.73,2.25,Practical,No,Yes,No,Sunny,No,2.3,Afternoon,Provided - user uploaded timetable,Synthetic development data
26-05-2026,Tuesday,5,14:30,15:30,Full Stack Development Practical,ITL21-FSD,F_ASP_RSZ_SP_KSD,2,MCA,A,401/402,103,76,73.79,88.35,1.0,Practical,No,No,No,Sunny,No,5.5,Afternoon,Provided - user uploaded timetable,Synthetic development data
27-05-2026,Wednesday,1,09:15,10:15,Java Programming,IT21,F_VSN_SDM,2,MCA,A,403,103,87,84.47,73.79,18.75,Theory,No,No,No,Rainy,No,5.7,Morning,Provided - user uploaded timetable,Synthetic development data
27-05-2026,Wednesday,2,10:15,11:15,Full Stack Development,IT22,F_ASP_RSZ,2,MCA,A,403,103,78,75.73,84.47,1.0,Theory,No,No,No,Cloudy,No,7.4,Morning,Provided - user uploaded timetable,Synthetic development data
27-05-2026,Wednesday,3,11:15,12:15,Cyber Security,IT23,F_DPY,2,MCA,A,403,103,73,70.87,75.73,1.0,Theory,No,No,No,Rainy,No,2.7,Morning,Provided - user uploaded timetable,Synthetic development data
27-05-2026,Wednesday,4,13:30,14:30,Research Methodology,IT25,F_MLK,2,MCA,A,403,103,76,73.79,70.87,2.25,Theory,No,No,No,Cloudy,No,12.8,Afternoon,Provided - user uploaded timetable,Synthetic development data
27-05-2026,Wednesday,5,14:30,15:30,Research Methodology,IT25,F_MLK,2,MCA,A,403,103,74,71.84,73.79,1.0,Theory,No,No,No,Rainy,No,6.8,Afternoon,Provided - user uploaded timetable,Synthetic development data
28-05-2026,Thursday,1,09:15,10:15,Full Stack Development,IT22,F_ASP_RSZ,2,MCA,A,403,103,81,78.64,71.84,18.75,Theory,No,No,No,Sunny,No,14.1,Morning,Provided - user uploaded timetable,Synthetic development data
28-05-2026,Thursday,2,10:15,11:15,Cyber Security,IT23,F_DPY,2,MCA,A,403,103,76,73.79,78.64,1.0,Theory,No,No,No,Rainy,No,10.0,Morning,Provided - user uploaded timetable,Synthetic development data
28-05-2026,Thursday,3,11:15,12:15,Software Project Management,IT24,F_JSP_MST,2,MCA,A,403,103,78,75.73,73.79,1.0,Theory,No,No,No,Rainy,No,9.2,Morning,Provided - user uploaded timetable,Synthetic development data
28-05-2026,Thursday,4,13:30,14:30,Club Activities,CLUB,TBD,2,MCA,A,403,103,65,63.11,75.73,2.25,Special Event,Yes,No,No,Rainy,Yes,,Afternoon,Provided - user uploaded timetable,Synthetic development data
28-05-2026,Thursday,5,14:30,15:30,IRP,IRP2,F_SDM,2,MCA,A,403,103,67,65.05,63.11,1.0,Theory,No,No,No,Sunny,No,12.2,Afternoon,Provided - user uploaded timetable,Synthetic development data
29-05-2026,Friday,1,09:15,10:15,Cyber Security Practical,ITL21-CYBER,F_DPY_MSU_MLK_MST,2,MCA,A,401/402,103,91,88.35,65.05,18.75,Practical,No,No,No,Rainy,No,13.5,Morning,Provided - user uploaded timetable,Synthetic development data
29-05-2026,Friday,2,10:15,11:15,Cyber Security Practical,ITL21-CYBER,F_DPY_MSU_MLK_MST,2,MCA,A,401/402,103,77,74.76,88.35,1.0,Practical,No,No,No,Sunny,No,7.0,Morning,Provided - user uploaded timetable,Synthetic development data
29-05-2026,Friday,3,11:15,12:15,Research Methodology,IT25,F_MLK,2,MCA,A,403,103,74,71.84,74.76,1.0,Theory,No,No,No,Rainy,No,12.7,Morning,Provided - user uploaded timetable,Synthetic development data
29-05-2026,Friday,4,13:30,14:30,Mini Project - Faculty Interaction,ITC21,TBD,2,MCA,A,403,103,66,64.08,71.84,2.25,Project,No,No,No,Cloudy,No,,Afternoon,Provided - user uploaded timetable,Synthetic development data
29-05-2026,Friday,5,14:30,15:30,Mini Project - Faculty Interaction,ITC21,TBD,2,MCA,A,403,103,65,63.11,64.08,1.0,Project,No,No,No,Rainy,No,,Afternoon,Provided - user uploaded timetable,Synthetic development data
30-05-2026,Saturday,1,11:15,12:15,Training And Placement / Mini Project Training,P201,TBD,2,MCA,A,403,103,67,65.05,63.11,20.75,Project,No,No,No,Sunny,No,,Morning,Provided - user uploaded timetable,Synthetic development data
01-06-2026,Monday,1,08:30,09:15,Mobile Application Development,IT31,SSP_Visiting,3,MCA,A,403,103,88,85.44,65.05,45.25,Theory,Yes,No,No,Cloudy,No,6.7,Morning,Provided,Synthetic development data
01-06-2026,Monday,2,09:15,10:15,Mobile Application Development,IT31,SSP_Visiting,3,MCA,A,403,103,81,78.64,85.44,0.75,Theory,No,No,No,Rainy,No,7.8,Morning,Provided,Synthetic development data
01-06-2026,Monday,3,10:15,11:15,Innovation and Entrepreneurship Development,IT34,JSP_Visiting,3,MCA,A,403,103,88,85.44,78.64,1.0,Theory,No,No,No,Rainy,No,12.4,Morning,Provided,Synthetic development data
01-06-2026,Monday,4,11:15,12:15,Innovation and Entrepreneurship Development,IT34,JSP_Visiting,3,MCA,A,403,103,75,72.82,85.44,1.0,Theory,No,No,No,Cloudy,No,7.4,Morning,Provided,Synthetic development data
01-06-2026,Monday,5,13:30,15:30,"Practical based on Mobile Application Development, Machine Learning and Software Testing",IT31L,SSP_Visiting_SP_MLK_DPY,3,MCA,A,401/402,103,84,81.55,72.82,2.25,Practical,No,No,No,Cloudy,No,2.3,Afternoon,Provided,Synthetic development data
02-06-2026,Tuesday,1,08:30,09:15,Mobile Application Development,IT31,SSP_Visiting,3,MCA,A,403,103,92,89.32,81.55,19.0,Theory,No,No,No,Rainy,No,5.7,Morning,Provided,Synthetic development data
02-06-2026,Tuesday,2,09:15,10:15,Mobile Application Development,IT31,SSP_Visiting,3,MCA,A,403,103,78,75.73,89.32,0.75,Theory,No,No,No,Sunny,No,5.0,Morning,Provided,Synthetic development data
02-06-2026,Tuesday,3,10:15,11:15,Data Science and Machine Learning,IT32,SP_MLK,3,MCA,A,403,103,75,72.82,75.73,1.0,Theory,No,No,No,Sunny,No,12.3,Morning,Provided,Synthetic development data
02-06-2026,Tuesday,4,11:15,12:15,Principles of Cloud Management and Security,IT35,KSD_SDM,3,MCA,A,403,103,86,83.5,72.82,1.0,Theory,No,No,No,Rainy,No,7.8,Morning,Provided,Synthetic development data
02-06-2026,Tuesday,5,13:30,15:30,Data Science and Machine Learning,IT32,SP_MLK,3,MCA,A,403,103,80,77.67,83.5,2.25,Theory,No,No,No,Cloudy,No,5.6,Afternoon,Provided,Synthetic development data
03-06-2026,Wednesday,1,08:30,09:15,Mobile Application Development,IT31,SSP_Visiting,3,MCA,A,403,103,75,72.82,77.67,19.0,Theory,Yes,Yes,No,Cloudy,No,12.5,Morning,Provided,Synthetic development data
03-06-2026,Wednesday,2,09:15,10:15,Mobile Application Development,IT31,SSP_Visiting,3,MCA,A,403,103,76,73.79,72.82,0.75,Theory,No,No,No,Rainy,No,2.2,Morning,Provided,Synthetic development data
03-06-2026,Wednesday,3,10:15,11:15,Data Science and Machine Learning,IT32,SP_MLK,3,MCA,A,403,103,77,74.76,73.79,1.0,Theory,No,No,No,Cloudy,No,4.3,Morning,Provided,Synthetic development data
03-06-2026,Wednesday,4,11:15,12:15,Principles of Cloud Management and Security,IT35,KSD_SDM,3,MCA,A,403,103,79,76.7,74.76,1.0,Theory,Yes,No,No,Rainy,No,12.8,Morning,Provided,Synthetic development data
03-06-2026,Wednesday,5,13:30,15:30,Innovation and Entrepreneurship Development,IT34,JSP_Visiting,3,MCA,A,403,103,85,82.52,76.7,2.25,Theory,No,No,No,Cloudy,No,9.2,Afternoon,Provided,Synthetic development data
04-06-2026,Thursday,1,08:30,09:15,Mobile Application Development,IT31,SSP_Visiting,3,MCA,A,403,103,75,72.82,82.52,19.0,Theory,No,No,No,Cloudy,No,12.1,Morning,Provided,Synthetic development data
04-06-2026,Thursday,2,09:15,10:15,Mobile Application Development,IT31,SSP_Visiting,3,MCA,A,403,103,82,79.61,72.82,0.75,Theory,No,No,No,Cloudy,No,12.9,Morning,Provided,Synthetic development data
04-06-2026,Thursday,3,10:15,11:15,Data Science and Machine Learning,IT32,SP_MLK,3,MCA,A,403,103,78,75.73,79.61,1.0,Theory,No,No,No,Sunny,No,14.2,Morning,Provided,Synthetic development data
04-06-2026,Thursday,4,11:15,12:15,Software Testing and Quality Assurance,IT33,DPY,3,MCA,A,403,103,78,75.73,75.73,1.0,Theory,No,No,No,Cloudy,No,2.8,Morning,Provided,Synthetic development data
04-06-2026,Thursday,5,13:30,15:30,"Practical based on Mobile Application Development, Machine Learning and Software Testing",IT31L,SSP_Visiting_SP_MLK_DPY,3,MCA,A,401/402,103,84,81.55,75.73,2.25,Practical,No,No,No,Cloudy,No,12.4,Afternoon,Provided,Synthetic development data
05-06-2026,Friday,1,08:30,09:15,"Practical based on Mobile Application Development, Machine Learning and Software Testing",IT31L,SSP_Visiting_SP_MLK_DPY,3,MCA,A,401/402,103,84,81.55,81.55,19.0,Practical,No,No,No,Sunny,No,11.2,Morning,Provided,Synthetic development data
05-06-2026,Friday,2,09:15,10:15,"Practical based on Mobile Application Development, Machine Learning and Software Testing",IT31L,SSP_Visiting_SP_MLK_DPY,3,MCA,A,401/402,103,94,91.26,81.55,0.75,Practical,No,Yes,No,Rainy,No,4.7,Morning,Provided,Synthetic development data
05-06-2026,Friday,3,10:15,11:15,Data Science and Machine Learning,IT32,SP_MLK,3,MCA,A,403,103,85,82.52,91.26,1.0,Theory,No,No,No,Rainy,No,14.1,Morning,Provided,Synthetic development data
05-06-2026,Friday,4,11:15,12:15,Principles of Cloud Management and Security,IT35,KSD_SDM,3,MCA,A,403,103,75,72.82,82.52,1.0,Theory,No,No,No,Rainy,No,7.3,Morning,Provided,Synthetic development data
08-06-2026,Monday,1,08:30,09:15,Mobile Application Development,IT31,SSP_Visiting,3,MCA,A,403,103,81,78.64,72.82,69.25,Theory,No,No,No,Cloudy,No,13.5,Morning,Provided,Synthetic development data
08-06-2026,Monday,2,09:15,10:15,Mobile Application Development,IT31,SSP_Visiting,3,MCA,A,403,103,73,70.87,78.64,0.75,Theory,No,No,No,Cloudy,No,9.9,Morning,Provided,Synthetic development data
08-06-2026,Monday,3,10:15,11:15,Innovation and Entrepreneurship Development,IT34,JSP_Visiting,3,MCA,A,403,103,90,87.38,70.87,1.0,Theory,No,No,No,Rainy,No,8.8,Morning,Provided,Synthetic development data
08-06-2026,Monday,4,11:15,12:15,Innovation and Entrepreneurship Development,IT34,JSP_Visiting,3,MCA,A,403,103,92,89.32,87.38,1.0,Theory,No,No,No,Rainy,No,4.1,Morning,Provided,Synthetic development data
08-06-2026,Monday,5,13:30,15:30,"Practical based on Mobile Application Development, Machine Learning and Software Testing",IT31L,SSP_Visiting_SP_MLK_DPY,3,MCA,A,401/402,103,79,76.7,89.32,2.25,Practical,No,No,No,Cloudy,No,13.9,Afternoon,Provided,Synthetic development data
09-06-2026,Tuesday,1,08:30,09:15,Mobile Application Development,IT31,SSP_Visiting,3,MCA,A,403,103,79,76.7,76.7,19.0,Theory,No,No,No,Sunny,No,9.2,Morning,Provided,Synthetic development data
09-06-2026,Tuesday,2,09:15,10:15,Mobile Application Development,IT31,SSP_Visiting,3,MCA,A,403,103,76,73.79,76.7,0.75,Theory,No,No,No,Cloudy,No,2.1,Morning,Provided,Synthetic development data
09-06-2026,Tuesday,3,10:15,11:15,Data Science and Machine Learning,IT32,SP_MLK,3,MCA,A,403,103,70,67.96,73.79,1.0,Theory,Yes,No,No,Rainy,No,2.2,Morning,Provided,Synthetic development data
09-06-2026,Tuesday,4,11:15,12:15,Principles of Cloud Management and Security,IT35,KSD_SDM,3,MCA,A,403,103,75,72.82,67.96,1.0,Theory,No,No,No,Rainy,No,12.1,Morning,Provided,Synthetic development data
09-06-2026,Tuesday,5,13:30,15:30,Data Science and Machine Learning,IT32,SP_MLK,3,MCA,A,403,103,72,69.9,72.82,2.25,Theory,No,No,No,Rainy,No,4.1,Afternoon,Provided,Synthetic development data
10-06-2026,Wednesday,1,08:30,09:15,Mobile Application Development,IT31,SSP_Visiting,3,MCA,A,403,103,93,90.29,69.9,19.0,Theory,No,No,No,Sunny,No,9.8,Morning,Provided,Synthetic development data
10-06-2026,Wednesday,2,09:15,10:15,Mobile Application Development,IT31,SSP_Visiting,3,MCA,A,403,103,78,75.73,90.29,0.75,Theory,No,No,No,Cloudy,No,10.9,Morning,Provided,Synthetic development data
10-06-2026,Wednesday,3,10:15,11:15,Data Science and Machine Learning,IT32,SP_MLK,3,MCA,A,403,103,75,72.82,75.73,1.0,Theory,No,No,No,Sunny,No,5.6,Morning,Provided,Synthetic development data
10-06-2026,Wednesday,4,11:15,12:15,Principles of Cloud Management and Security,IT35,KSD_SDM,3,MCA,A,403,103,84,81.55,72.82,1.0,Theory,No,No,No,Cloudy,Yes,9.4,Morning,Provided,Synthetic development data
10-06-2026,Wednesday,5,13:30,15:30,Innovation and Entrepreneurship Development,IT34,JSP_Visiting,3,MCA,A,403,103,81,78.64,81.55,2.25,Theory,No,No,No,Cloudy,No,5.1,Afternoon,Provided,Synthetic development data
11-06-2026,Thursday,1,08:30,09:15,Mobile Application Development,IT31,SSP_Visiting,3,MCA,A,403,103,85,82.52,78.64,19.0,Theory,No,No,No,Rainy,No,14.3,Morning,Provided,Synthetic development data
11-06-2026,Thursday,2,09:15,10:15,Mobile Application Development,IT31,SSP_Visiting,3,MCA,A,403,103,83,80.58,82.52,0.75,Theory,No,No,No,Sunny,No,13.2,Morning,Provided,Synthetic development data
11-06-2026,Thursday,3,10:15,11:15,Data Science and Machine Learning,IT32,SP_MLK,3,MCA,A,403,103,83,80.58,80.58,1.0,Theory,No,Yes,No,Rainy,No,5.7,Morning,Provided,Synthetic development data
11-06-2026,Thursday,4,11:15,12:15,Software Testing and Quality Assurance,IT33,DPY,3,MCA,A,403,103,81,78.64,80.58,1.0,Theory,No,No,No,Sunny,No,8.9,Morning,Provided,Synthetic development data
11-06-2026,Thursday,5,13:30,15:30,"Practical based on Mobile Application Development, Machine Learning and Software Testing",IT31L,SSP_Visiting_SP_MLK_DPY,3,MCA,A,401/402,103,90,87.38,78.64,2.25,Practical,No,No,No,Sunny,No,8.5,Afternoon,Provided,Synthetic development data
12-06-2026,Friday,1,08:30,09:15,"Practical based on Mobile Application Development, Machine Learning and Software Testing",IT31L,SSP_Visiting_SP_MLK_DPY,3,MCA,A,401/402,103,89,86.41,87.38,19.0,Practical,No,No,No,Sunny,No,14.5,Morning,Provided,Synthetic development data
12-06-2026,Friday,2,09:15,10:15,"Practical based on Mobile Application Development, Machine Learning and Software Testing",IT31L,SSP_Visiting_SP_MLK_DPY,3,MCA,A,401/402,103,86,83.5,86.41,0.75,Practical,No,Yes,No,Rainy,No,7.1,Morning,Provided,Synthetic development data
12-06-2026,Friday,3,10:15,11:15,Data Science and Machine Learning,IT32,SP_MLK,3,MCA,A,403,103,77,74.76,83.5,1.0,Theory,No,No,No,Cloudy,No,9.3,Morning,Provided,Synthetic development data
12-06-2026,Friday,4,11:15,12:15,Principles of Cloud Management and Security,IT35,KSD_SDM,3,MCA,A,403,103,85,82.52,74.76,1.0,Theory,No,No,No,Rainy,No,14.1,Morning,Provided,Synthetic development data
15-06-2026,Monday,1,08:30,09:15,Mobile Application Development,IT31,SSP_Visiting,3,MCA,A,403,103,84,81.55,82.52,69.25,Theory,No,No,No,Sunny,No,4.1,Morning,Provided,Synthetic development data
15-06-2026,Monday,2,09:15,10:15,Mobile Application Development,IT31,SSP_Visiting,3,MCA,A,403,103,91,88.35,81.55,0.75,Theory,No,Yes,No,Cloudy,No,9.2,Morning,Provided,Synthetic development data
15-06-2026,Monday,3,10:15,11:15,Innovation and Entrepreneurship Development,IT34,JSP_Visiting,3,MCA,A,403,103,81,78.64,88.35,1.0,Theory,No,Yes,No,Sunny,No,3.4,Morning,Provided,Synthetic development data
15-06-2026,Monday,4,11:15,12:15,Innovation and Entrepreneurship Development,IT34,JSP_Visiting,3,MCA,A,403,103,84,81.55,78.64,1.0,Theory,No,No,No,Cloudy,No,10.0,Morning,Provided,Synthetic development data
15-06-2026,Monday,5,13:30,15:30,"Practical based on Mobile Application Development, Machine Learning and Software Testing",IT31L,SSP_Visiting_SP_MLK_DPY,3,MCA,A,401/402,103,84,81.55,81.55,2.25,Practical,No,No,No,Rainy,No,6.8,Afternoon,Provided,Synthetic development data
16-06-2026,Tuesday,1,08:30,09:15,Mobile Application Development,IT31,SSP_Visiting,3,MCA,A,403,103,78,75.73,81.55,19.0,Theory,No,No,No,Cloudy,No,14.6,Morning,Provided,Synthetic development data
16-06-2026,Tuesday,2,09:15,10:15,Mobile Application Development,IT31,SSP_Visiting,3,MCA,A,403,103,81,78.64,75.73,0.75,Theory,No,No,No,Rainy,No,7.4,Morning,Provided,Synthetic development data
16-06-2026,Tuesday,3,10:15,11:15,Data Science and Machine Learning,IT32,SP_MLK,3,MCA,A,403,103,83,80.58,78.64,1.0,Theory,No,No,No,Rainy,No,3.8,Morning,Provided,Synthetic development data
16-06-2026,Tuesday,4,11:15,12:15,Principles of Cloud Management and Security,IT35,KSD_SDM,3,MCA,A,403,103,73,70.87,80.58,1.0,Theory,No,No,No,Cloudy,No,12.8,Morning,Provided,Synthetic development data
16-06-2026,Tuesday,5,13:30,15:30,Data Science and Machine Learning,IT32,SP_MLK,3,MCA,A,403,103,73,70.87,70.87,2.25,Theory,Yes,No,No,Cloudy,No,12.7,Afternoon,Provided,Synthetic development data
17-06-2026,Wednesday,1,08:30,09:15,Mobile Application Development,IT31,SSP_Visiting,3,MCA,A,403,103,88,85.44,70.87,19.0,Theory,No,No,No,Cloudy,Yes,11.0,Morning,Provided,Synthetic development data
17-06-2026,Wednesday,2,09:15,10:15,Mobile Application Development,IT31,SSP_Visiting,3,MCA,A,403,103,80,77.67,85.44,0.75,Theory,No,No,No,Cloudy,No,11.7,Morning,Provided,Synthetic development data
17-06-2026,Wednesday,3,10:15,11:15,Data Science and Machine Learning,IT32,SP_MLK,3,MCA,A,403,103,74,71.84,77.67,1.0,Theory,No,No,No,Cloudy,No,5.4,Morning,Provided,Synthetic development data
17-06-2026,Wednesday,4,11:15,12:15,Principles of Cloud Management and Security,IT35,KSD_SDM,3,MCA,A,403,103,88,85.44,71.84,1.0,Theory,No,No,No,Cloudy,No,10.3,Morning,Provided,Synthetic development data
17-06-2026,Wednesday,5,13:30,15:30,Innovation and Entrepreneurship Development,IT34,JSP_Visiting,3,MCA,A,403,103,70,67.96,85.44,2.25,Theory,No,No,No,Sunny,No,2.5,Afternoon,Provided,Synthetic development data
18-06-2026,Thursday,1,08:30,09:15,Mobile Application Development,IT31,SSP_Visiting,3,MCA,A,403,103,82,79.61,67.96,19.0,Theory,No,No,No,Rainy,No,4.6,Morning,Provided,Synthetic development data
18-06-2026,Thursday,2,09:15,10:15,Mobile Application Development,IT31,SSP_Visiting,3,MCA,A,403,103,77,74.76,79.61,0.75,Theory,No,No,No,Rainy,No,14.1,Morning,Provided,Synthetic development data
18-06-2026,Thursday,3,10:15,11:15,Data Science and Machine Learning,IT32,SP_MLK,3,MCA,A,403,103,71,68.93,74.76,1.0,Theory,No,No,No,Rainy,No,11.6,Morning,Provided,Synthetic development data
18-06-2026,Thursday,4,11:15,12:15,Software Testing and Quality Assurance,IT33,DPY,3,MCA,A,403,103,80,77.67,68.93,1.0,Theory,No,No,No,Sunny,Yes,5.0,Morning,Provided,Synthetic development data
18-06-2026,Thursday,5,13:30,15:30,"Practical based on Mobile Application Development, Machine Learning and Software Testing",IT31L,SSP_Visiting_SP_MLK_DPY,3,MCA,A,401/402,103,86,83.5,77.67,2.25,Practical,No,Yes,No,Sunny,No,3.4,Afternoon,Provided,Synthetic development data
19-06-2026,Friday,1,08:30,09:15,"Practical based on Mobile Application Development, Machine Learning and Software Testing",IT31L,SSP_Visiting_SP_MLK_DPY,3,MCA,A,401/402,103,87,84.47,83.5,19.0,Practical,No,No,No,Rainy,No,14.3,Morning,Provided,Synthetic development data
19-06-2026,Friday,2,09:15,10:15,"Practical based on Mobile Application Development, Machine Learning and Software Testing",IT31L,SSP_Visiting_SP_MLK_DPY,3,MCA,A,401/402,103,89,86.41,84.47,0.75,Practical,No,No,No,Rainy,No,3.5,Morning,Provided,Synthetic development data
19-06-2026,Friday,3,10:15,11:15,Data Science and Machine Learning,IT32,SP_MLK,3,MCA,A,403,103,76,73.79,86.41,1.0,Theory,No,No,No,Rainy,No,5.3,Morning,Provided,Synthetic development data
19-06-2026,Friday,4,11:15,12:15,Principles of Cloud Management and Security,IT35,KSD_SDM,3,MCA,A,403,103,80,77.67,73.79,1.0,Theory,No,No,No,Cloudy,No,4.4,Morning,Provided,Synthetic development data
22-06-2026,Monday,1,08:30,09:15,Mobile Application Development,IT31,SSP_Visiting,3,MCA,A,403,103,82,79.61,77.67,69.25,Theory,No,No,No,Cloudy,No,2.1,Morning,Provided,Synthetic development data
22-06-2026,Monday,2,09:15,10:15,Mobile Application Development,IT31,SSP_Visiting,3,MCA,A,403,103,83,80.58,79.61,0.75,Theory,No,No,No,Sunny,No,6.1,Morning,Provided,Synthetic development data
22-06-2026,Monday,3,10:15,11:15,Innovation and Entrepreneurship Development,IT34,JSP_Visiting,3,MCA,A,403,103,85,82.52,80.58,1.0,Theory,No,No,No,Cloudy,No,14.7,Morning,Provided,Synthetic development data
22-06-2026,Monday,4,11:15,12:15,Innovation and Entrepreneurship Development,IT34,JSP_Visiting,3,MCA,A,403,103,85,82.52,82.52,1.0,Theory,No,No,No,Sunny,No,6.4,Morning,Provided,Synthetic development data
22-06-2026,Monday,5,13:30,15:30,"Practical based on Mobile Application Development, Machine Learning and Software Testing",IT31L,SSP_Visiting_SP_MLK_DPY,3,MCA,A,401/402,103,86,83.5,82.52,2.25,Practical,No,No,No,Rainy,No,8.6,Afternoon,Provided,Synthetic development data
23-06-2026,Tuesday,1,08:30,09:15,Mobile Application Development,IT31,SSP_Visiting,3,MCA,A,403,103,77,74.76,83.5,19.0,Theory,No,No,No,Rainy,No,11.7,Morning,Provided,Synthetic development data
23-06-2026,Tuesday,2,09:15,10:15,Mobile Application Development,IT31,SSP_Visiting,3,MCA,A,403,103,90,87.38,74.76,0.75,Theory,No,No,No,Cloudy,No,9.2,Morning,Provided,Synthetic development data
23-06-2026,Tuesday,3,10:15,11:15,Data Science and Machine Learning,IT32,SP_MLK,3,MCA,A,403,103,77,74.76,87.38,1.0,Theory,No,No,No,Rainy,Yes,11.7,Morning,Provided,Synthetic development data
23-06-2026,Tuesday,4,11:15,12:15,Principles of Cloud Management and Security,IT35,KSD_SDM,3,MCA,A,403,103,71,68.93,74.76,1.0,Theory,No,No,No,Sunny,No,10.6,Morning,Provided,Synthetic development data
23-06-2026,Tuesday,5,13:30,15:30,Data Science and Machine Learning,IT32,SP_MLK,3,MCA,A,403,103,73,70.87,68.93,2.25,Theory,Yes,No,No,Rainy,No,9.9,Afternoon,Provided,Synthetic development data
24-06-2026,Wednesday,1,08:30,09:15,Mobile Application Development,IT31,SSP_Visiting,3,MCA,A,403,103,78,75.73,70.87,19.0,Theory,No,No,No,Cloudy,No,10.4,Morning,Provided,Synthetic development data
24-06-2026,Wednesday,2,09:15,10:15,Mobile Application Development,IT31,SSP_Visiting,3,MCA,A,403,103,68,66.02,75.73,0.75,Theory,No,No,No,Cloudy,No,12.4,Morning,Provided,Synthetic development data
24-06-2026,Wednesday,3,10:15,11:15,Data Science and Machine Learning,IT32,SP_MLK,3,MCA,A,403,103,69,66.99,66.02,1.0,Theory,No,No,No,Cloudy,No,11.2,Morning,Provided,Synthetic development data
24-06-2026,Wednesday,4,11:15,12:15,Principles of Cloud Management and Security,IT35,KSD_SDM,3,MCA,A,403,103,82,79.61,66.99,1.0,Theory,No,No,No,Cloudy,No,12.3,Morning,Provided,Synthetic development data
24-06-2026,Wednesday,5,13:30,15:30,Innovation and Entrepreneurship Development,IT34,JSP_Visiting,3,MCA,A,403,103,81,78.64,79.61,2.25,Theory,No,No,No,Sunny,No,3.9,Afternoon,Provided,Synthetic development data
25-06-2026,Thursday,1,08:30,09:15,Mobile Application Development,IT31,SSP_Visiting,3,MCA,A,403,103,88,85.44,78.64,19.0,Theory,No,No,No,Cloudy,No,10.8,Morning,Provided,Synthetic development data
25-06-2026,Thursday,2,09:15,10:15,Mobile Application Development,IT31,SSP_Visiting,3,MCA,A,403,103,85,82.52,85.44,0.75,Theory,No,No,No,Cloudy,No,11.6,Morning,Provided,Synthetic development data
25-06-2026,Thursday,3,10:15,11:15,Data Science and Machine Learning,IT32,SP_MLK,3,MCA,A,403,103,76,73.79,82.52,1.0,Theory,No,No,No,Sunny,No,5.9,Morning,Provided,Synthetic development data
25-06-2026,Thursday,4,11:15,12:15,Software Testing and Quality Assurance,IT33,DPY,3,MCA,A,403,103,75,72.82,73.79,1.0,Theory,No,No,No,Rainy,No,13.4,Morning,Provided,Synthetic development data
25-06-2026,Thursday,5,13:30,15:30,"Practical based on Mobile Application Development, Machine Learning and Software Testing",IT31L,SSP_Visiting_SP_MLK_DPY,3,MCA,A,401/402,103,83,80.58,72.82,2.25,Practical,No,No,No,Rainy,No,6.0,Afternoon,Provided,Synthetic development data
26-06-2026,Friday,1,08:30,09:15,"Practical based on Mobile Application Development, Machine Learning and Software Testing",IT31L,SSP_Visiting_SP_MLK_DPY,3,MCA,A,401/402,103,97,94.17,80.58,19.0,Practical,No,No,No,Cloudy,No,5.2,Morning,Provided,Synthetic development data
26-06-2026,Friday,2,09:15,10:15,"Practical based on Mobile Application Development, Machine Learning and Software Testing",IT31L,SSP_Visiting_SP_MLK_DPY,3,MCA,A,401/402,103,91,88.35,94.17,0.75,Practical,No,No,No,Sunny,No,13.3,Morning,Provided,Synthetic development data
26-06-2026,Friday,3,10:15,11:15,Data Science and Machine Learning,IT32,SP_MLK,3,MCA,A,403,103,74,71.84,88.35,1.0,Theory,No,No,No,Sunny,No,5.2,Morning,Provided,Synthetic development data
26-06-2026,Friday,4,11:15,12:15,Principles of Cloud Management and Security,IT35,KSD_SDM,3,MCA,A,403,103,81,78.64,71.84,1.0,Theory,No,No,No,Sunny,No,7.4,Morning,Provided,Synthetic development data
29-06-2026,Monday,1,08:30,09:15,Mobile Application Development,IT31,SSP_Visiting,3,MCA,A,403,103,84,81.55,78.64,69.25,Theory,No,No,No,Rainy,No,6.8,Morning,Provided,Synthetic development data
29-06-2026,Monday,2,09:15,10:15,Mobile Application Development,IT31,SSP_Visiting,3,MCA,A,403,103,82,79.61,81.55,0.75,Theory,No,No,No,Sunny,Yes,13.7,Morning,Provided,Synthetic development data
29-06-2026,Monday,3,10:15,11:15,Innovation and Entrepreneurship Development,IT34,JSP_Visiting,3,MCA,A,403,103,87,84.47,79.61,1.0,Theory,No,Yes,No,Rainy,No,7.9,Morning,Provided,Synthetic development data
29-06-2026,Monday,4,11:15,12:15,Innovation and Entrepreneurship Development,IT34,JSP_Visiting,3,MCA,A,403,103,86,83.5,84.47,1.0,Theory,No,No,No,Cloudy,No,11.0,Morning,Provided,Synthetic development data
29-06-2026,Monday,5,13:30,15:30,"Practical based on Mobile Application Development, Machine Learning and Software Testing",IT31L,SSP_Visiting_SP_MLK_DPY,3,MCA,A,401/402,103,88,85.44,83.5,2.25,Practical,No,No,No,Cloudy,No,12.3,Afternoon,Provided,Synthetic development data
30-06-2026,Tuesday,1,08:30,09:15,Mobile Application Development,IT31,SSP_Visiting,3,MCA,A,403,103,89,86.41,85.44,19.0,Theory,No,No,No,Rainy,No,10.2,Morning,Provided,Synthetic development data
30-06-2026,Tuesday,2,09:15,10:15,Mobile Application Development,IT31,SSP_Visiting,3,MCA,A,403,103,81,78.64,86.41,0.75,Theory,No,No,No,Rainy,No,14.3,Morning,Provided,Synthetic development data
30-06-2026,Tuesday,3,10:15,11:15,Data Science and Machine Learning,IT32,SP_MLK,3,MCA,A,403,103,74,71.84,78.64,1.0,Theory,No,No,No,Sunny,No,12.4,Morning,Provided,Synthetic development data
30-06-2026,Tuesday,4,11:15,12:15,Principles of Cloud Management and Security,IT35,KSD_SDM,3,MCA,A,403,103,76,73.79,71.84,1.0,Theory,No,No,No,Rainy,No,7.2,Morning,Provided,Synthetic development data
30-06-2026,Tuesday,5,13:30,15:30,Data Science and Machine Learning,IT32,SP_MLK,3,MCA,A,403,103,70,67.96,73.79,2.25,Theory,No,No,No,Rainy,No,14.4,Afternoon,Provided,Synthetic development data
01-07-2026,Wednesday,1,08:30,09:15,Mobile Application Development,IT31,SSP_Visiting,3,MCA,A,403,103,89,86.41,67.96,19.0,Theory,No,No,No,Rainy,No,8.8,Morning,Provided,Synthetic development data
01-07-2026,Wednesday,2,09:15,10:15,Mobile Application Development,IT31,SSP_Visiting,3,MCA,A,403,103,83,80.58,86.41,0.75,Theory,No,No,No,Sunny,No,2.3,Morning,Provided,Synthetic development data
01-07-2026,Wednesday,3,10:15,11:15,Data Science and Machine Learning,IT32,SP_MLK,3,MCA,A,403,103,77,74.76,80.58,1.0,Theory,No,No,No,Sunny,No,5.4,Morning,Provided,Synthetic development data
01-07-2026,Wednesday,4,11:15,12:15,Principles of Cloud Management and Security,IT35,KSD_SDM,3,MCA,A,403,103,79,76.7,74.76,1.0,Theory,No,No,No,Sunny,No,10.1,Morning,Provided,Synthetic development data
01-07-2026,Wednesday,5,13:30,15:30,Innovation and Entrepreneurship Development,IT34,JSP_Visiting,3,MCA,A,403,103,80,77.67,76.7,2.25,Theory,No,No,No,Sunny,No,4.0,Afternoon,Provided,Synthetic development data
02-07-2026,Thursday,1,08:30,09:15,Mobile Application Development,IT31,SSP_Visiting,3,MCA,A,403,103,78,75.73,77.67,19.0,Theory,No,No,No,Cloudy,No,9.6,Morning,Provided,Synthetic development data
02-07-2026,Thursday,2,09:15,10:15,Mobile Application Development,IT31,SSP_Visiting,3,MCA,A,403,103,88,85.44,75.73,0.75,Theory,No,Yes,No,Rainy,No,6.7,Morning,Provided,Synthetic development data
02-07-2026,Thursday,3,10:15,11:15,Data Science and Machine Learning,IT32,SP_MLK,3,MCA,A,403,103,71,68.93,85.44,1.0,Theory,Yes,Yes,No,Rainy,No,8.9,Morning,Provided,Synthetic development data
02-07-2026,Thursday,4,11:15,12:15,Software Testing and Quality Assurance,IT33,DPY,3,MCA,A,403,103,68,66.02,68.93,1.0,Theory,No,No,No,Cloudy,No,2.0,Morning,Provided,Synthetic development data
02-07-2026,Thursday,5,13:30,15:30,"Practical based on Mobile Application Development, Machine Learning and Software Testing",IT31L,SSP_Visiting_SP_MLK_DPY,3,MCA,A,401/402,103,84,81.55,66.02,2.25,Practical,No,No,No,Cloudy,No,13.0,Afternoon,Provided,Synthetic development data
03-07-2026,Friday,1,08:30,09:15,"Practical based on Mobile Application Development, Machine Learning and Software Testing",IT31L,SSP_Visiting_SP_MLK_DPY,3,MCA,A,401/402,103,87,84.47,81.55,19.0,Practical,No,No,No,Rainy,No,6.7,Morning,Provided,Synthetic development data
03-07-2026,Friday,2,09:15,10:15,"Practical based on Mobile Application Development, Machine Learning and Software Testing",IT31L,SSP_Visiting_SP_MLK_DPY,3,MCA,A,401/402,103,92,89.32,84.47,0.75,Practical,No,No,No,Cloudy,No,3.8,Morning,Provided,Synthetic development data
03-07-2026,Friday,3,10:15,11:15,Data Science and Machine Learning,IT32,SP_MLK,3,MCA,A,403,103,81,78.64,89.32,1.0,Theory,No,No,No,Sunny,No,7.7,Morning,Provided,Synthetic development data
03-07-2026,Friday,4,11:15,12:15,Principles of Cloud Management and Security,IT35,KSD_SDM,3,MCA,A,403,103,70,67.96,78.64,1.0,Theory,No,No,No,Rainy,No,8.3,Morning,Provided,Synthetic development data
06-07-2026,Monday,1,08:30,09:15,Mobile Application Development,IT31,SSP_Visiting,3,MCA,A,403,103,83,80.58,67.96,69.25,Theory,No,No,No,Rainy,No,10.3,Morning,Provided,Synthetic development data
06-07-2026,Monday,2,09:15,10:15,Mobile Application Development,IT31,SSP_Visiting,3,MCA,A,403,103,82,79.61,80.58,0.75,Theory,No,No,No,Sunny,No,8.8,Morning,Provided,Synthetic development data
06-07-2026,Monday,3,10:15,11:15,Innovation and Entrepreneurship Development,IT34,JSP_Visiting,3,MCA,A,403,103,80,77.67,79.61,1.0,Theory,No,No,No,Cloudy,No,2.6,Morning,Provided,Synthetic development data
06-07-2026,Monday,4,11:15,12:15,Innovation and Entrepreneurship Development,IT34,JSP_Visiting,3,MCA,A,403,103,79,76.7,77.67,1.0,Theory,No,No,No,Sunny,No,13.3,Morning,Provided,Synthetic development data
06-07-2026,Monday,5,13:30,15:30,"Practical based on Mobile Application Development, Machine Learning and Software Testing",IT31L,SSP_Visiting_SP_MLK_DPY,3,MCA,A,401/402,103,82,79.61,76.7,2.25,Practical,No,Yes,No,Rainy,No,7.9,Afternoon,Provided,Synthetic development data
07-07-2026,Tuesday,1,08:30,09:15,Mobile Application Development,IT31,SSP_Visiting,3,MCA,A,403,103,86,83.5,79.61,19.0,Theory,No,No,No,Sunny,No,3.0,Morning,Provided,Synthetic development data
07-07-2026,Tuesday,2,09:15,10:15,Mobile Application Development,IT31,SSP_Visiting,3,MCA,A,403,103,71,68.93,83.5,0.75,Theory,No,No,No,Sunny,No,12.0,Morning,Provided,Synthetic development data
07-07-2026,Tuesday,3,10:15,11:15,Data Science and Machine Learning,IT32,SP_MLK,3,MCA,A,403,103,75,72.82,68.93,1.0,Theory,No,No,No,Sunny,No,10.6,Morning,Provided,Synthetic development data
07-07-2026,Tuesday,4,11:15,12:15,Principles of Cloud Management and Security,IT35,KSD_SDM,3,MCA,A,403,103,73,70.87,72.82,1.0,Theory,Yes,No,No,Cloudy,No,10.4,Morning,Provided,Synthetic development data
07-07-2026,Tuesday,5,13:30,15:30,Data Science and Machine Learning,IT32,SP_MLK,3,MCA,A,403,103,65,63.11,70.87,2.25,Theory,No,No,No,Rainy,No,7.5,Afternoon,Provided,Synthetic development data
08-07-2026,Wednesday,1,08:30,09:15,Mobile Application Development,IT31,SSP_Visiting,3,MCA,A,403,103,81,78.64,63.11,19.0,Theory,No,No,No,Cloudy,No,7.3,Morning,Provided,Synthetic development data
08-07-2026,Wednesday,2,09:15,10:15,Mobile Application Development,IT31,SSP_Visiting,3,MCA,A,403,103,74,71.84,78.64,0.75,Theory,No,No,No,Rainy,No,9.0,Morning,Provided,Synthetic development data
08-07-2026,Wednesday,3,10:15,11:15,Data Science and Machine Learning,IT32,SP_MLK,3,MCA,A,403,103,82,79.61,71.84,1.0,Theory,No,No,No,Cloudy,No,2.7,Morning,Provided,Synthetic development data
08-07-2026,Wednesday,4,11:15,12:15,Principles of Cloud Management and Security,IT35,KSD_SDM,3,MCA,A,403,103,76,73.79,79.61,1.0,Theory,No,No,No,Rainy,No,5.9,Morning,Provided,Synthetic development data
08-07-2026,Wednesday,5,13:30,15:30,Innovation and Entrepreneurship Development,IT34,JSP_Visiting,3,MCA,A,403,103,69,66.99,73.79,2.25,Theory,No,No,No,Cloudy,No,14.8,Afternoon,Provided,Synthetic development data
09-07-2026,Thursday,1,08:30,09:15,Mobile Application Development,IT31,SSP_Visiting,3,MCA,A,403,103,79,76.7,66.99,19.0,Theory,No,No,No,Sunny,No,10.6,Morning,Provided,Synthetic development data
09-07-2026,Thursday,2,09:15,10:15,Mobile Application Development,IT31,SSP_Visiting,3,MCA,A,403,103,91,88.35,76.7,0.75,Theory,No,No,No,Rainy,No,7.4,Morning,Provided,Synthetic development data
09-07-2026,Thursday,3,10:15,11:15,Data Science and Machine Learning,IT32,SP_MLK,3,MCA,A,403,103,79,76.7,88.35,1.0,Theory,No,No,No,Sunny,No,4.9,Morning,Provided,Synthetic development data
09-07-2026,Thursday,4,11:15,12:15,Software Testing and Quality Assurance,IT33,DPY,3,MCA,A,403,103,77,74.76,76.7,1.0,Theory,No,No,No,Cloudy,No,11.7,Morning,Provided,Synthetic development data
09-07-2026,Thursday,5,13:30,15:30,"Practical based on Mobile Application Development, Machine Learning and Software Testing",IT31L,SSP_Visiting_SP_MLK_DPY,3,MCA,A,401/402,103,88,85.44,74.76,2.25,Practical,No,No,No,Rainy,No,5.4,Afternoon,Provided,Synthetic development data
10-07-2026,Friday,1,08:30,09:15,"Practical based on Mobile Application Development, Machine Learning and Software Testing",IT31L,SSP_Visiting_SP_MLK_DPY,3,MCA,A,401/402,103,91,88.35,85.44,19.0,Practical,No,No,No,Sunny,No,4.1,Morning,Provided,Synthetic development data
10-07-2026,Friday,2,09:15,10:15,"Practical based on Mobile Application Development, Machine Learning and Software Testing",IT31L,SSP_Visiting_SP_MLK_DPY,3,MCA,A,401/402,103,88,85.44,88.35,0.75,Practical,No,No,No,Rainy,No,4.0,Morning,Provided,Synthetic development data
10-07-2026,Friday,3,10:15,11:15,Data Science and Machine Learning,IT32,SP_MLK,3,MCA,A,403,103,81,78.64,85.44,1.0,Theory,No,No,No,Rainy,No,11.5,Morning,Provided,Synthetic development data
10-07-2026,Friday,4,11:15,12:15,Principles of Cloud Management and Security,IT35,KSD_SDM,3,MCA,A,403,103,78,75.73,78.64,1.0,Theory,No,No,No,Rainy,No,10.4,Morning,Provided,Synthetic development data
13-07-2026,Monday,1,08:30,09:15,Mobile Application Development,IT31,SSP_Visiting,3,MCA,A,403,103,85,82.52,75.73,69.25,Theory,No,No,No,Sunny,Yes,2.9,Morning,Provided,Synthetic development data
13-07-2026,Monday,2,09:15,10:15,Mobile Application Development,IT31,SSP_Visiting,3,MCA,A,403,103,65,63.11,82.52,0.75,Theory,No,No,No,Sunny,No,3.5,Morning,Provided,Synthetic development data
13-07-2026,Monday,3,10:15,11:15,Innovation and Entrepreneurship Development,IT34,JSP_Visiting,3,MCA,A,403,103,93,90.29,63.11,1.0,Theory,No,No,No,Cloudy,No,10.2,Morning,Provided,Synthetic development data
13-07-2026,Monday,4,11:15,12:15,Innovation and Entrepreneurship Development,IT34,JSP_Visiting,3,MCA,A,403,103,82,79.61,90.29,1.0,Theory,No,No,No,Rainy,No,9.4,Morning,Provided,Synthetic development data
13-07-2026,Monday,5,13:30,15:30,"Practical based on Mobile Application Development, Machine Learning and Software Testing",IT31L,SSP_Visiting_SP_MLK_DPY,3,MCA,A,401/402,103,88,85.44,79.61,2.25,Practical,No,No,No,Rainy,No,10.9,Afternoon,Provided,Synthetic development data
14-07-2026,Tuesday,1,08:30,09:15,Mobile Application Development,IT31,SSP_Visiting,3,MCA,A,403,103,79,76.7,85.44,19.0,Theory,No,Yes,No,Rainy,No,4.3,Morning,Provided,Synthetic development data
14-07-2026,Tuesday,2,09:15,10:15,Mobile Application Development,IT31,SSP_Visiting,3,MCA,A,403,103,81,78.64,76.7,0.75,Theory,No,No,No,Cloudy,No,11.4,Morning,Provided,Synthetic development data
14-07-2026,Tuesday,3,10:15,11:15,Data Science and Machine Learning,IT32,SP_MLK,3,MCA,A,403,103,82,79.61,78.64,1.0,Theory,Yes,No,No,Sunny,No,14.2,Morning,Provided,Synthetic development data
14-07-2026,Tuesday,4,11:15,12:15,Principles of Cloud Management and Security,IT35,KSD_SDM,3,MCA,A,403,103,81,78.64,79.61,1.0,Theory,No,No,No,Cloudy,Yes,9.8,Morning,Provided,Synthetic development data
14-07-2026,Tuesday,5,13:30,15:30,Data Science and Machine Learning,IT32,SP_MLK,3,MCA,A,403,103,73,70.87,78.64,2.25,Theory,No,No,No,Cloudy,No,4.5,Afternoon,Provided,Synthetic development data
15-07-2026,Wednesday,1,08:30,09:15,Mobile Application Development,IT31,SSP_Visiting,3,MCA,A,403,103,86,83.5,70.87,19.0,Theory,No,Yes,No,Sunny,No,10.8,Morning,Provided,Synthetic development data
15-07-2026,Wednesday,2,09:15,10:15,Mobile Application Development,IT31,SSP_Visiting,3,MCA,A,403,103,86,83.5,83.5,0.75,Theory,No,No,No,Cloudy,No,6.5,Morning,Provided,Synthetic development data
15-07-2026,Wednesday,3,10:15,11:15,Data Science and Machine Learning,IT32,SP_MLK,3,MCA,A,403,103,81,78.64,83.5,1.0,Theory,No,No,No,Cloudy,No,2.6,Morning,Provided,Synthetic development data
15-07-2026,Wednesday,4,11:15,12:15,Principles of Cloud Management and Security,IT35,KSD_SDM,3,MCA,A,403,103,72,69.9,78.64,1.0,Theory,No,No,No,Rainy,No,5.9,Morning,Provided,Synthetic development data
15-07-2026,Wednesday,5,13:30,15:30,Innovation and Entrepreneurship Development,IT34,JSP_Visiting,3,MCA,A,403,103,86,83.5,69.9,2.25,Theory,No,No,No,Cloudy,No,13.8,Afternoon,Provided,Synthetic development data
16-07-2026,Thursday,1,08:30,09:15,Mobile Application Development,IT31,SSP_Visiting,3,MCA,A,403,103,82,79.61,83.5,19.0,Theory,No,No,No,Cloudy,No,7.3,Morning,Provided,Synthetic development data
16-07-2026,Thursday,2,09:15,10:15,Mobile Application Development,IT31,SSP_Visiting,3,MCA,A,403,103,83,80.58,79.61,0.75,Theory,No,Yes,No,Sunny,No,13.2,Morning,Provided,Synthetic development data
16-07-2026,Thursday,3,10:15,11:15,Data Science and Machine Learning,IT32,SP_MLK,3,MCA,A,403,103,86,83.5,80.58,1.0,Theory,No,No,No,Cloudy,No,8.6,Morning,Provided,Synthetic development data
16-07-2026,Thursday,4,11:15,12:15,Software Testing and Quality Assurance,IT33,DPY,3,MCA,A,403,103,78,75.73,83.5,1.0,Theory,No,No,No,Cloudy,No,8.7,Morning,Provided,Synthetic development data
16-07-2026,Thursday,5,13:30,15:30,"Practical based on Mobile Application Development, Machine Learning and Software Testing",IT31L,SSP_Visiting_SP_MLK_DPY,3,MCA,A,401/402,103,81,78.64,75.73,2.25,Practical,No,Yes,No,Cloudy,No,2.1,Afternoon,Provided,Synthetic development data
17-07-2026,Friday,1,08:30,09:15,"Practical based on Mobile Application Development, Machine Learning and Software Testing",IT31L,SSP_Visiting_SP_MLK_DPY,3,MCA,A,401/402,103,86,83.5,78.64,19.0,Practical,No,No,No,Rainy,No,10.3,Morning,Provided,Synthetic development data
17-07-2026,Friday,2,09:15,10:15,"Practical based on Mobile Application Development, Machine Learning and Software Testing",IT31L,SSP_Visiting_SP_MLK_DPY,3,MCA,A,401/402,103,95,92.23,83.5,0.75,Practical,No,No,No,Cloudy,No,3.4,Morning,Provided,Synthetic development data
17-07-2026,Friday,3,10:15,11:15,Data Science and Machine Learning,IT32,SP_MLK,3,MCA,A,403,103,76,73.79,92.23,1.0,Theory,No,No,No,Cloudy,No,8.2,Morning,Provided,Synthetic development data
17-07-2026,Friday,4,11:15,12:15,Principles of Cloud Management and Security,IT35,KSD_SDM,3,MCA,A,403,103,79,76.7,73.79,1.0,Theory,No,No,No,Sunny,No,5.4,Morning,Provided,Synthetic development data
20-07-2026,Monday,1,08:30,09:15,Mobile Application Development,IT31,SSP_Visiting,3,MCA,A,403,103,89,86.41,76.7,69.25,Theory,Yes,No,No,Cloudy,No,7.1,Morning,Provided,Synthetic development data
20-07-2026,Monday,2,09:15,10:15,Mobile Application Development,IT31,SSP_Visiting,3,MCA,A,403,103,76,73.79,86.41,0.75,Theory,Yes,No,No,Rainy,No,9.0,Morning,Provided,Synthetic development data
20-07-2026,Monday,3,10:15,11:15,Innovation and Entrepreneurship Development,IT34,JSP_Visiting,3,MCA,A,403,103,77,74.76,73.79,1.0,Theory,Yes,No,No,Cloudy,No,2.2,Morning,Provided,Synthetic development data
20-07-2026,Monday,4,11:15,12:15,Innovation and Entrepreneurship Development,IT34,JSP_Visiting,3,MCA,A,403,103,71,68.93,74.76,1.0,Theory,No,No,No,Sunny,No,5.7,Morning,Provided,Synthetic development data
20-07-2026,Monday,5,13:30,15:30,"Practical based on Mobile Application Development, Machine Learning and Software Testing",IT31L,SSP_Visiting_SP_MLK_DPY,3,MCA,A,401/402,103,79,76.7,68.93,2.25,Practical,No,No,No,Sunny,No,14.9,Afternoon,Provided,Synthetic development data
21-07-2026,Tuesday,1,08:30,09:15,Mobile Application Development,IT31,SSP_Visiting,3,MCA,A,403,103,85,82.52,76.7,19.0,Theory,Yes,No,No,Rainy,No,2.7,Morning,Provided,Synthetic development data
21-07-2026,Tuesday,2,09:15,10:15,Mobile Application Development,IT31,SSP_Visiting,3,MCA,A,403,103,79,76.7,82.52,0.75,Theory,No,Yes,No,Cloudy,No,6.2,Morning,Provided,Synthetic development data
21-07-2026,Tuesday,3,10:15,11:15,Data Science and Machine Learning,IT32,SP_MLK,3,MCA,A,403,103,64,62.14,76.7,1.0,Theory,No,No,No,Sunny,No,6.2,Morning,Provided,Synthetic development data
21-07-2026,Tuesday,4,11:15,12:15,Principles of Cloud Management and Security,IT35,KSD_SDM,3,MCA,A,403,103,90,87.38,62.14,1.0,Theory,No,No,No,Sunny,No,6.9,Morning,Provided,Synthetic development data
21-07-2026,Tuesday,5,13:30,15:30,Data Science and Machine Learning,IT32,SP_MLK,3,MCA,A,403,103,65,63.11,87.38,2.25,Theory,No,No,No,Rainy,No,10.9,Afternoon,Provided,Synthetic development data
22-07-2026,Wednesday,1,08:30,09:15,Mobile Application Development,IT31,SSP_Visiting,3,MCA,A,403,103,83,80.58,63.11,19.0,Theory,No,Yes,No,Rainy,No,5.2,Morning,Provided,Synthetic development data
22-07-2026,Wednesday,2,09:15,10:15,Mobile Application Development,IT31,SSP_Visiting,3,MCA,A,403,103,85,82.52,80.58,0.75,Theory,No,No,No,Sunny,No,8.0,Morning,Provided,Synthetic development data
22-07-2026,Wednesday,3,10:15,11:15,Data Science and Machine Learning,IT32,SP_MLK,3,MCA,A,403,103,81,78.64,82.52,1.0,Theory,No,No,No,Rainy,No,10.4,Morning,Provided,Synthetic development data
22-07-2026,Wednesday,4,11:15,12:15,Principles of Cloud Management and Security,IT35,KSD_SDM,3,MCA,A,403,103,80,77.67,78.64,1.0,Theory,No,No,No,Cloudy,No,6.2,Morning,Provided,Synthetic development data
22-07-2026,Wednesday,5,13:30,15:30,Innovation and Entrepreneurship Development,IT34,JSP_Visiting,3,MCA,A,403,103,78,75.73,77.67,2.25,Theory,No,No,No,Sunny,No,14.3,Afternoon,Provided,Synthetic development data
23-07-2026,Thursday,1,08:30,09:15,Mobile Application Development,IT31,SSP_Visiting,3,MCA,A,403,103,75,72.82,75.73,19.0,Theory,No,No,No,Sunny,Yes,14.7,Morning,Provided,Synthetic development data
23-07-2026,Thursday,2,09:15,10:15,Mobile Application Development,IT31,SSP_Visiting,3,MCA,A,403,103,75,72.82,72.82,0.75,Theory,No,No,No,Cloudy,No,3.6,Morning,Provided,Synthetic development data
23-07-2026,Thursday,3,10:15,11:15,Data Science and Machine Learning,IT32,SP_MLK,3,MCA,A,403,103,78,75.73,72.82,1.0,Theory,No,No,No,Rainy,No,6.5,Morning,Provided,Synthetic development data
23-07-2026,Thursday,4,11:15,12:15,Software Testing and Quality Assurance,IT33,DPY,3,MCA,A,403,103,82,79.61,75.73,1.0,Theory,No,No,No,Cloudy,No,4.7,Morning,Provided,Synthetic development data
23-07-2026,Thursday,5,13:30,15:30,"Practical based on Mobile Application Development, Machine Learning and Software Testing",IT31L,SSP_Visiting_SP_MLK_DPY,3,MCA,A,401/402,103,87,84.47,79.61,2.25,Practical,No,No,No,Rainy,No,4.4,Afternoon,Provided,Synthetic development data
24-07-2026,Friday,1,08:30,09:15,"Practical based on Mobile Application Development, Machine Learning and Software Testing",IT31L,SSP_Visiting_SP_MLK_DPY,3,MCA,A,401/402,103,90,87.38,84.47,19.0,Practical,No,No,No,Sunny,No,8.4,Morning,Provided,Synthetic development data
24-07-2026,Friday,2,09:15,10:15,"Practical based on Mobile Application Development, Machine Learning and Software Testing",IT31L,SSP_Visiting_SP_MLK_DPY,3,MCA,A,401/402,103,83,80.58,87.38,0.75,Practical,No,No,No,Cloudy,No,9.3,Morning,Provided,Synthetic development data
24-07-2026,Friday,3,10:15,11:15,Data Science and Machine Learning,IT32,SP_MLK,3,MCA,A,403,103,78,75.73,80.58,1.0,Theory,No,No,No,Rainy,No,7.5,Morning,Provided,Synthetic development data
24-07-2026,Friday,4,11:15,12:15,Principles of Cloud Management and Security,IT35,KSD_SDM,3,MCA,A,403,103,71,68.93,75.73,1.0,Theory,No,No,No,Sunny,No,5.5,Morning,Provided,Synthetic development data
27-07-2026,Monday,1,08:30,09:15,Mobile Application Development,IT31,SSP_Visiting,3,MCA,A,403,103,80,77.67,68.93,69.25,Theory,No,No,No,Rainy,No,5.6,Morning,Provided,Synthetic development data
27-07-2026,Monday,2,09:15,10:15,Mobile Application Development,IT31,SSP_Visiting,3,MCA,A,403,103,83,80.58,77.67,0.75,Theory,No,No,No,Sunny,No,14.9,Morning,Provided,Synthetic development data
27-07-2026,Monday,3,10:15,11:15,Innovation and Entrepreneurship Development,IT34,JSP_Visiting,3,MCA,A,403,103,84,81.55,80.58,1.0,Theory,No,No,No,Sunny,No,14.0,Morning,Provided,Synthetic development data
27-07-2026,Monday,4,11:15,12:15,Innovation and Entrepreneurship Development,IT34,JSP_Visiting,3,MCA,A,403,103,89,86.41,81.55,1.0,Theory,No,No,No,Cloudy,No,3.0,Morning,Provided,Synthetic development data
27-07-2026,Monday,5,13:30,15:30,"Practical based on Mobile Application Development, Machine Learning and Software Testing",IT31L,SSP_Visiting_SP_MLK_DPY,3,MCA,A,401/402,103,83,80.58,86.41,2.25,Practical,No,No,No,Cloudy,No,10.5,Afternoon,Provided,Synthetic development data
28-07-2026,Tuesday,1,08:30,09:15,Mobile Application Development,IT31,SSP_Visiting,3,MCA,A,403,103,77,74.76,80.58,19.0,Theory,No,No,No,Rainy,No,7.9,Morning,Provided,Synthetic development data
28-07-2026,Tuesday,2,09:15,10:15,Mobile Application Development,IT31,SSP_Visiting,3,MCA,A,403,103,77,74.76,74.76,0.75,Theory,No,Yes,No,Cloudy,No,11.0,Morning,Provided,Synthetic development data
28-07-2026,Tuesday,3,10:15,11:15,Data Science and Machine Learning,IT32,SP_MLK,3,MCA,A,403,103,70,67.96,74.76,1.0,Theory,No,No,No,Rainy,No,9.8,Morning,Provided,Synthetic development data
28-07-2026,Tuesday,4,11:15,12:15,Principles of Cloud Management and Security,IT35,KSD_SDM,3,MCA,A,403,103,87,84.47,67.96,1.0,Theory,No,No,No,Rainy,No,13.6,Morning,Provided,Synthetic development data
28-07-2026,Tuesday,5,13:30,15:30,Data Science and Machine Learning,IT32,SP_MLK,3,MCA,A,403,103,66,64.08,84.47,2.25,Theory,No,No,No,Rainy,No,2.9,Afternoon,Provided,Synthetic development data
29-07-2026,Wednesday,1,08:30,09:15,Mobile Application Development,IT31,SSP_Visiting,3,MCA,A,403,103,77,74.76,64.08,19.0,Theory,No,No,No,Cloudy,No,6.5,Morning,Provided,Synthetic development data
29-07-2026,Wednesday,2,09:15,10:15,Mobile Application Development,IT31,SSP_Visiting,3,MCA,A,403,103,82,79.61,74.76,0.75,Theory,No,No,No,Cloudy,No,14.8,Morning,Provided,Synthetic development data
29-07-2026,Wednesday,3,10:15,11:15,Data Science and Machine Learning,IT32,SP_MLK,3,MCA,A,403,103,73,70.87,79.61,1.0,Theory,No,Yes,No,Rainy,No,4.4,Morning,Provided,Synthetic development data
29-07-2026,Wednesday,4,11:15,12:15,Principles of Cloud Management and Security,IT35,KSD_SDM,3,MCA,A,403,103,89,86.41,70.87,1.0,Theory,No,No,No,Rainy,No,3.7,Morning,Provided,Synthetic development data
29-07-2026,Wednesday,5,13:30,15:30,Innovation and Entrepreneurship Development,IT34,JSP_Visiting,3,MCA,A,403,103,71,68.93,86.41,2.25,Theory,No,No,No,Cloudy,No,11.5,Afternoon,Provided,Synthetic development data
30-07-2026,Thursday,1,08:30,09:15,Mobile Application Development,IT31,SSP_Visiting,3,MCA,A,403,103,81,78.64,68.93,19.0,Theory,No,No,No,Rainy,No,12.1,Morning,Provided,Synthetic development data
30-07-2026,Thursday,2,09:15,10:15,Mobile Application Development,IT31,SSP_Visiting,3,MCA,A,403,103,80,77.67,78.64,0.75,Theory,No,No,No,Cloudy,No,10.7,Morning,Provided,Synthetic development data
30-07-2026,Thursday,3,10:15,11:15,Data Science and Machine Learning,IT32,SP_MLK,3,MCA,A,403,103,82,79.61,77.67,1.0,Theory,No,Yes,No,Sunny,No,12.1,Morning,Provided,Synthetic development data
30-07-2026,Thursday,4,11:15,12:15,Software Testing and Quality Assurance,IT33,DPY,3,MCA,A,403,103,87,84.47,79.61,1.0,Theory,No,No,No,Cloudy,No,11.0,Morning,Provided,Synthetic development data
30-07-2026,Thursday,5,13:30,15:30,"Practical based on Mobile Application Development, Machine Learning and Software Testing",IT31L,SSP_Visiting_SP_MLK_DPY,3,MCA,A,401/402,103,80,77.67,84.47,2.25,Practical,No,Yes,No,Sunny,No,3.8,Afternoon,Provided,Synthetic development data
31-07-2026,Friday,1,08:30,09:15,"Practical based on Mobile Application Development, Machine Learning and Software Testing",IT31L,SSP_Visiting_SP_MLK_DPY,3,MCA,A,401/402,103,96,93.2,77.67,19.0,Practical,No,No,No,Cloudy,No,9.9,Morning,Provided,Synthetic development data
31-07-2026,Friday,2,09:15,10:15,"Practical based on Mobile Application Development, Machine Learning and Software Testing",IT31L,SSP_Visiting_SP_MLK_DPY,3,MCA,A,401/402,103,85,82.52,93.2,0.75,Practical,No,No,No,Rainy,No,12.1,Morning,Provided,Synthetic development data
31-07-2026,Friday,3,10:15,11:15,Data Science and Machine Learning,IT32,SP_MLK,3,MCA,A,403,103,80,77.67,82.52,1.0,Theory,No,No,No,Rainy,No,13.3,Morning,Provided,Synthetic development data
31-07-2026,Friday,4,11:15,12:15,Principles of Cloud Management and Security,IT35,KSD_SDM,3,MCA,A,403,103,87,84.47,77.67,1.0,Theory,No,No,No,Sunny,No,5.2,Morning,Provided,Synthetic development data
03-08-2026,Monday,1,08:30,09:15,Mobile Application Development,IT31,SSP_Visiting,3,MCA,A,403,103,77,74.76,84.47,69.25,Theory,No,Yes,No,Rainy,No,3.7,Morning,Provided,Synthetic development data
03-08-2026,Monday,2,09:15,10:15,Mobile Application Development,IT31,SSP_Visiting,3,MCA,A,403,103,74,71.84,74.76,0.75,Theory,Yes,Yes,No,Cloudy,No,12.2,Morning,Provided,Synthetic development data
03-08-2026,Monday,3,10:15,11:15,Innovation and Entrepreneurship Development,IT34,JSP_Visiting,3,MCA,A,403,103,83,80.58,71.84,1.0,Theory,Yes,No,No,Sunny,No,5.3,Morning,Provided,Synthetic development data
03-08-2026,Monday,4,11:15,12:15,Innovation and Entrepreneurship Development,IT34,JSP_Visiting,3,MCA,A,403,103,78,75.73,80.58,1.0,Theory,No,No,No,Cloudy,No,2.4,Morning,Provided,Synthetic development data
03-08-2026,Monday,5,13:30,15:30,"Practical based on Mobile Application Development, Machine Learning and Software Testing",IT31L,SSP_Visiting_SP_MLK_DPY,3,MCA,A,401/402,103,84,81.55,75.73,2.25,Practical,No,No,No,Sunny,No,12.7,Afternoon,Provided,Synthetic development data
04-08-2026,Tuesday,1,08:30,09:15,Mobile Application Development,IT31,SSP_Visiting,3,MCA,A,403,103,87,84.47,81.55,19.0,Theory,No,No,No,Cloudy,No,8.6,Morning,Provided,Synthetic development data
04-08-2026,Tuesday,2,09:15,10:15,Mobile Application Development,IT31,SSP_Visiting,3,MCA,A,403,103,74,71.84,84.47,0.75,Theory,No,No,No,Rainy,No,6.2,Morning,Provided,Synthetic development data
04-08-2026,Tuesday,3,10:15,11:15,Data Science and Machine Learning,IT32,SP_MLK,3,MCA,A,403,103,86,83.5,71.84,1.0,Theory,No,Yes,No,Sunny,No,2.1,Morning,Provided,Synthetic development data
04-08-2026,Tuesday,4,11:15,12:15,Principles of Cloud Management and Security,IT35,KSD_SDM,3,MCA,A,403,103,80,77.67,83.5,1.0,Theory,No,No,No,Sunny,No,2.5,Morning,Provided,Synthetic development data
04-08-2026,Tuesday,5,13:30,15:30,Data Science and Machine Learning,IT32,SP_MLK,3,MCA,A,403,103,68,66.02,77.67,2.25,Theory,No,No,No,Cloudy,No,12.3,Afternoon,Provided,Synthetic development data
05-08-2026,Wednesday,1,08:30,09:15,Mobile Application Development,IT31,SSP_Visiting,3,MCA,A,403,103,81,78.64,66.02,19.0,Theory,No,No,No,Rainy,No,8.4,Morning,Provided,Synthetic development data
05-08-2026,Wednesday,2,09:15,10:15,Mobile Application Development,IT31,SSP_Visiting,3,MCA,A,403,103,73,70.87,78.64,0.75,Theory,No,No,No,Sunny,No,3.9,Morning,Provided,Synthetic development data
05-08-2026,Wednesday,3,10:15,11:15,Data Science and Machine Learning,IT32,SP_MLK,3,MCA,A,403,103,77,74.76,70.87,1.0,Theory,No,No,No,Cloudy,No,6.7,Morning,Provided,Synthetic development data
05-08-2026,Wednesday,4,11:15,12:15,Principles of Cloud Management and Security,IT35,KSD_SDM,3,MCA,A,403,103,74,71.84,74.76,1.0,Theory,No,No,No,Rainy,No,4.1,Morning,Provided,Synthetic development data
05-08-2026,Wednesday,5,13:30,15:30,Innovation and Entrepreneurship Development,IT34,JSP_Visiting,3,MCA,A,403,103,73,70.87,71.84,2.25,Theory,No,No,No,Rainy,No,3.5,Afternoon,Provided,Synthetic development data
06-08-2026,Thursday,1,08:30,09:15,Mobile Application Development,IT31,SSP_Visiting,3,MCA,A,403,103,87,84.47,70.87,19.0,Theory,No,No,No,Rainy,No,5.6,Morning,Provided,Synthetic development data
06-08-2026,Thursday,2,09:15,10:15,Mobile Application Development,IT31,SSP_Visiting,3,MCA,A,403,103,81,78.64,84.47,0.75,Theory,Yes,No,No,Sunny,No,9.1,Morning,Provided,Synthetic development data
06-08-2026,Thursday,3,10:15,11:15,Data Science and Machine Learning,IT32,SP_MLK,3,MCA,A,403,103,89,86.41,78.64,1.0,Theory,Yes,No,No,Rainy,No,4.7,Morning,Provided,Synthetic development data
06-08-2026,Thursday,4,11:15,12:15,Software Testing and Quality Assurance,IT33,DPY,3,MCA,A,403,103,77,74.76,86.41,1.0,Theory,No,No,No,Sunny,No,6.5,Morning,Provided,Synthetic development data
06-08-2026,Thursday,5,13:30,15:30,"Practical based on Mobile Application Development, Machine Learning and Software Testing",IT31L,SSP_Visiting_SP_MLK_DPY,3,MCA,A,401/402,103,83,80.58,74.76,2.25,Practical,No,No,No,Sunny,No,8.2,Afternoon,Provided,Synthetic development data
07-08-2026,Friday,1,08:30,09:15,"Practical based on Mobile Application Development, Machine Learning and Software Testing",IT31L,SSP_Visiting_SP_MLK_DPY,3,MCA,A,401/402,103,84,81.55,80.58,19.0,Practical,No,No,No,Sunny,No,7.5,Morning,Provided,Synthetic development data
07-08-2026,Friday,2,09:15,10:15,"Practical based on Mobile Application Development, Machine Learning and Software Testing",IT31L,SSP_Visiting_SP_MLK_DPY,3,MCA,A,401/402,103,81,78.64,81.55,0.75,Practical,No,No,No,Cloudy,No,3.7,Morning,Provided,Synthetic development data
07-08-2026,Friday,3,10:15,11:15,Data Science and Machine Learning,IT32,SP_MLK,3,MCA,A,403,103,68,66.02,78.64,1.0,Theory,No,No,No,Sunny,No,2.5,Morning,Provided,Synthetic development data
07-08-2026,Friday,4,11:15,12:15,Principles of Cloud Management and Security,IT35,KSD_SDM,3,MCA,A,403,103,81,78.64,66.02,1.0,Theory,No,No,No,Rainy,No,2.5,Morning,Provided,Synthetic development data
10-08-2026,Monday,1,08:30,09:15,Mobile Application Development,IT31,SSP_Visiting,3,MCA,A,403,103,80,77.67,78.64,69.25,Theory,No,No,No,Rainy,No,6.6,Morning,Provided,Synthetic development data
10-08-2026,Monday,2,09:15,10:15,Mobile Application Development,IT31,SSP_Visiting,3,MCA,A,403,103,85,82.52,77.67,0.75,Theory,No,No,No,Cloudy,No,11.3,Morning,Provided,Synthetic development data
10-08-2026,Monday,3,10:15,11:15,Innovation and Entrepreneurship Development,IT34,JSP_Visiting,3,MCA,A,403,103,83,80.58,82.52,1.0,Theory,Yes,No,No,Sunny,No,3.7,Morning,Provided,Synthetic development data
10-08-2026,Monday,4,11:15,12:15,Innovation and Entrepreneurship Development,IT34,JSP_Visiting,3,MCA,A,403,103,82,79.61,80.58,1.0,Theory,No,No,No,Sunny,No,12.2,Morning,Provided,Synthetic development data
10-08-2026,Monday,5,13:30,15:30,"Practical based on Mobile Application Development, Machine Learning and Software Testing",IT31L,SSP_Visiting_SP_MLK_DPY,3,MCA,A,401/402,103,87,84.47,79.61,2.25,Practical,No,No,No,Cloudy,No,11.3,Afternoon,Provided,Synthetic development data
11-08-2026,Tuesday,1,08:30,09:15,Mobile Application Development,IT31,SSP_Visiting,3,MCA,A,403,103,79,76.7,84.47,19.0,Theory,No,No,No,Sunny,No,2.1,Morning,Provided,Synthetic development data
11-08-2026,Tuesday,2,09:15,10:15,Mobile Application Development,IT31,SSP_Visiting,3,MCA,A,403,103,76,73.79,76.7,0.75,Theory,No,No,No,Sunny,No,2.3,Morning,Provided,Synthetic development data
11-08-2026,Tuesday,3,10:15,11:15,Data Science and Machine Learning,IT32,SP_MLK,3,MCA,A,403,103,80,77.67,73.79,1.0,Theory,No,No,No,Rainy,No,4.5,Morning,Provided,Synthetic development data
11-08-2026,Tuesday,4,11:15,12:15,Principles of Cloud Management and Security,IT35,KSD_SDM,3,MCA,A,403,103,74,71.84,77.67,1.0,Theory,No,No,No,Cloudy,No,2.7,Morning,Provided,Synthetic development data
11-08-2026,Tuesday,5,13:30,15:30,Data Science and Machine Learning,IT32,SP_MLK,3,MCA,A,403,103,72,69.9,71.84,2.25,Theory,No,No,No,Rainy,No,8.9,Afternoon,Provided,Synthetic development data
12-08-2026,Wednesday,1,08:30,09:15,Mobile Application Development,IT31,SSP_Visiting,3,MCA,A,403,103,87,84.47,69.9,19.0,Theory,No,No,No,Rainy,No,2.5,Morning,Provided,Synthetic development data
12-08-2026,Wednesday,2,09:15,10:15,Mobile Application Development,IT31,SSP_Visiting,3,MCA,A,403,103,83,80.58,84.47,0.75,Theory,No,No,No,Cloudy,No,12.4,Morning,Provided,Synthetic development data
12-08-2026,Wednesday,3,10:15,11:15,Data Science and Machine Learning,IT32,SP_MLK,3,MCA,A,403,103,77,74.76,80.58,1.0,Theory,No,No,No,Rainy,No,8.4,Morning,Provided,Synthetic development data
12-08-2026,Wednesday,4,11:15,12:15,Principles of Cloud Management and Security,IT35,KSD_SDM,3,MCA,A,403,103,72,69.9,74.76,1.0,Theory,No,No,No,Rainy,No,11.5,Morning,Provided,Synthetic development data
12-08-2026,Wednesday,5,13:30,15:30,Innovation and Entrepreneurship Development,IT34,JSP_Visiting,3,MCA,A,403,103,72,69.9,69.9,2.25,Theory,No,No,No,Sunny,No,11.8,Afternoon,Provided,Synthetic development data
13-08-2026,Thursday,1,08:30,09:15,Mobile Application Development,IT31,SSP_Visiting,3,MCA,A,403,103,80,77.67,69.9,19.0,Theory,No,No,No,Rainy,No,8.6,Morning,Provided,Synthetic development data
13-08-2026,Thursday,2,09:15,10:15,Mobile Application Development,IT31,SSP_Visiting,3,MCA,A,403,103,83,80.58,77.67,0.75,Theory,Yes,No,No,Cloudy,No,14.0,Morning,Provided,Synthetic development data
13-08-2026,Thursday,3,10:15,11:15,Data Science and Machine Learning,IT32,SP_MLK,3,MCA,A,403,103,78,75.73,80.58,1.0,Theory,No,No,No,Cloudy,No,14.9,Morning,Provided,Synthetic development data
13-08-2026,Thursday,4,11:15,12:15,Software Testing and Quality Assurance,IT33,DPY,3,MCA,A,403,103,65,63.11,75.73,1.0,Theory,No,No,No,Cloudy,No,6.7,Morning,Provided,Synthetic development data
13-08-2026,Thursday,5,13:30,15:30,"Practical based on Mobile Application Development, Machine Learning and Software Testing",IT31L,SSP_Visiting_SP_MLK_DPY,3,MCA,A,401/402,103,78,75.73,63.11,2.25,Practical,No,No,No,Rainy,No,3.6,Afternoon,Provided,Synthetic development data
08-09-2025,Monday,1,09:15,10:15,Mini Project,ITP11,JSP_Visiting,1,MCA,B,403,102,72,70.59,0.0,0.0,Project,No,No,No,Sunny,No,6.7,Morning,Provided,Synthetic development data
08-09-2025,Monday,2,10:15,11:15,Advanced DBMS,IT13,MST_DPY,1,MCA,B,403,102,81,79.41,70.59,1.0,Theory,No,No,No,Sunny,No,4.9,Morning,Provided,Synthetic development data
08-09-2025,Monday,3,11:15,12:15,Python Programming,IT11,AAB_SP,1,MCA,B,403,102,82,80.39,79.41,1.0,Theory,No,No,No,Sunny,No,8.9,Morning,Provided,Synthetic development data
08-09-2025,Monday,4,13:30,14:30,"Practical based on Python Programming, Data Structure and Algorithms and Advanced DBMS",ITL11,AAB_SP_ASP_RSZ_MST_DPY,1,MCA,B,401/402,102,78,76.47,80.39,2.25,Practical,No,Yes,No,Rainy,No,6.9,Afternoon,Provided,Synthetic development data
08-09-2025,Monday,5,14:30,15:30,Organizational Behavior,IT15,MPS_KSD,1,MCA,B,403,102,78,76.47,76.47,1.0,Theory,No,No,No,Sunny,No,8.2,Afternoon,Provided,Synthetic development data
09-09-2025,Tuesday,1,09:15,10:15,Mini Project,ITP11,JSP_Visiting,1,MCA,B,403,102,71,69.61,76.47,18.75,Project,No,No,No,Cloudy,No,11.9,Morning,Provided,Synthetic development data
09-09-2025,Tuesday,2,10:15,11:15,Organizational Behavior,IT15,MPS_KSD,1,MCA,B,403,102,75,73.53,69.61,1.0,Theory,No,No,No,Sunny,No,5.6,Morning,Provided,Synthetic development data
09-09-2025,Tuesday,3,11:15,12:15,Advanced DBMS,IT13,MST_DPY,1,MCA,B,403,102,75,73.53,73.53,1.0,Theory,No,No,No,Sunny,No,9.0,Morning,Provided,Synthetic development data
09-09-2025,Tuesday,4,13:30,14:30,"Practical based on Python Programming, Data Structure and Algorithms and Advanced DBMS",ITL11,AAB_SP_ASP_RSZ_MST_DPY,1,MCA,B,401/402,102,76,74.51,73.53,2.25,Practical,No,No,No,Sunny,No,6.4,Afternoon,Provided,Synthetic development data
09-09-2025,Tuesday,5,14:30,15:30,Advanced DBMS,IT13,MST_DPY,1,MCA,B,403,102,61,59.8,74.51,1.0,Theory,No,Yes,No,Sunny,No,12.2,Afternoon,Provided,Synthetic development data
10-09-2025,Wednesday,1,09:15,10:15,Mini Project,ITP11,JSP_Visiting,1,MCA,B,403,102,74,72.55,59.8,18.75,Project,No,No,No,Sunny,No,10.3,Morning,Provided,Synthetic development data
10-09-2025,Wednesday,2,10:15,11:15,Network Technologies and Infrastructure Management,IT14,MLK,1,MCA,B,403,102,66,64.71,72.55,1.0,Theory,No,No,No,Rainy,No,2.1,Morning,Provided,Synthetic development data
10-09-2025,Wednesday,3,11:15,12:15,Data Structure and Algorithms,IT12,ASP_RSZ,1,MCA,B,403,102,78,76.47,64.71,1.0,Theory,No,No,No,Rainy,No,10.6,Morning,Provided,Synthetic development data
10-09-2025,Wednesday,4,13:30,14:30,Python Programming,IT11,AAB_SP,1,MCA,B,403,102,70,68.63,76.47,2.25,Theory,Yes,No,No,Rainy,No,4.2,Afternoon,Provided,Synthetic development data
10-09-2025,Wednesday,5,14:30,15:30,Network Technologies and Infrastructure Management,IT14,MLK,1,MCA,B,403,102,65,63.73,68.63,1.0,Theory,No,No,No,Rainy,No,11.4,Afternoon,Provided,Synthetic development data
11-09-2025,Thursday,1,09:15,10:15,Network Technologies and Infrastructure Management,IT14,MLK,1,MCA,B,403,102,65,63.73,63.73,18.75,Theory,No,No,No,Sunny,No,9.4,Morning,Provided,Synthetic development data
11-09-2025,Thursday,2,10:15,11:15,Data Structure and Algorithms,IT12,ASP_RSZ,1,MCA,B,403,102,78,76.47,63.73,1.0,Theory,No,No,No,Sunny,No,7.2,Morning,Provided,Synthetic development data
11-09-2025,Thursday,3,11:15,12:15,Organizational Behavior,IT15,MPS_KSD,1,MCA,B,403,102,71,69.61,76.47,1.0,Theory,No,No,No,Rainy,No,11.0,Morning,Provided,Synthetic development data
11-09-2025,Thursday,4,13:30,14:30,Advanced DBMS,IT13,MST_DPY,1,MCA,B,403,102,62,60.78,69.61,2.25,Theory,No,No,No,Cloudy,No,13.1,Afternoon,Provided,Synthetic development data
11-09-2025,Thursday,5,14:30,15:30,Data Structure and Algorithms,IT12,ASP_RSZ,1,MCA,B,403,102,72,70.59,60.78,1.0,Theory,No,No,No,Cloudy,No,12.1,Afternoon,Provided,Synthetic development data
12-09-2025,Friday,1,09:15,10:15,Organizational Behavior,IT15,MPS_KSD,1,MCA,B,403,102,77,75.49,70.59,18.75,Theory,No,No,No,Sunny,No,9.1,Morning,Provided,Synthetic development data
12-09-2025,Friday,2,10:15,11:15,Python Programming,IT11,AAB_SP,1,MCA,B,403,102,76,74.51,75.49,1.0,Theory,No,Yes,No,Cloudy,No,11.4,Morning,Provided,Synthetic development data
12-09-2025,Friday,3,11:15,12:15,Advanced DBMS,IT13,MST_DPY,1,MCA,B,403,102,79,77.45,74.51,1.0,Theory,No,No,No,Sunny,No,7.4,Morning,Provided,Synthetic development data
12-09-2025,Friday,4,13:30,14:30,Data Structure and Algorithms,IT12,ASP_RSZ,1,MCA,B,403,102,73,71.57,77.45,2.25,Theory,No,Yes,No,Cloudy,No,12.3,Afternoon,Provided,Synthetic development data
12-09-2025,Friday,5,14:30,15:30,Python Programming,IT11,AAB_SP,1,MCA,B,403,102,64,62.75,71.57,1.0,Theory,No,No,No,Cloudy,No,12.8,Afternoon,Provided,Synthetic development data
13-09-2025,Saturday,1,11:15,12:15,Mini Project,ITP11,JSP_Visiting,1,MCA,B,403,102,66,64.71,62.75,20.75,Project,No,No,No,Cloudy,No,3.8,Morning,Provided,Synthetic development data
15-09-2025,Monday,1,09:15,10:15,Mini Project,ITP11,JSP_Visiting,1,MCA,B,403,102,72,70.59,64.71,46.0,Project,No,No,No,Cloudy,No,5.1,Morning,Provided,Synthetic development data
15-09-2025,Monday,2,10:15,11:15,Advanced DBMS,IT13,MST_DPY,1,MCA,B,403,102,75,73.53,70.59,1.0,Theory,No,No,No,Sunny,No,5.5,Morning,Provided,Synthetic development data
15-09-2025,Monday,3,11:15,12:15,Python Programming,IT11,AAB_SP,1,MCA,B,403,102,84,82.35,73.53,1.0,Theory,No,No,No,Rainy,No,4.2,Morning,Provided,Synthetic development data
15-09-2025,Monday,4,13:30,14:30,"Practical based on Python Programming, Data Structure and Algorithms and Advanced DBMS",ITL11,AAB_SP_ASP_RSZ_MST_DPY,1,MCA,B,401/402,102,78,76.47,82.35,2.25,Practical,No,No,No,Cloudy,No,7.1,Afternoon,Provided,Synthetic development data
15-09-2025,Monday,5,14:30,15:30,Organizational Behavior,IT15,MPS_KSD,1,MCA,B,403,102,75,73.53,76.47,1.0,Theory,No,No,No,Rainy,No,4.5,Afternoon,Provided,Synthetic development data
16-09-2025,Tuesday,1,09:15,10:15,Mini Project,ITP11,JSP_Visiting,1,MCA,B,403,102,79,77.45,73.53,18.75,Project,No,No,No,Sunny,No,9.7,Morning,Provided,Synthetic development data
16-09-2025,Tuesday,2,10:15,11:15,Organizational Behavior,IT15,MPS_KSD,1,MCA,B,403,102,82,80.39,77.45,1.0,Theory,No,No,No,Sunny,No,3.3,Morning,Provided,Synthetic development data
16-09-2025,Tuesday,3,11:15,12:15,Advanced DBMS,IT13,MST_DPY,1,MCA,B,403,102,70,68.63,80.39,1.0,Theory,No,No,No,Rainy,No,5.5,Morning,Provided,Synthetic development data
16-09-2025,Tuesday,4,13:30,14:30,"Practical based on Python Programming, Data Structure and Algorithms and Advanced DBMS",ITL11,AAB_SP_ASP_RSZ_MST_DPY,1,MCA,B,401/402,102,82,80.39,68.63,2.25,Practical,No,No,No,Sunny,Yes,10.7,Afternoon,Provided,Synthetic development data
16-09-2025,Tuesday,5,14:30,15:30,Advanced DBMS,IT13,MST_DPY,1,MCA,B,403,102,76,74.51,80.39,1.0,Theory,No,No,No,Cloudy,No,7.2,Afternoon,Provided,Synthetic development data
17-09-2025,Wednesday,1,09:15,10:15,Mini Project,ITP11,JSP_Visiting,1,MCA,B,403,102,72,70.59,74.51,18.75,Project,No,Yes,No,Cloudy,No,7.5,Morning,Provided,Synthetic development data
17-09-2025,Wednesday,2,10:15,11:15,Network Technologies and Infrastructure Management,IT14,MLK,1,MCA,B,403,102,72,70.59,70.59,1.0,Theory,No,No,No,Rainy,No,12.4,Morning,Provided,Synthetic development data
17-09-2025,Wednesday,3,11:15,12:15,Data Structure and Algorithms,IT12,ASP_RSZ,1,MCA,B,403,102,66,64.71,70.59,1.0,Theory,No,No,No,Cloudy,Yes,14.8,Morning,Provided,Synthetic development data
17-09-2025,Wednesday,4,13:30,14:30,Python Programming,IT11,AAB_SP,1,MCA,B,403,102,72,70.59,64.71,2.25,Theory,No,Yes,No,Sunny,No,9.3,Afternoon,Provided,Synthetic development data
17-09-2025,Wednesday,5,14:30,15:30,Network Technologies and Infrastructure Management,IT14,MLK,1,MCA,B,403,102,68,66.67,70.59,1.0,Theory,No,No,No,Cloudy,No,3.0,Afternoon,Provided,Synthetic development data
18-09-2025,Thursday,1,09:15,10:15,Network Technologies and Infrastructure Management,IT14,MLK,1,MCA,B,403,102,73,71.57,66.67,18.75,Theory,No,No,No,Rainy,No,3.3,Morning,Provided,Synthetic development data
18-09-2025,Thursday,2,10:15,11:15,Data Structure and Algorithms,IT12,ASP_RSZ,1,MCA,B,403,102,74,72.55,71.57,1.0,Theory,No,No,No,Rainy,No,14.6,Morning,Provided,Synthetic development data
18-09-2025,Thursday,3,11:15,12:15,Organizational Behavior,IT15,MPS_KSD,1,MCA,B,403,102,83,81.37,72.55,1.0,Theory,No,No,No,Sunny,No,10.8,Morning,Provided,Synthetic development data
18-09-2025,Thursday,4,13:30,14:30,Advanced DBMS,IT13,MST_DPY,1,MCA,B,403,102,69,67.65,81.37,2.25,Theory,No,No,No,Rainy,No,11.8,Afternoon,Provided,Synthetic development data
18-09-2025,Thursday,5,14:30,15:30,Data Structure and Algorithms,IT12,ASP_RSZ,1,MCA,B,403,102,76,74.51,67.65,1.0,Theory,No,No,No,Rainy,No,10.8,Afternoon,Provided,Synthetic development data
19-09-2025,Friday,1,09:15,10:15,Organizational Behavior,IT15,MPS_KSD,1,MCA,B,403,102,82,80.39,74.51,18.75,Theory,No,No,No,Cloudy,No,4.3,Morning,Provided,Synthetic development data
19-09-2025,Friday,2,10:15,11:15,Python Programming,IT11,AAB_SP,1,MCA,B,403,102,79,77.45,80.39,1.0,Theory,No,No,No,Cloudy,No,7.8,Morning,Provided,Synthetic development data
19-09-2025,Friday,3,11:15,12:15,Advanced DBMS,IT13,MST_DPY,1,MCA,B,403,102,72,70.59,77.45,1.0,Theory,No,No,No,Cloudy,No,12.4,Morning,Provided,Synthetic development data
19-09-2025,Friday,4,13:30,14:30,Data Structure and Algorithms,IT12,ASP_RSZ,1,MCA,B,403,102,64,62.75,70.59,2.25,Theory,No,No,No,Rainy,No,13.3,Afternoon,Provided,Synthetic development data
19-09-2025,Friday,5,14:30,15:30,Python Programming,IT11,AAB_SP,1,MCA,B,403,102,71,69.61,62.75,1.0,Theory,No,No,No,Rainy,No,5.1,Afternoon,Provided,Synthetic development data
20-09-2025,Saturday,1,11:15,12:15,Mini Project,ITP11,JSP_Visiting,1,MCA,B,403,102,64,62.75,69.61,20.75,Project,No,Yes,No,Sunny,No,9.7,Morning,Provided,Synthetic development data
22-09-2025,Monday,1,09:15,10:15,Mini Project,ITP11,JSP_Visiting,1,MCA,B,403,102,73,71.57,62.75,46.0,Project,No,No,No,Cloudy,No,4.0,Morning,Provided,Synthetic development data
22-09-2025,Monday,2,10:15,11:15,Advanced DBMS,IT13,MST_DPY,1,MCA,B,403,102,64,62.75,71.57,1.0,Theory,No,No,No,Cloudy,No,14.5,Morning,Provided,Synthetic development data
22-09-2025,Monday,3,11:15,12:15,Python Programming,IT11,AAB_SP,1,MCA,B,403,102,78,76.47,62.75,1.0,Theory,No,No,No,Cloudy,No,5.3,Morning,Provided,Synthetic development data
22-09-2025,Monday,4,13:30,14:30,"Practical based on Python Programming, Data Structure and Algorithms and Advanced DBMS",ITL11,AAB_SP_ASP_RSZ_MST_DPY,1,MCA,B,401/402,102,81,79.41,76.47,2.25,Practical,No,No,No,Sunny,No,11.4,Afternoon,Provided,Synthetic development data
22-09-2025,Monday,5,14:30,15:30,Organizational Behavior,IT15,MPS_KSD,1,MCA,B,403,102,88,86.27,79.41,1.0,Theory,No,No,No,Sunny,No,5.0,Afternoon,Provided,Synthetic development data
23-09-2025,Tuesday,1,09:15,10:15,Mini Project,ITP11,JSP_Visiting,1,MCA,B,403,102,77,75.49,86.27,18.75,Project,No,No,No,Cloudy,No,10.0,Morning,Provided,Synthetic development data
23-09-2025,Tuesday,2,10:15,11:15,Organizational Behavior,IT15,MPS_KSD,1,MCA,B,403,102,85,83.33,75.49,1.0,Theory,No,No,No,Cloudy,No,10.6,Morning,Provided,Synthetic development data
23-09-2025,Tuesday,3,11:15,12:15,Advanced DBMS,IT13,MST_DPY,1,MCA,B,403,102,69,67.65,83.33,1.0,Theory,No,Yes,No,Rainy,No,6.3,Morning,Provided,Synthetic development data
23-09-2025,Tuesday,4,13:30,14:30,"Practical based on Python Programming, Data Structure and Algorithms and Advanced DBMS",ITL11,AAB_SP_ASP_RSZ_MST_DPY,1,MCA,B,401/402,102,88,86.27,67.65,2.25,Practical,No,No,No,Cloudy,No,12.6,Afternoon,Provided,Synthetic development data
23-09-2025,Tuesday,5,14:30,15:30,Advanced DBMS,IT13,MST_DPY,1,MCA,B,403,102,61,59.8,86.27,1.0,Theory,Yes,No,No,Sunny,No,13.5,Afternoon,Provided,Synthetic development data
24-09-2025,Wednesday,1,09:15,10:15,Mini Project,ITP11,JSP_Visiting,1,MCA,B,403,102,71,69.61,59.8,18.75,Project,No,No,No,Rainy,No,13.1,Morning,Provided,Synthetic development data
24-09-2025,Wednesday,2,10:15,11:15,Network Technologies and Infrastructure Management,IT14,MLK,1,MCA,B,403,102,63,61.76,69.61,1.0,Theory,No,Yes,No,Cloudy,No,6.3,Morning,Provided,Synthetic development data
24-09-2025,Wednesday,3,11:15,12:15,Data Structure and Algorithms,IT12,ASP_RSZ,1,MCA,B,403,102,77,75.49,61.76,1.0,Theory,No,No,No,Rainy,No,11.7,Morning,Provided,Synthetic development data
24-09-2025,Wednesday,4,13:30,14:30,Python Programming,IT11,AAB_SP,1,MCA,B,403,102,68,66.67,75.49,2.25,Theory,No,No,No,Rainy,No,9.3,Afternoon,Provided,Synthetic development data
24-09-2025,Wednesday,5,14:30,15:30,Network Technologies and Infrastructure Management,IT14,MLK,1,MCA,B,403,102,69,67.65,66.67,1.0,Theory,Yes,No,No,Cloudy,No,9.7,Afternoon,Provided,Synthetic development data
25-09-2025,Thursday,1,09:15,10:15,Network Technologies and Infrastructure Management,IT14,MLK,1,MCA,B,403,102,65,63.73,67.65,18.75,Theory,Yes,No,No,Rainy,No,8.2,Morning,Provided,Synthetic development data
25-09-2025,Thursday,2,10:15,11:15,Data Structure and Algorithms,IT12,ASP_RSZ,1,MCA,B,403,102,78,76.47,63.73,1.0,Theory,No,No,No,Cloudy,No,9.8,Morning,Provided,Synthetic development data
25-09-2025,Thursday,3,11:15,12:15,Organizational Behavior,IT15,MPS_KSD,1,MCA,B,403,102,87,85.29,76.47,1.0,Theory,No,No,No,Sunny,No,3.8,Morning,Provided,Synthetic development data
25-09-2025,Thursday,4,13:30,14:30,Advanced DBMS,IT13,MST_DPY,1,MCA,B,403,102,60,58.82,85.29,2.25,Theory,Yes,No,No,Sunny,No,7.3,Afternoon,Provided,Synthetic development data
25-09-2025,Thursday,5,14:30,15:30,Data Structure and Algorithms,IT12,ASP_RSZ,1,MCA,B,403,102,72,70.59,58.82,1.0,Theory,No,No,No,Sunny,No,4.3,Afternoon,Provided,Synthetic development data
26-09-2025,Friday,1,09:15,10:15,Organizational Behavior,IT15,MPS_KSD,1,MCA,B,403,102,82,80.39,70.59,18.75,Theory,No,Yes,No,Rainy,No,5.6,Morning,Provided,Synthetic development data
26-09-2025,Friday,2,10:15,11:15,Python Programming,IT11,AAB_SP,1,MCA,B,403,102,80,78.43,80.39,1.0,Theory,No,No,No,Sunny,No,3.7,Morning,Provided,Synthetic development data
26-09-2025,Friday,3,11:15,12:15,Advanced DBMS,IT13,MST_DPY,1,MCA,B,403,102,75,73.53,78.43,1.0,Theory,No,No,No,Cloudy,No,4.8,Morning,Provided,Synthetic development data
26-09-2025,Friday,4,13:30,14:30,Data Structure and Algorithms,IT12,ASP_RSZ,1,MCA,B,403,102,68,66.67,73.53,2.25,Theory,Yes,No,No,Cloudy,No,12.2,Afternoon,Provided,Synthetic development data
26-09-2025,Friday,5,14:30,15:30,Python Programming,IT11,AAB_SP,1,MCA,B,403,102,75,73.53,66.67,1.0,Theory,No,No,No,Rainy,No,9.1,Afternoon,Provided,Synthetic development data
27-09-2025,Saturday,1,11:15,12:15,Mini Project,ITP11,JSP_Visiting,1,MCA,B,403,102,65,63.73,73.53,20.75,Project,No,No,No,Rainy,No,2.3,Morning,Provided,Synthetic development data
29-09-2025,Monday,1,09:15,10:15,Mini Project,ITP11,JSP_Visiting,1,MCA,B,403,102,77,75.49,63.73,46.0,Project,No,No,No,Sunny,No,12.3,Morning,Provided,Synthetic development data
29-09-2025,Monday,2,10:15,11:15,Advanced DBMS,IT13,MST_DPY,1,MCA,B,403,102,79,77.45,75.49,1.0,Theory,No,No,No,Rainy,No,13.8,Morning,Provided,Synthetic development data
29-09-2025,Monday,3,11:15,12:15,Python Programming,IT11,AAB_SP,1,MCA,B,403,102,74,72.55,77.45,1.0,Theory,No,No,No,Rainy,No,13.4,Morning,Provided,Synthetic development data
29-09-2025,Monday,4,13:30,14:30,"Practical based on Python Programming, Data Structure and Algorithms and Advanced DBMS",ITL11,AAB_SP_ASP_RSZ_MST_DPY,1,MCA,B,401/402,102,85,83.33,72.55,2.25,Practical,No,No,No,Cloudy,No,12.7,Afternoon,Provided,Synthetic development data
29-09-2025,Monday,5,14:30,15:30,Organizational Behavior,IT15,MPS_KSD,1,MCA,B,403,102,78,76.47,83.33,1.0,Theory,No,Yes,No,Rainy,No,14.9,Afternoon,Provided,Synthetic development data
30-09-2025,Tuesday,1,09:15,10:15,Mini Project,ITP11,JSP_Visiting,1,MCA,B,403,102,69,67.65,76.47,18.75,Project,No,No,No,Cloudy,No,9.6,Morning,Provided,Synthetic development data
30-09-2025,Tuesday,2,10:15,11:15,Organizational Behavior,IT15,MPS_KSD,1,MCA,B,403,102,80,78.43,67.65,1.0,Theory,No,No,No,Sunny,No,14.5,Morning,Provided,Synthetic development data
30-09-2025,Tuesday,3,11:15,12:15,Advanced DBMS,IT13,MST_DPY,1,MCA,B,403,102,75,73.53,78.43,1.0,Theory,No,No,No,Rainy,No,14.3,Morning,Provided,Synthetic development data
30-09-2025,Tuesday,4,13:30,14:30,"Practical based on Python Programming, Data Structure and Algorithms and Advanced DBMS",ITL11,AAB_SP_ASP_RSZ_MST_DPY,1,MCA,B,401/402,102,82,80.39,73.53,2.25,Practical,No,No,No,Rainy,No,6.1,Afternoon,Provided,Synthetic development data
30-09-2025,Tuesday,5,14:30,15:30,Advanced DBMS,IT13,MST_DPY,1,MCA,B,403,102,73,71.57,80.39,1.0,Theory,No,No,No,Cloudy,No,13.2,Afternoon,Provided,Synthetic development data
01-10-2025,Wednesday,1,09:15,10:15,Mini Project,ITP11,JSP_Visiting,1,MCA,B,403,102,63,61.76,71.57,18.75,Project,No,No,Yes,Cloudy,No,12.3,Morning,Provided,Synthetic development data
01-10-2025,Wednesday,2,10:15,11:15,Network Technologies and Infrastructure Management,IT14,MLK,1,MCA,B,403,102,60,58.82,61.76,1.0,Theory,No,No,Yes,Rainy,No,12.1,Morning,Provided,Synthetic development data
01-10-2025,Wednesday,3,11:15,12:15,Data Structure and Algorithms,IT12,ASP_RSZ,1,MCA,B,403,102,73,71.57,58.82,1.0,Theory,No,No,Yes,Rainy,No,13.7,Morning,Provided,Synthetic development data
01-10-2025,Wednesday,4,13:30,14:30,Python Programming,IT11,AAB_SP,1,MCA,B,403,102,66,64.71,71.57,2.25,Theory,No,No,Yes,Rainy,No,7.0,Afternoon,Provided,Synthetic development data
01-10-2025,Wednesday,5,14:30,15:30,Network Technologies and Infrastructure Management,IT14,MLK,1,MCA,B,403,102,64,62.75,64.71,1.0,Theory,No,No,Yes,Sunny,No,7.2,Afternoon,Provided,Synthetic development data
03-10-2025,Friday,1,09:15,10:15,Organizational Behavior,IT15,MPS_KSD,1,MCA,B,403,102,79,77.45,62.75,42.75,Theory,No,No,Yes,Sunny,No,10.3,Morning,Provided,Synthetic development data
03-10-2025,Friday,2,10:15,11:15,Python Programming,IT11,AAB_SP,1,MCA,B,403,102,74,72.55,77.45,1.0,Theory,No,No,Yes,Rainy,No,11.6,Morning,Provided,Synthetic development data
03-10-2025,Friday,3,11:15,12:15,Advanced DBMS,IT13,MST_DPY,1,MCA,B,403,102,61,59.8,72.55,1.0,Theory,No,No,Yes,Cloudy,No,13.4,Morning,Provided,Synthetic development data
03-10-2025,Friday,4,13:30,14:30,Data Structure and Algorithms,IT12,ASP_RSZ,1,MCA,B,403,102,66,64.71,59.8,2.25,Theory,No,Yes,Yes,Cloudy,No,13.4,Afternoon,Provided,Synthetic development data
03-10-2025,Friday,5,14:30,15:30,Python Programming,IT11,AAB_SP,1,MCA,B,403,102,69,67.65,64.71,1.0,Theory,No,No,Yes,Sunny,No,11.4,Afternoon,Provided,Synthetic development data
04-10-2025,Saturday,1,11:15,12:15,Mini Project,ITP11,JSP_Visiting,1,MCA,B,403,102,69,67.65,67.65,20.75,Project,No,No,No,Cloudy,No,14.4,Morning,Provided,Synthetic development data
06-10-2025,Monday,1,09:15,10:15,Mini Project,ITP11,JSP_Visiting,1,MCA,B,403,102,79,77.45,67.65,46.0,Project,No,No,No,Sunny,No,4.3,Morning,Provided,Synthetic development data
06-10-2025,Monday,2,10:15,11:15,Advanced DBMS,IT13,MST_DPY,1,MCA,B,403,102,66,64.71,77.45,1.0,Theory,No,No,No,Sunny,No,14.4,Morning,Provided,Synthetic development data
06-10-2025,Monday,3,11:15,12:15,Python Programming,IT11,AAB_SP,1,MCA,B,403,102,74,72.55,64.71,1.0,Theory,No,No,No,Rainy,No,2.8,Morning,Provided,Synthetic development data
06-10-2025,Monday,4,13:30,14:30,"Practical based on Python Programming, Data Structure and Algorithms and Advanced DBMS",ITL11,AAB_SP_ASP_RSZ_MST_DPY,1,MCA,B,401/402,102,83,81.37,72.55,2.25,Practical,No,No,No,Cloudy,No,9.2,Afternoon,Provided,Synthetic development data
06-10-2025,Monday,5,14:30,15:30,Organizational Behavior,IT15,MPS_KSD,1,MCA,B,403,102,78,76.47,81.37,1.0,Theory,No,No,No,Sunny,No,3.2,Afternoon,Provided,Synthetic development data
07-10-2025,Tuesday,1,09:15,10:15,Mini Project,ITP11,JSP_Visiting,1,MCA,B,403,102,77,75.49,76.47,18.75,Project,No,No,No,Rainy,No,9.4,Morning,Provided,Synthetic development data
07-10-2025,Tuesday,2,10:15,11:15,Organizational Behavior,IT15,MPS_KSD,1,MCA,B,403,102,79,77.45,75.49,1.0,Theory,No,No,No,Sunny,No,7.1,Morning,Provided,Synthetic development data
07-10-2025,Tuesday,3,11:15,12:15,Advanced DBMS,IT13,MST_DPY,1,MCA,B,403,102,77,75.49,77.45,1.0,Theory,No,No,No,Cloudy,No,3.1,Morning,Provided,Synthetic development data
07-10-2025,Tuesday,4,13:30,14:30,"Practical based on Python Programming, Data Structure and Algorithms and Advanced DBMS",ITL11,AAB_SP_ASP_RSZ_MST_DPY,1,MCA,B,401/402,102,77,75.49,75.49,2.25,Practical,No,No,No,Rainy,No,10.4,Afternoon,Provided,Synthetic development data
07-10-2025,Tuesday,5,14:30,15:30,Advanced DBMS,IT13,MST_DPY,1,MCA,B,403,102,67,65.69,75.49,1.0,Theory,Yes,No,No,Rainy,No,11.5,Afternoon,Provided,Synthetic development data
08-10-2025,Wednesday,1,09:15,10:15,Mini Project,ITP11,JSP_Visiting,1,MCA,B,403,102,65,63.73,65.69,18.75,Project,No,No,No,Sunny,No,4.3,Morning,Provided,Synthetic development data
08-10-2025,Wednesday,2,10:15,11:15,Network Technologies and Infrastructure Management,IT14,MLK,1,MCA,B,403,102,69,67.65,63.73,1.0,Theory,No,No,No,Rainy,No,11.0,Morning,Provided,Synthetic development data
08-10-2025,Wednesday,3,11:15,12:15,Data Structure and Algorithms,IT12,ASP_RSZ,1,MCA,B,403,102,82,80.39,67.65,1.0,Theory,No,No,No,Cloudy,No,4.3,Morning,Provided,Synthetic development data
08-10-2025,Wednesday,4,13:30,14:30,Python Programming,IT11,AAB_SP,1,MCA,B,403,102,74,72.55,80.39,2.25,Theory,No,No,No,Cloudy,No,3.8,Afternoon,Provided,Synthetic development data
08-10-2025,Wednesday,5,14:30,15:30,Network Technologies and Infrastructure Management,IT14,MLK,1,MCA,B,403,102,61,59.8,72.55,1.0,Theory,No,No,No,Rainy,No,3.9,Afternoon,Provided,Synthetic development data
09-10-2025,Thursday,1,09:15,10:15,Network Technologies and Infrastructure Management,IT14,MLK,1,MCA,B,403,102,68,66.67,59.8,18.75,Theory,No,No,No,Sunny,No,9.8,Morning,Provided,Synthetic development data
09-10-2025,Thursday,2,10:15,11:15,Data Structure and Algorithms,IT12,ASP_RSZ,1,MCA,B,403,102,87,85.29,66.67,1.0,Theory,No,No,No,Sunny,No,12.1,Morning,Provided,Synthetic development data
09-10-2025,Thursday,3,11:15,12:15,Organizational Behavior,IT15,MPS_KSD,1,MCA,B,403,102,84,82.35,85.29,1.0,Theory,Yes,No,No,Sunny,No,9.8,Morning,Provided,Synthetic development data
09-10-2025,Thursday,4,13:30,14:30,Advanced DBMS,IT13,MST_DPY,1,MCA,B,403,102,58,56.86,82.35,2.25,Theory,No,No,No,Sunny,No,12.5,Afternoon,Provided,Synthetic development data
09-10-2025,Thursday,5,14:30,15:30,Data Structure and Algorithms,IT12,ASP_RSZ,1,MCA,B,403,102,72,70.59,56.86,1.0,Theory,No,Yes,No,Cloudy,No,9.7,Afternoon,Provided,Synthetic development data
10-10-2025,Friday,1,09:15,10:15,Organizational Behavior,IT15,MPS_KSD,1,MCA,B,403,102,85,83.33,70.59,18.75,Theory,No,No,No,Sunny,No,12.4,Morning,Provided,Synthetic development data
10-10-2025,Friday,2,10:15,11:15,Python Programming,IT11,AAB_SP,1,MCA,B,403,102,72,70.59,83.33,1.0,Theory,No,Yes,No,Sunny,No,14.7,Morning,Provided,Synthetic development data
10-10-2025,Friday,3,11:15,12:15,Advanced DBMS,IT13,MST_DPY,1,MCA,B,403,102,72,70.59,70.59,1.0,Theory,No,No,No,Sunny,No,7.1,Morning,Provided,Synthetic development data
10-10-2025,Friday,4,13:30,14:30,Data Structure and Algorithms,IT12,ASP_RSZ,1,MCA,B,403,102,69,67.65,70.59,2.25,Theory,No,No,No,Rainy,No,3.9,Afternoon,Provided,Synthetic development data
10-10-2025,Friday,5,14:30,15:30,Python Programming,IT11,AAB_SP,1,MCA,B,403,102,70,68.63,67.65,1.0,Theory,No,No,No,Rainy,No,3.8,Afternoon,Provided,Synthetic development data
11-10-2025,Saturday,1,11:15,12:15,Mini Project,ITP11,JSP_Visiting,1,MCA,B,403,102,70,68.63,68.63,20.75,Project,No,No,No,Sunny,No,9.8,Morning,Provided,Synthetic development data
13-10-2025,Monday,1,09:15,10:15,Mini Project,ITP11,JSP_Visiting,1,MCA,B,403,102,71,69.61,68.63,46.0,Project,No,No,No,Sunny,No,9.1,Morning,Provided,Synthetic development data
13-10-2025,Monday,2,10:15,11:15,Advanced DBMS,IT13,MST_DPY,1,MCA,B,403,102,80,78.43,69.61,1.0,Theory,No,No,No,Cloudy,No,4.4,Morning,Provided,Synthetic development data
13-10-2025,Monday,3,11:15,12:15,Python Programming,IT11,AAB_SP,1,MCA,B,403,102,75,73.53,78.43,1.0,Theory,No,No,No,Rainy,No,13.5,Morning,Provided,Synthetic development data
13-10-2025,Monday,4,13:30,14:30,"Practical based on Python Programming, Data Structure and Algorithms and Advanced DBMS",ITL11,AAB_SP_ASP_RSZ_MST_DPY,1,MCA,B,401/402,102,83,81.37,73.53,2.25,Practical,No,No,No,Cloudy,No,14.4,Afternoon,Provided,Synthetic development data
13-10-2025,Monday,5,14:30,15:30,Organizational Behavior,IT15,MPS_KSD,1,MCA,B,403,102,79,77.45,81.37,1.0,Theory,No,No,No,Sunny,No,5.3,Afternoon,Provided,Synthetic development data
14-10-2025,Tuesday,1,09:15,10:15,Mini Project,ITP11,JSP_Visiting,1,MCA,B,403,102,67,65.69,77.45,18.75,Project,No,No,No,Cloudy,No,4.7,Morning,Provided,Synthetic development data
14-10-2025,Tuesday,2,10:15,11:15,Organizational Behavior,IT15,MPS_KSD,1,MCA,B,403,102,89,87.25,65.69,1.0,Theory,No,Yes,No,Sunny,No,4.8,Morning,Provided,Synthetic development data
14-10-2025,Tuesday,3,11:15,12:15,Advanced DBMS,IT13,MST_DPY,1,MCA,B,403,102,66,64.71,87.25,1.0,Theory,No,Yes,No,Cloudy,No,7.0,Morning,Provided,Synthetic development data
14-10-2025,Tuesday,4,13:30,14:30,"Practical based on Python Programming, Data Structure and Algorithms and Advanced DBMS",ITL11,AAB_SP_ASP_RSZ_MST_DPY,1,MCA,B,401/402,102,78,76.47,64.71,2.25,Practical,No,No,No,Cloudy,No,13.1,Afternoon,Provided,Synthetic development data
14-10-2025,Tuesday,5,14:30,15:30,Advanced DBMS,IT13,MST_DPY,1,MCA,B,403,102,69,67.65,76.47,1.0,Theory,Yes,No,No,Sunny,No,9.7,Afternoon,Provided,Synthetic development data
15-10-2025,Wednesday,1,09:15,10:15,Mini Project,ITP11,JSP_Visiting,1,MCA,B,403,102,76,74.51,67.65,18.75,Project,No,Yes,No,Cloudy,No,2.9,Morning,Provided,Synthetic development data
15-10-2025,Wednesday,2,10:15,11:15,Network Technologies and Infrastructure Management,IT14,MLK,1,MCA,B,403,102,72,70.59,74.51,1.0,Theory,No,No,No,Cloudy,No,8.1,Morning,Provided,Synthetic development data
15-10-2025,Wednesday,3,11:15,12:15,Data Structure and Algorithms,IT12,ASP_RSZ,1,MCA,B,403,102,73,71.57,70.59,1.0,Theory,No,Yes,No,Cloudy,No,3.2,Morning,Provided,Synthetic development data
15-10-2025,Wednesday,4,13:30,14:30,Python Programming,IT11,AAB_SP,1,MCA,B,403,102,74,72.55,71.57,2.25,Theory,Yes,No,No,Rainy,No,7.3,Afternoon,Provided,Synthetic development data
15-10-2025,Wednesday,5,14:30,15:30,Network Technologies and Infrastructure Management,IT14,MLK,1,MCA,B,403,102,64,62.75,72.55,1.0,Theory,No,No,No,Sunny,No,7.2,Afternoon,Provided,Synthetic development data
16-10-2025,Thursday,1,09:15,10:15,Network Technologies and Infrastructure Management,IT14,MLK,1,MCA,B,403,102,61,59.8,62.75,18.75,Theory,No,No,No,Cloudy,No,10.4,Morning,Provided,Synthetic development data
16-10-2025,Thursday,2,10:15,11:15,Data Structure and Algorithms,IT12,ASP_RSZ,1,MCA,B,403,102,76,74.51,59.8,1.0,Theory,No,No,No,Rainy,No,9.1,Morning,Provided,Synthetic development data
16-10-2025,Thursday,3,11:15,12:15,Organizational Behavior,IT15,MPS_KSD,1,MCA,B,403,102,84,82.35,74.51,1.0,Theory,Yes,No,No,Cloudy,No,13.4,Morning,Provided,Synthetic development data
16-10-2025,Thursday,4,13:30,14:30,Advanced DBMS,IT13,MST_DPY,1,MCA,B,403,102,70,68.63,82.35,2.25,Theory,No,No,No,Sunny,No,2.2,Afternoon,Provided,Synthetic development data
16-10-2025,Thursday,5,14:30,15:30,Data Structure and Algorithms,IT12,ASP_RSZ,1,MCA,B,403,102,68,66.67,68.63,1.0,Theory,No,Yes,No,Sunny,No,12.1,Afternoon,Provided,Synthetic development data
17-10-2025,Friday,1,09:15,10:15,Organizational Behavior,IT15,MPS_KSD,1,MCA,B,403,102,77,75.49,66.67,18.75,Theory,No,No,No,Cloudy,No,2.3,Morning,Provided,Synthetic development data
17-10-2025,Friday,2,10:15,11:15,Python Programming,IT11,AAB_SP,1,MCA,B,403,102,83,81.37,75.49,1.0,Theory,Yes,No,No,Sunny,No,6.0,Morning,Provided,Synthetic development data
17-10-2025,Friday,3,11:15,12:15,Advanced DBMS,IT13,MST_DPY,1,MCA,B,403,102,75,73.53,81.37,1.0,Theory,No,No,No,Cloudy,No,13.4,Morning,Provided,Synthetic development data
17-10-2025,Friday,4,13:30,14:30,Data Structure and Algorithms,IT12,ASP_RSZ,1,MCA,B,403,102,76,74.51,73.53,2.25,Theory,No,No,No,Cloudy,No,11.0,Afternoon,Provided,Synthetic development data
17-10-2025,Friday,5,14:30,15:30,Python Programming,IT11,AAB_SP,1,MCA,B,403,102,77,75.49,74.51,1.0,Theory,No,No,No,Sunny,No,4.2,Afternoon,Provided,Synthetic development data
18-10-2025,Saturday,1,11:15,12:15,Mini Project,ITP11,JSP_Visiting,1,MCA,B,403,102,65,63.73,75.49,20.75,Project,No,No,No,Cloudy,No,8.4,Morning,Provided,Synthetic development data
20-10-2025,Monday,1,09:15,10:15,Mini Project,ITP11,JSP_Visiting,1,MCA,B,403,102,64,62.75,63.73,46.0,Project,No,No,Yes,Sunny,No,11.4,Morning,Provided,Synthetic development data
20-10-2025,Monday,2,10:15,11:15,Advanced DBMS,IT13,MST_DPY,1,MCA,B,403,102,70,68.63,62.75,1.0,Theory,No,No,Yes,Sunny,No,14.2,Morning,Provided,Synthetic development data
20-10-2025,Monday,3,11:15,12:15,Python Programming,IT11,AAB_SP,1,MCA,B,403,102,71,69.61,68.63,1.0,Theory,No,No,Yes,Sunny,No,10.2,Morning,Provided,Synthetic development data
20-10-2025,Monday,4,13:30,14:30,"Practical based on Python Programming, Data Structure and Algorithms and Advanced DBMS",ITL11,AAB_SP_ASP_RSZ_MST_DPY,1,MCA,B,401/402,102,73,71.57,69.61,2.25,Practical,Yes,No,Yes,Sunny,No,2.3,Afternoon,Provided,Synthetic development data
20-10-2025,Monday,5,14:30,15:30,Organizational Behavior,IT15,MPS_KSD,1,MCA,B,403,102,75,73.53,71.57,1.0,Theory,No,No,Yes,Cloudy,No,8.5,Afternoon,Provided,Synthetic development data
23-10-2025,Thursday,1,09:15,10:15,Network Technologies and Infrastructure Management,IT14,MLK,1,MCA,B,403,102,64,62.75,73.53,66.75,Theory,No,No,Yes,Sunny,No,4.0,Morning,Provided,Synthetic development data
23-10-2025,Thursday,2,10:15,11:15,Data Structure and Algorithms,IT12,ASP_RSZ,1,MCA,B,403,102,72,70.59,62.75,1.0,Theory,No,No,Yes,Cloudy,No,2.6,Morning,Provided,Synthetic development data
23-10-2025,Thursday,3,11:15,12:15,Organizational Behavior,IT15,MPS_KSD,1,MCA,B,403,102,74,72.55,70.59,1.0,Theory,No,No,Yes,Sunny,No,9.8,Morning,Provided,Synthetic development data
23-10-2025,Thursday,4,13:30,14:30,Advanced DBMS,IT13,MST_DPY,1,MCA,B,403,102,63,61.76,72.55,2.25,Theory,No,No,Yes,Cloudy,No,12.1,Afternoon,Provided,Synthetic development data
23-10-2025,Thursday,5,14:30,15:30,Data Structure and Algorithms,IT12,ASP_RSZ,1,MCA,B,403,102,68,66.67,61.76,1.0,Theory,No,No,Yes,Cloudy,No,2.5,Afternoon,Provided,Synthetic development data
24-10-2025,Friday,1,09:15,10:15,Organizational Behavior,IT15,MPS_KSD,1,MCA,B,403,102,85,83.33,66.67,18.75,Theory,No,No,No,Rainy,No,12.2,Morning,Provided,Synthetic development data
24-10-2025,Friday,2,10:15,11:15,Python Programming,IT11,AAB_SP,1,MCA,B,403,102,82,80.39,83.33,1.0,Theory,No,No,No,Rainy,No,11.2,Morning,Provided,Synthetic development data
24-10-2025,Friday,3,11:15,12:15,Advanced DBMS,IT13,MST_DPY,1,MCA,B,403,102,77,75.49,80.39,1.0,Theory,No,No,No,Rainy,No,11.8,Morning,Provided,Synthetic development data
24-10-2025,Friday,4,13:30,14:30,Data Structure and Algorithms,IT12,ASP_RSZ,1,MCA,B,403,102,71,69.61,75.49,2.25,Theory,No,No,No,Cloudy,No,5.2,Afternoon,Provided,Synthetic development data
24-10-2025,Friday,5,14:30,15:30,Python Programming,IT11,AAB_SP,1,MCA,B,403,102,69,67.65,69.61,1.0,Theory,No,No,No,Sunny,No,7.1,Afternoon,Provided,Synthetic development data
25-10-2025,Saturday,1,11:15,12:15,Mini Project,ITP11,JSP_Visiting,1,MCA,B,403,102,65,63.73,67.65,20.75,Project,No,No,No,Cloudy,No,3.6,Morning,Provided,Synthetic development data
27-10-2025,Monday,1,09:15,10:15,Mini Project,ITP11,JSP_Visiting,1,MCA,B,403,102,71,69.61,63.73,46.0,Project,No,No,No,Sunny,Yes,5.1,Morning,Provided,Synthetic development data
27-10-2025,Monday,2,10:15,11:15,Advanced DBMS,IT13,MST_DPY,1,MCA,B,403,102,69,67.65,69.61,1.0,Theory,No,No,No,Rainy,No,5.9,Morning,Provided,Synthetic development data
27-10-2025,Monday,3,11:15,12:15,Python Programming,IT11,AAB_SP,1,MCA,B,403,102,80,78.43,67.65,1.0,Theory,No,No,No,Cloudy,No,6.2,Morning,Provided,Synthetic development data
27-10-2025,Monday,4,13:30,14:30,"Practical based on Python Programming, Data Structure and Algorithms and Advanced DBMS",ITL11,AAB_SP_ASP_RSZ_MST_DPY,1,MCA,B,401/402,102,82,80.39,78.43,2.25,Practical,No,No,No,Sunny,No,4.3,Afternoon,Provided,Synthetic development data
27-10-2025,Monday,5,14:30,15:30,Organizational Behavior,IT15,MPS_KSD,1,MCA,B,403,102,73,71.57,80.39,1.0,Theory,No,No,No,Sunny,No,4.5,Afternoon,Provided,Synthetic development data
28-10-2025,Tuesday,1,09:15,10:15,Mini Project,ITP11,JSP_Visiting,1,MCA,B,403,102,72,70.59,71.57,18.75,Project,No,No,No,Sunny,No,13.7,Morning,Provided,Synthetic development data
28-10-2025,Tuesday,2,10:15,11:15,Organizational Behavior,IT15,MPS_KSD,1,MCA,B,403,102,82,80.39,70.59,1.0,Theory,No,No,No,Rainy,No,12.2,Morning,Provided,Synthetic development data
28-10-2025,Tuesday,3,11:15,12:15,Advanced DBMS,IT13,MST_DPY,1,MCA,B,403,102,81,79.41,80.39,1.0,Theory,No,No,No,Sunny,No,6.5,Morning,Provided,Synthetic development data
28-10-2025,Tuesday,4,13:30,14:30,"Practical based on Python Programming, Data Structure and Algorithms and Advanced DBMS",ITL11,AAB_SP_ASP_RSZ_MST_DPY,1,MCA,B,401/402,102,85,83.33,79.41,2.25,Practical,No,No,No,Sunny,Yes,14.3,Afternoon,Provided,Synthetic development data
28-10-2025,Tuesday,5,14:30,15:30,Advanced DBMS,IT13,MST_DPY,1,MCA,B,403,102,68,66.67,83.33,1.0,Theory,No,No,No,Sunny,No,5.1,Afternoon,Provided,Synthetic development data
29-10-2025,Wednesday,1,09:15,10:15,Mini Project,ITP11,JSP_Visiting,1,MCA,B,403,102,69,67.65,66.67,18.75,Project,No,No,No,Sunny,No,7.3,Morning,Provided,Synthetic development data
29-10-2025,Wednesday,2,10:15,11:15,Network Technologies and Infrastructure Management,IT14,MLK,1,MCA,B,403,102,74,72.55,67.65,1.0,Theory,No,No,No,Rainy,No,12.6,Morning,Provided,Synthetic development data
29-10-2025,Wednesday,3,11:15,12:15,Data Structure and Algorithms,IT12,ASP_RSZ,1,MCA,B,403,102,84,82.35,72.55,1.0,Theory,No,No,No,Sunny,No,7.8,Morning,Provided,Synthetic development data
29-10-2025,Wednesday,4,13:30,14:30,Python Programming,IT11,AAB_SP,1,MCA,B,403,102,73,71.57,82.35,2.25,Theory,Yes,No,No,Rainy,No,5.1,Afternoon,Provided,Synthetic development data
29-10-2025,Wednesday,5,14:30,15:30,Network Technologies and Infrastructure Management,IT14,MLK,1,MCA,B,403,102,68,66.67,71.57,1.0,Theory,No,No,No,Rainy,No,6.8,Afternoon,Provided,Synthetic development data
30-10-2025,Thursday,1,09:15,10:15,Network Technologies and Infrastructure Management,IT14,MLK,1,MCA,B,403,102,67,65.69,66.67,18.75,Theory,No,No,No,Rainy,No,8.5,Morning,Provided,Synthetic development data
30-10-2025,Thursday,2,10:15,11:15,Data Structure and Algorithms,IT12,ASP_RSZ,1,MCA,B,403,102,77,75.49,65.69,1.0,Theory,No,No,No,Rainy,No,10.1,Morning,Provided,Synthetic development data
30-10-2025,Thursday,3,11:15,12:15,Organizational Behavior,IT15,MPS_KSD,1,MCA,B,403,102,83,81.37,75.49,1.0,Theory,No,No,No,Rainy,No,7.3,Morning,Provided,Synthetic development data
30-10-2025,Thursday,4,13:30,14:30,Advanced DBMS,IT13,MST_DPY,1,MCA,B,403,102,76,74.51,81.37,2.25,Theory,Yes,No,No,Cloudy,No,7.6,Afternoon,Provided,Synthetic development data
30-10-2025,Thursday,5,14:30,15:30,Data Structure and Algorithms,IT12,ASP_RSZ,1,MCA,B,403,102,76,74.51,74.51,1.0,Theory,No,No,No,Cloudy,No,5.4,Afternoon,Provided,Synthetic development data
31-10-2025,Friday,1,09:15,10:15,Organizational Behavior,IT15,MPS_KSD,1,MCA,B,403,102,76,74.51,74.51,18.75,Theory,No,No,No,Cloudy,No,9.0,Morning,Provided,Synthetic development data
31-10-2025,Friday,2,10:15,11:15,Python Programming,IT11,AAB_SP,1,MCA,B,403,102,74,72.55,74.51,1.0,Theory,No,No,No,Cloudy,No,4.9,Morning,Provided,Synthetic development data
31-10-2025,Friday,3,11:15,12:15,Advanced DBMS,IT13,MST_DPY,1,MCA,B,403,102,70,68.63,72.55,1.0,Theory,No,No,No,Sunny,No,13.3,Morning,Provided,Synthetic development data
31-10-2025,Friday,4,13:30,14:30,Data Structure and Algorithms,IT12,ASP_RSZ,1,MCA,B,403,102,61,59.8,68.63,2.25,Theory,No,No,No,Rainy,Yes,11.7,Afternoon,Provided,Synthetic development data
31-10-2025,Friday,5,14:30,15:30,Python Programming,IT11,AAB_SP,1,MCA,B,403,102,71,69.61,59.8,1.0,Theory,No,No,No,Rainy,No,7.3,Afternoon,Provided,Synthetic development data
01-11-2025,Saturday,1,11:15,12:15,Mini Project,ITP11,JSP_Visiting,1,MCA,B,403,102,69,67.65,69.61,20.75,Project,No,Yes,No,Cloudy,No,11.7,Morning,Provided,Synthetic development data
03-11-2025,Monday,1,09:15,10:15,Mini Project,ITP11,JSP_Visiting,1,MCA,B,403,102,76,74.51,67.65,46.0,Project,No,No,No,Rainy,No,2.1,Morning,Provided,Synthetic development data
03-11-2025,Monday,2,10:15,11:15,Advanced DBMS,IT13,MST_DPY,1,MCA,B,403,102,67,65.69,74.51,1.0,Theory,Yes,No,No,Sunny,No,6.5,Morning,Provided,Synthetic development data
03-11-2025,Monday,3,11:15,12:15,Python Programming,IT11,AAB_SP,1,MCA,B,403,102,88,86.27,65.69,1.0,Theory,No,No,No,Sunny,No,7.7,Morning,Provided,Synthetic development data
03-11-2025,Monday,4,13:30,14:30,"Practical based on Python Programming, Data Structure and Algorithms and Advanced DBMS",ITL11,AAB_SP_ASP_RSZ_MST_DPY,1,MCA,B,401/402,102,87,85.29,86.27,2.25,Practical,Yes,No,No,Rainy,No,8.1,Afternoon,Provided,Synthetic development data
03-11-2025,Monday,5,14:30,15:30,Organizational Behavior,IT15,MPS_KSD,1,MCA,B,403,102,73,71.57,85.29,1.0,Theory,No,No,No,Sunny,No,11.7,Afternoon,Provided,Synthetic development data
04-11-2025,Tuesday,1,09:15,10:15,Mini Project,ITP11,JSP_Visiting,1,MCA,B,403,102,64,62.75,71.57,18.75,Project,No,Yes,Yes,Sunny,No,14.5,Morning,Provided,Synthetic development data
04-11-2025,Tuesday,2,10:15,11:15,Organizational Behavior,IT15,MPS_KSD,1,MCA,B,403,102,74,72.55,62.75,1.0,Theory,No,Yes,Yes,Cloudy,No,6.9,Morning,Provided,Synthetic development data
04-11-2025,Tuesday,3,11:15,12:15,Advanced DBMS,IT13,MST_DPY,1,MCA,B,403,102,68,66.67,72.55,1.0,Theory,No,No,Yes,Cloudy,No,6.6,Morning,Provided,Synthetic development data
04-11-2025,Tuesday,4,13:30,14:30,"Practical based on Python Programming, Data Structure and Algorithms and Advanced DBMS",ITL11,AAB_SP_ASP_RSZ_MST_DPY,1,MCA,B,401/402,102,72,70.59,66.67,2.25,Practical,No,No,Yes,Sunny,No,9.9,Afternoon,Provided,Synthetic development data
04-11-2025,Tuesday,5,14:30,15:30,Advanced DBMS,IT13,MST_DPY,1,MCA,B,403,102,65,63.73,70.59,1.0,Theory,No,No,Yes,Cloudy,No,5.7,Afternoon,Provided,Synthetic development data
06-11-2025,Thursday,1,09:15,10:15,Network Technologies and Infrastructure Management,IT14,MLK,1,MCA,B,403,102,60,58.82,63.73,42.75,Theory,No,No,Yes,Rainy,No,3.8,Morning,Provided,Synthetic development data
06-11-2025,Thursday,2,10:15,11:15,Data Structure and Algorithms,IT12,ASP_RSZ,1,MCA,B,403,102,63,61.76,58.82,1.0,Theory,No,No,Yes,Sunny,No,14.5,Morning,Provided,Synthetic development data
06-11-2025,Thursday,3,11:15,12:15,Organizational Behavior,IT15,MPS_KSD,1,MCA,B,403,102,81,79.41,61.76,1.0,Theory,No,No,Yes,Rainy,No,12.5,Morning,Provided,Synthetic development data
06-11-2025,Thursday,4,13:30,14:30,Advanced DBMS,IT13,MST_DPY,1,MCA,B,403,102,64,62.75,79.41,2.25,Theory,No,Yes,Yes,Rainy,No,14.5,Afternoon,Provided,Synthetic development data
06-11-2025,Thursday,5,14:30,15:30,Data Structure and Algorithms,IT12,ASP_RSZ,1,MCA,B,403,102,61,59.8,62.75,1.0,Theory,No,No,Yes,Cloudy,No,4.8,Afternoon,Provided,Synthetic development data
07-11-2025,Friday,1,09:15,10:15,Organizational Behavior,IT15,MPS_KSD,1,MCA,B,403,102,90,88.24,59.8,18.75,Theory,No,No,No,Sunny,No,2.2,Morning,Provided,Synthetic development data
07-11-2025,Friday,2,10:15,11:15,Python Programming,IT11,AAB_SP,1,MCA,B,403,102,77,75.49,88.24,1.0,Theory,No,No,No,Rainy,No,7.7,Morning,Provided,Synthetic development data
07-11-2025,Friday,3,11:15,12:15,Advanced DBMS,IT13,MST_DPY,1,MCA,B,403,102,78,76.47,75.49,1.0,Theory,No,No,No,Rainy,No,14.1,Morning,Provided,Synthetic development data
07-11-2025,Friday,4,13:30,14:30,Data Structure and Algorithms,IT12,ASP_RSZ,1,MCA,B,403,102,75,73.53,76.47,2.25,Theory,No,No,No,Sunny,No,3.8,Afternoon,Provided,Synthetic development data
07-11-2025,Friday,5,14:30,15:30,Python Programming,IT11,AAB_SP,1,MCA,B,403,102,80,78.43,73.53,1.0,Theory,No,No,No,Cloudy,No,3.5,Afternoon,Provided,Synthetic development data
08-11-2025,Saturday,1,11:15,12:15,Mini Project,ITP11,JSP_Visiting,1,MCA,B,403,102,72,70.59,78.43,20.75,Project,No,Yes,No,Rainy,No,2.9,Morning,Provided,Synthetic development data
10-11-2025,Monday,1,09:15,10:15,Mini Project,ITP11,JSP_Visiting,1,MCA,B,403,102,77,75.49,70.59,46.0,Project,No,No,No,Rainy,No,11.9,Morning,Provided,Synthetic development data
10-11-2025,Monday,2,10:15,11:15,Advanced DBMS,IT13,MST_DPY,1,MCA,B,403,102,81,79.41,75.49,1.0,Theory,No,No,No,Cloudy,No,12.2,Morning,Provided,Synthetic development data
10-11-2025,Monday,3,11:15,12:15,Python Programming,IT11,AAB_SP,1,MCA,B,403,102,79,77.45,79.41,1.0,Theory,No,No,No,Rainy,No,11.0,Morning,Provided,Synthetic development data
10-11-2025,Monday,4,13:30,14:30,"Practical based on Python Programming, Data Structure and Algorithms and Advanced DBMS",ITL11,AAB_SP_ASP_RSZ_MST_DPY,1,MCA,B,401/402,102,89,87.25,77.45,2.25,Practical,No,Yes,No,Cloudy,No,2.7,Afternoon,Provided,Synthetic development data
10-11-2025,Monday,5,14:30,15:30,Organizational Behavior,IT15,MPS_KSD,1,MCA,B,403,102,68,66.67,87.25,1.0,Theory,No,No,No,Cloudy,No,11.4,Afternoon,Provided,Synthetic development data
11-11-2025,Tuesday,1,09:15,10:15,Mini Project,ITP11,JSP_Visiting,1,MCA,B,403,102,73,71.57,66.67,18.75,Project,No,No,No,Sunny,No,7.8,Morning,Provided,Synthetic development data
11-11-2025,Tuesday,2,10:15,11:15,Organizational Behavior,IT15,MPS_KSD,1,MCA,B,403,102,74,72.55,71.57,1.0,Theory,No,No,No,Sunny,No,4.1,Morning,Provided,Synthetic development data
11-11-2025,Tuesday,3,11:15,12:15,Advanced DBMS,IT13,MST_DPY,1,MCA,B,403,102,77,75.49,72.55,1.0,Theory,No,No,No,Cloudy,No,5.8,Morning,Provided,Synthetic development data
11-11-2025,Tuesday,4,13:30,14:30,"Practical based on Python Programming, Data Structure and Algorithms and Advanced DBMS",ITL11,AAB_SP_ASP_RSZ_MST_DPY,1,MCA,B,401/402,102,82,80.39,75.49,2.25,Practical,No,No,No,Sunny,No,8.5,Afternoon,Provided,Synthetic development data
11-11-2025,Tuesday,5,14:30,15:30,Advanced DBMS,IT13,MST_DPY,1,MCA,B,403,102,64,62.75,80.39,1.0,Theory,No,No,No,Rainy,No,6.3,Afternoon,Provided,Synthetic development data
12-11-2025,Wednesday,1,09:15,10:15,Mini Project,ITP11,JSP_Visiting,1,MCA,B,403,102,76,74.51,62.75,18.75,Project,No,Yes,No,Rainy,No,14.6,Morning,Provided,Synthetic development data
12-11-2025,Wednesday,2,10:15,11:15,Network Technologies and Infrastructure Management,IT14,MLK,1,MCA,B,403,102,69,67.65,74.51,1.0,Theory,No,No,No,Cloudy,No,8.2,Morning,Provided,Synthetic development data
12-11-2025,Wednesday,3,11:15,12:15,Data Structure and Algorithms,IT12,ASP_RSZ,1,MCA,B,403,102,72,70.59,67.65,1.0,Theory,No,No,No,Rainy,No,6.8,Morning,Provided,Synthetic development data
12-11-2025,Wednesday,4,13:30,14:30,Python Programming,IT11,AAB_SP,1,MCA,B,403,102,73,71.57,70.59,2.25,Theory,No,No,No,Sunny,No,10.8,Afternoon,Provided,Synthetic development data
12-11-2025,Wednesday,5,14:30,15:30,Network Technologies and Infrastructure Management,IT14,MLK,1,MCA,B,403,102,61,59.8,71.57,1.0,Theory,No,No,No,Sunny,No,10.5,Afternoon,Provided,Synthetic development data
13-11-2025,Thursday,1,09:15,10:15,Network Technologies and Infrastructure Management,IT14,MLK,1,MCA,B,403,102,72,70.59,59.8,18.75,Theory,No,No,No,Cloudy,No,2.0,Morning,Provided,Synthetic development data
13-11-2025,Thursday,2,10:15,11:15,Data Structure and Algorithms,IT12,ASP_RSZ,1,MCA,B,403,102,76,74.51,70.59,1.0,Theory,No,No,No,Rainy,No,10.0,Morning,Provided,Synthetic development data
13-11-2025,Thursday,3,11:15,12:15,Organizational Behavior,IT15,MPS_KSD,1,MCA,B,403,102,79,77.45,74.51,1.0,Theory,No,No,No,Rainy,No,5.2,Morning,Provided,Synthetic development data
13-11-2025,Thursday,4,13:30,14:30,Advanced DBMS,IT13,MST_DPY,1,MCA,B,403,102,71,69.61,77.45,2.25,Theory,No,No,No,Sunny,No,6.9,Afternoon,Provided,Synthetic development data
13-11-2025,Thursday,5,14:30,15:30,Data Structure and Algorithms,IT12,ASP_RSZ,1,MCA,B,403,102,75,73.53,69.61,1.0,Theory,No,Yes,No,Cloudy,No,11.2,Afternoon,Provided,Synthetic development data
14-11-2025,Friday,1,09:15,10:15,Organizational Behavior,IT15,MPS_KSD,1,MCA,B,403,102,88,86.27,73.53,18.75,Theory,Yes,No,No,Cloudy,No,9.2,Morning,Provided,Synthetic development data
14-11-2025,Friday,2,10:15,11:15,Python Programming,IT11,AAB_SP,1,MCA,B,403,102,87,85.29,86.27,1.0,Theory,No,Yes,No,Sunny,No,6.8,Morning,Provided,Synthetic development data
14-11-2025,Friday,3,11:15,12:15,Advanced DBMS,IT13,MST_DPY,1,MCA,B,403,102,72,70.59,85.29,1.0,Theory,No,No,No,Rainy,No,4.2,Morning,Provided,Synthetic development data
14-11-2025,Friday,4,13:30,14:30,Data Structure and Algorithms,IT12,ASP_RSZ,1,MCA,B,403,102,74,72.55,70.59,2.25,Theory,No,No,No,Sunny,No,8.6,Afternoon,Provided,Synthetic development data
14-11-2025,Friday,5,14:30,15:30,Python Programming,IT11,AAB_SP,1,MCA,B,403,102,75,73.53,72.55,1.0,Theory,Yes,No,No,Rainy,No,6.2,Afternoon,Provided,Synthetic development data
15-11-2025,Saturday,1,11:15,12:15,Mini Project,ITP11,JSP_Visiting,1,MCA,B,403,102,74,72.55,73.53,20.75,Project,No,Yes,No,Cloudy,No,13.9,Morning,Provided,Synthetic development data
17-11-2025,Monday,1,09:15,10:15,Mini Project,ITP11,JSP_Visiting,1,MCA,B,403,102,66,64.71,72.55,46.0,Project,No,No,No,Sunny,No,8.9,Morning,Provided,Synthetic development data
17-11-2025,Monday,2,10:15,11:15,Advanced DBMS,IT13,MST_DPY,1,MCA,B,403,102,70,68.63,64.71,1.0,Theory,No,No,No,Sunny,No,13.3,Morning,Provided,Synthetic development data
17-11-2025,Monday,3,11:15,12:15,Python Programming,IT11,AAB_SP,1,MCA,B,403,102,73,71.57,68.63,1.0,Theory,No,No,No,Sunny,No,7.1,Morning,Provided,Synthetic development data
17-11-2025,Monday,4,13:30,14:30,"Practical based on Python Programming, Data Structure and Algorithms and Advanced DBMS",ITL11,AAB_SP_ASP_RSZ_MST_DPY,1,MCA,B,401/402,102,89,87.25,71.57,2.25,Practical,Yes,No,No,Cloudy,No,12.8,Afternoon,Provided,Synthetic development data
17-11-2025,Monday,5,14:30,15:30,Organizational Behavior,IT15,MPS_KSD,1,MCA,B,403,102,80,78.43,87.25,1.0,Theory,No,Yes,No,Sunny,No,2.7,Afternoon,Provided,Synthetic development data
18-11-2025,Tuesday,1,09:15,10:15,Mini Project,ITP11,JSP_Visiting,1,MCA,B,403,102,76,74.51,78.43,18.75,Project,No,No,No,Rainy,No,5.9,Morning,Provided,Synthetic development data
18-11-2025,Tuesday,2,10:15,11:15,Organizational Behavior,IT15,MPS_KSD,1,MCA,B,403,102,75,73.53,74.51,1.0,Theory,No,No,No,Sunny,No,3.0,Morning,Provided,Synthetic development data
18-11-2025,Tuesday,3,11:15,12:15,Advanced DBMS,IT13,MST_DPY,1,MCA,B,403,102,72,70.59,73.53,1.0,Theory,No,No,No,Cloudy,No,2.4,Morning,Provided,Synthetic development data
18-11-2025,Tuesday,4,13:30,14:30,"Practical based on Python Programming, Data Structure and Algorithms and Advanced DBMS",ITL11,AAB_SP_ASP_RSZ_MST_DPY,1,MCA,B,401/402,102,76,74.51,70.59,2.25,Practical,No,No,No,Sunny,No,13.9,Afternoon,Provided,Synthetic development data
18-11-2025,Tuesday,5,14:30,15:30,Advanced DBMS,IT13,MST_DPY,1,MCA,B,403,102,61,59.8,74.51,1.0,Theory,No,No,No,Rainy,No,11.3,Afternoon,Provided,Synthetic development data
19-11-2025,Wednesday,1,09:15,10:15,Mini Project,ITP11,JSP_Visiting,1,MCA,B,403,102,71,69.61,59.8,18.75,Project,No,No,No,Sunny,No,10.1,Morning,Provided,Synthetic development data
19-11-2025,Wednesday,2,10:15,11:15,Network Technologies and Infrastructure Management,IT14,MLK,1,MCA,B,403,102,68,66.67,69.61,1.0,Theory,No,Yes,No,Cloudy,No,8.9,Morning,Provided,Synthetic development data
19-11-2025,Wednesday,3,11:15,12:15,Data Structure and Algorithms,IT12,ASP_RSZ,1,MCA,B,403,102,72,70.59,66.67,1.0,Theory,No,No,No,Cloudy,No,9.4,Morning,Provided,Synthetic development data
19-11-2025,Wednesday,4,13:30,14:30,Python Programming,IT11,AAB_SP,1,MCA,B,403,102,74,72.55,70.59,2.25,Theory,No,No,No,Cloudy,Yes,10.3,Afternoon,Provided,Synthetic development data
19-11-2025,Wednesday,5,14:30,15:30,Network Technologies and Infrastructure Management,IT14,MLK,1,MCA,B,403,102,62,60.78,72.55,1.0,Theory,No,Yes,No,Sunny,No,12.7,Afternoon,Provided,Synthetic development data
20-11-2025,Thursday,1,09:15,10:15,Network Technologies and Infrastructure Management,IT14,MLK,1,MCA,B,403,102,75,73.53,60.78,18.75,Theory,No,Yes,No,Cloudy,No,9.8,Morning,Provided,Synthetic development data
20-11-2025,Thursday,2,10:15,11:15,Data Structure and Algorithms,IT12,ASP_RSZ,1,MCA,B,403,102,79,77.45,73.53,1.0,Theory,No,No,No,Cloudy,No,11.7,Morning,Provided,Synthetic development data
20-11-2025,Thursday,3,11:15,12:15,Organizational Behavior,IT15,MPS_KSD,1,MCA,B,403,102,76,74.51,77.45,1.0,Theory,No,No,No,Sunny,No,5.7,Morning,Provided,Synthetic development data
20-11-2025,Thursday,4,13:30,14:30,Advanced DBMS,IT13,MST_DPY,1,MCA,B,403,102,69,67.65,74.51,2.25,Theory,No,No,No,Cloudy,No,14.7,Afternoon,Provided,Synthetic development data
20-11-2025,Thursday,5,14:30,15:30,Data Structure and Algorithms,IT12,ASP_RSZ,1,MCA,B,403,102,75,73.53,67.65,1.0,Theory,No,No,No,Cloudy,No,2.4,Afternoon,Provided,Synthetic development data
21-11-2025,Friday,1,09:15,10:15,Organizational Behavior,IT15,MPS_KSD,1,MCA,B,403,102,71,69.61,73.53,18.75,Theory,No,No,No,Cloudy,Yes,7.0,Morning,Provided,Synthetic development data
21-11-2025,Friday,2,10:15,11:15,Python Programming,IT11,AAB_SP,1,MCA,B,403,102,70,68.63,69.61,1.0,Theory,No,No,No,Sunny,No,13.5,Morning,Provided,Synthetic development data
21-11-2025,Friday,3,11:15,12:15,Advanced DBMS,IT13,MST_DPY,1,MCA,B,403,102,74,72.55,68.63,1.0,Theory,No,No,No,Sunny,No,4.3,Morning,Provided,Synthetic development data
21-11-2025,Friday,4,13:30,14:30,Data Structure and Algorithms,IT12,ASP_RSZ,1,MCA,B,403,102,73,71.57,72.55,2.25,Theory,No,No,No,Cloudy,No,3.8,Afternoon,Provided,Synthetic development data
21-11-2025,Friday,5,14:30,15:30,Python Programming,IT11,AAB_SP,1,MCA,B,403,102,69,67.65,71.57,1.0,Theory,No,No,No,Sunny,No,6.8,Afternoon,Provided,Synthetic development data
22-11-2025,Saturday,1,11:15,12:15,Mini Project,ITP11,JSP_Visiting,1,MCA,B,403,102,60,58.82,67.65,20.75,Project,No,No,No,Cloudy,No,7.6,Morning,Provided,Synthetic development data
24-11-2025,Monday,1,09:15,10:15,Mini Project,ITP11,JSP_Visiting,1,MCA,B,403,102,71,69.61,58.82,46.0,Project,No,No,No,Rainy,No,14.1,Morning,Provided,Synthetic development data
24-11-2025,Monday,2,10:15,11:15,Advanced DBMS,IT13,MST_DPY,1,MCA,B,403,102,79,77.45,69.61,1.0,Theory,No,No,No,Cloudy,No,12.9,Morning,Provided,Synthetic development data
24-11-2025,Monday,3,11:15,12:15,Python Programming,IT11,AAB_SP,1,MCA,B,403,102,76,74.51,77.45,1.0,Theory,No,No,No,Cloudy,No,8.0,Morning,Provided,Synthetic development data
24-11-2025,Monday,4,13:30,14:30,"Practical based on Python Programming, Data Structure and Algorithms and Advanced DBMS",ITL11,AAB_SP_ASP_RSZ_MST_DPY,1,MCA,B,401/402,102,85,83.33,74.51,2.25,Practical,No,No,No,Rainy,No,14.6,Afternoon,Provided,Synthetic development data
24-11-2025,Monday,5,14:30,15:30,Organizational Behavior,IT15,MPS_KSD,1,MCA,B,403,102,70,68.63,83.33,1.0,Theory,No,No,No,Rainy,No,10.3,Afternoon,Provided,Synthetic development data
25-11-2025,Tuesday,1,09:15,10:15,Mini Project,ITP11,JSP_Visiting,1,MCA,B,403,102,72,70.59,68.63,18.75,Project,No,No,No,Sunny,No,13.4,Morning,Provided,Synthetic development data
25-11-2025,Tuesday,2,10:15,11:15,Organizational Behavior,IT15,MPS_KSD,1,MCA,B,403,102,82,80.39,70.59,1.0,Theory,No,Yes,No,Rainy,No,5.2,Morning,Provided,Synthetic development data
25-11-2025,Tuesday,3,11:15,12:15,Advanced DBMS,IT13,MST_DPY,1,MCA,B,403,102,70,68.63,80.39,1.0,Theory,No,No,No,Cloudy,No,8.4,Morning,Provided,Synthetic development data
25-11-2025,Tuesday,4,13:30,14:30,"Practical based on Python Programming, Data Structure and Algorithms and Advanced DBMS",ITL11,AAB_SP_ASP_RSZ_MST_DPY,1,MCA,B,401/402,102,81,79.41,68.63,2.25,Practical,No,No,No,Sunny,No,2.4,Afternoon,Provided,Synthetic development data
25-11-2025,Tuesday,5,14:30,15:30,Advanced DBMS,IT13,MST_DPY,1,MCA,B,403,102,68,66.67,79.41,1.0,Theory,No,No,No,Rainy,No,2.1,Afternoon,Provided,Synthetic development data
26-11-2025,Wednesday,1,09:15,10:15,Mini Project,ITP11,JSP_Visiting,1,MCA,B,403,102,71,69.61,66.67,18.75,Project,No,No,No,Rainy,No,11.2,Morning,Provided,Synthetic development data
26-11-2025,Wednesday,2,10:15,11:15,Network Technologies and Infrastructure Management,IT14,MLK,1,MCA,B,403,102,73,71.57,69.61,1.0,Theory,No,Yes,No,Sunny,No,3.5,Morning,Provided,Synthetic development data
26-11-2025,Wednesday,3,11:15,12:15,Data Structure and Algorithms,IT12,ASP_RSZ,1,MCA,B,403,102,74,72.55,71.57,1.0,Theory,No,No,No,Cloudy,No,9.1,Morning,Provided,Synthetic development data
26-11-2025,Wednesday,4,13:30,14:30,Python Programming,IT11,AAB_SP,1,MCA,B,403,102,75,73.53,72.55,2.25,Theory,No,No,No,Cloudy,No,11.0,Afternoon,Provided,Synthetic development data
26-11-2025,Wednesday,5,14:30,15:30,Network Technologies and Infrastructure Management,IT14,MLK,1,MCA,B,403,102,77,75.49,73.53,1.0,Theory,No,No,No,Sunny,No,2.4,Afternoon,Provided,Synthetic development data
27-11-2025,Thursday,1,09:15,10:15,Network Technologies and Infrastructure Management,IT14,MLK,1,MCA,B,403,102,66,64.71,75.49,18.75,Theory,No,No,No,Sunny,No,7.8,Morning,Provided,Synthetic development data
27-11-2025,Thursday,2,10:15,11:15,Data Structure and Algorithms,IT12,ASP_RSZ,1,MCA,B,403,102,67,65.69,64.71,1.0,Theory,No,No,No,Rainy,No,10.9,Morning,Provided,Synthetic development data
27-11-2025,Thursday,3,11:15,12:15,Organizational Behavior,IT15,MPS_KSD,1,MCA,B,403,102,79,77.45,65.69,1.0,Theory,No,No,No,Cloudy,No,13.6,Morning,Provided,Synthetic development data
27-11-2025,Thursday,4,13:30,14:30,Advanced DBMS,IT13,MST_DPY,1,MCA,B,403,102,68,66.67,77.45,2.25,Theory,No,No,No,Rainy,No,5.9,Afternoon,Provided,Synthetic development data
27-11-2025,Thursday,5,14:30,15:30,Data Structure and Algorithms,IT12,ASP_RSZ,1,MCA,B,403,102,80,78.43,66.67,1.0,Theory,No,No,No,Cloudy,No,14.7,Afternoon,Provided,Synthetic development data
28-11-2025,Friday,1,09:15,10:15,Organizational Behavior,IT15,MPS_KSD,1,MCA,B,403,102,85,83.33,78.43,18.75,Theory,No,No,No,Cloudy,No,13.0,Morning,Provided,Synthetic development data
28-11-2025,Friday,2,10:15,11:15,Python Programming,IT11,AAB_SP,1,MCA,B,403,102,71,69.61,83.33,1.0,Theory,Yes,No,No,Rainy,No,10.5,Morning,Provided,Synthetic development data
28-11-2025,Friday,3,11:15,12:15,Advanced DBMS,IT13,MST_DPY,1,MCA,B,403,102,79,77.45,69.61,1.0,Theory,No,No,No,Sunny,No,7.1,Morning,Provided,Synthetic development data
28-11-2025,Friday,4,13:30,14:30,Data Structure and Algorithms,IT12,ASP_RSZ,1,MCA,B,403,102,73,71.57,77.45,2.25,Theory,No,No,No,Sunny,No,11.2,Afternoon,Provided,Synthetic development data
28-11-2025,Friday,5,14:30,15:30,Python Programming,IT11,AAB_SP,1,MCA,B,403,102,71,69.61,71.57,1.0,Theory,No,No,No,Cloudy,No,12.6,Afternoon,Provided,Synthetic development data
29-11-2025,Saturday,1,11:15,12:15,Mini Project,ITP11,JSP_Visiting,1,MCA,B,403,102,80,78.43,69.61,20.75,Project,No,No,No,Cloudy,No,5.9,Morning,Provided,Synthetic development data
01-12-2025,Monday,1,09:15,10:15,Mini Project,ITP11,JSP_Visiting,1,MCA,B,403,102,69,67.65,78.43,46.0,Project,No,No,No,Cloudy,Yes,14.9,Morning,Provided,Synthetic development data
01-12-2025,Monday,2,10:15,11:15,Advanced DBMS,IT13,MST_DPY,1,MCA,B,403,102,74,72.55,67.65,1.0,Theory,No,No,No,Cloudy,No,13.8,Morning,Provided,Synthetic development data
01-12-2025,Monday,3,11:15,12:15,Python Programming,IT11,AAB_SP,1,MCA,B,403,102,76,74.51,72.55,1.0,Theory,No,No,No,Rainy,No,8.3,Morning,Provided,Synthetic development data
01-12-2025,Monday,4,13:30,14:30,"Practical based on Python Programming, Data Structure and Algorithms and Advanced DBMS",ITL11,AAB_SP_ASP_RSZ_MST_DPY,1,MCA,B,401/402,102,83,81.37,74.51,2.25,Practical,No,No,No,Sunny,No,11.4,Afternoon,Provided,Synthetic development data
01-12-2025,Monday,5,14:30,15:30,Organizational Behavior,IT15,MPS_KSD,1,MCA,B,403,102,77,75.49,81.37,1.0,Theory,No,No,No,Cloudy,No,8.8,Afternoon,Provided,Synthetic development data
02-12-2025,Tuesday,1,09:15,10:15,Mini Project,ITP11,JSP_Visiting,1,MCA,B,403,102,75,73.53,75.49,18.75,Project,No,No,No,Rainy,No,11.9,Morning,Provided,Synthetic development data
02-12-2025,Tuesday,2,10:15,11:15,Organizational Behavior,IT15,MPS_KSD,1,MCA,B,403,102,84,82.35,73.53,1.0,Theory,No,No,No,Cloudy,No,12.8,Morning,Provided,Synthetic development data
02-12-2025,Tuesday,3,11:15,12:15,Advanced DBMS,IT13,MST_DPY,1,MCA,B,403,102,69,67.65,82.35,1.0,Theory,No,No,No,Cloudy,No,2.3,Morning,Provided,Synthetic development data
02-12-2025,Tuesday,4,13:30,14:30,"Practical based on Python Programming, Data Structure and Algorithms and Advanced DBMS",ITL11,AAB_SP_ASP_RSZ_MST_DPY,1,MCA,B,401/402,102,85,83.33,67.65,2.25,Practical,No,No,No,Cloudy,No,3.0,Afternoon,Provided,Synthetic development data
02-12-2025,Tuesday,5,14:30,15:30,Advanced DBMS,IT13,MST_DPY,1,MCA,B,403,102,75,73.53,83.33,1.0,Theory,No,No,No,Cloudy,No,6.4,Afternoon,Provided,Synthetic development data
03-12-2025,Wednesday,1,09:15,10:15,Mini Project,ITP11,JSP_Visiting,1,MCA,B,403,102,81,79.41,73.53,18.75,Project,No,No,No,Sunny,No,13.9,Morning,Provided,Synthetic development data
03-12-2025,Wednesday,2,10:15,11:15,Network Technologies and Infrastructure Management,IT14,MLK,1,MCA,B,403,102,75,73.53,79.41,1.0,Theory,No,No,No,Rainy,No,7.2,Morning,Provided,Synthetic development data
03-12-2025,Wednesday,3,11:15,12:15,Data Structure and Algorithms,IT12,ASP_RSZ,1,MCA,B,403,102,76,74.51,73.53,1.0,Theory,No,No,No,Sunny,No,13.5,Morning,Provided,Synthetic development data
03-12-2025,Wednesday,4,13:30,14:30,Python Programming,IT11,AAB_SP,1,MCA,B,403,102,75,73.53,74.51,2.25,Theory,No,No,No,Cloudy,No,8.0,Afternoon,Provided,Synthetic development data
03-12-2025,Wednesday,5,14:30,15:30,Network Technologies and Infrastructure Management,IT14,MLK,1,MCA,B,403,102,61,59.8,73.53,1.0,Theory,No,No,No,Rainy,No,5.8,Afternoon,Provided,Synthetic development data
04-12-2025,Thursday,1,09:15,10:15,Network Technologies and Infrastructure Management,IT14,MLK,1,MCA,B,403,102,73,71.57,59.8,18.75,Theory,No,No,No,Sunny,No,13.7,Morning,Provided,Synthetic development data
04-12-2025,Thursday,2,10:15,11:15,Data Structure and Algorithms,IT12,ASP_RSZ,1,MCA,B,403,102,72,70.59,71.57,1.0,Theory,No,No,No,Rainy,No,9.3,Morning,Provided,Synthetic development data
04-12-2025,Thursday,3,11:15,12:15,Organizational Behavior,IT15,MPS_KSD,1,MCA,B,403,102,83,81.37,70.59,1.0,Theory,No,No,No,Cloudy,No,6.7,Morning,Provided,Synthetic development data
04-12-2025,Thursday,4,13:30,14:30,Advanced DBMS,IT13,MST_DPY,1,MCA,B,403,102,78,76.47,81.37,2.25,Theory,No,No,No,Sunny,No,2.6,Afternoon,Provided,Synthetic development data
04-12-2025,Thursday,5,14:30,15:30,Data Structure and Algorithms,IT12,ASP_RSZ,1,MCA,B,403,102,78,76.47,76.47,1.0,Theory,No,No,No,Sunny,No,3.4,Afternoon,Provided,Synthetic development data
05-12-2025,Friday,1,09:15,10:15,Organizational Behavior,IT15,MPS_KSD,1,MCA,B,403,102,86,84.31,76.47,18.75,Theory,No,No,No,Rainy,No,3.8,Morning,Provided,Synthetic development data
05-12-2025,Friday,2,10:15,11:15,Python Programming,IT11,AAB_SP,1,MCA,B,403,102,70,68.63,84.31,1.0,Theory,No,No,No,Sunny,No,6.7,Morning,Provided,Synthetic development data
05-12-2025,Friday,3,11:15,12:15,Advanced DBMS,IT13,MST_DPY,1,MCA,B,403,102,81,79.41,68.63,1.0,Theory,No,No,No,Cloudy,No,9.9,Morning,Provided,Synthetic development data
05-12-2025,Friday,4,13:30,14:30,Data Structure and Algorithms,IT12,ASP_RSZ,1,MCA,B,403,102,71,69.61,79.41,2.25,Theory,No,No,No,Cloudy,No,6.0,Afternoon,Provided,Synthetic development data
05-12-2025,Friday,5,14:30,15:30,Python Programming,IT11,AAB_SP,1,MCA,B,403,102,71,69.61,69.61,1.0,Theory,No,No,No,Rainy,No,2.9,Afternoon,Provided,Synthetic development data
06-12-2025,Saturday,1,11:15,12:15,Mini Project,ITP11,JSP_Visiting,1,MCA,B,403,102,60,58.82,69.61,20.75,Project,No,No,No,Sunny,No,5.4,Morning,Provided,Synthetic development data
08-12-2025,Monday,1,09:15,10:15,Mini Project,ITP11,JSP_Visiting,1,MCA,B,403,102,82,80.39,58.82,46.0,Project,No,No,No,Sunny,No,7.3,Morning,Provided,Synthetic development data
08-12-2025,Monday,2,10:15,11:15,Advanced DBMS,IT13,MST_DPY,1,MCA,B,403,102,72,70.59,80.39,1.0,Theory,No,No,No,Sunny,No,14.9,Morning,Provided,Synthetic development data
08-12-2025,Monday,3,11:15,12:15,Python Programming,IT11,AAB_SP,1,MCA,B,403,102,71,69.61,70.59,1.0,Theory,Yes,No,No,Rainy,No,7.1,Morning,Provided,Synthetic development data
08-12-2025,Monday,4,13:30,14:30,"Practical based on Python Programming, Data Structure and Algorithms and Advanced DBMS",ITL11,AAB_SP_ASP_RSZ_MST_DPY,1,MCA,B,401/402,102,79,77.45,69.61,2.25,Practical,No,No,No,Rainy,No,3.2,Afternoon,Provided,Synthetic development data
08-12-2025,Monday,5,14:30,15:30,Organizational Behavior,IT15,MPS_KSD,1,MCA,B,403,102,74,72.55,77.45,1.0,Theory,No,No,No,Sunny,No,9.6,Afternoon,Provided,Synthetic development data
09-12-2025,Tuesday,1,09:15,10:15,Mini Project,ITP11,JSP_Visiting,1,MCA,B,403,102,79,77.45,72.55,18.75,Project,No,Yes,No,Rainy,No,14.0,Morning,Provided,Synthetic development data
09-12-2025,Tuesday,2,10:15,11:15,Organizational Behavior,IT15,MPS_KSD,1,MCA,B,403,102,79,77.45,77.45,1.0,Theory,No,No,No,Cloudy,No,12.2,Morning,Provided,Synthetic development data
09-12-2025,Tuesday,3,11:15,12:15,Advanced DBMS,IT13,MST_DPY,1,MCA,B,403,102,68,66.67,77.45,1.0,Theory,No,No,No,Sunny,No,12.9,Morning,Provided,Synthetic development data
09-12-2025,Tuesday,4,13:30,14:30,"Practical based on Python Programming, Data Structure and Algorithms and Advanced DBMS",ITL11,AAB_SP_ASP_RSZ_MST_DPY,1,MCA,B,401/402,102,94,92.16,66.67,2.25,Practical,No,No,No,Rainy,No,14.1,Afternoon,Provided,Synthetic development data
09-12-2025,Tuesday,5,14:30,15:30,Advanced DBMS,IT13,MST_DPY,1,MCA,B,403,102,69,67.65,92.16,1.0,Theory,No,No,No,Sunny,No,10.3,Afternoon,Provided,Synthetic development data
10-12-2025,Wednesday,1,09:15,10:15,Mini Project,ITP11,JSP_Visiting,1,MCA,B,403,102,71,69.61,67.65,18.75,Project,No,No,No,Rainy,No,14.9,Morning,Provided,Synthetic development data
10-12-2025,Wednesday,2,10:15,11:15,Network Technologies and Infrastructure Management,IT14,MLK,1,MCA,B,403,102,71,69.61,69.61,1.0,Theory,No,No,No,Rainy,No,2.4,Morning,Provided,Synthetic development data
10-12-2025,Wednesday,3,11:15,12:15,Data Structure and Algorithms,IT12,ASP_RSZ,1,MCA,B,403,102,74,72.55,69.61,1.0,Theory,No,No,No,Rainy,No,12.9,Morning,Provided,Synthetic development data
10-12-2025,Wednesday,4,13:30,14:30,Python Programming,IT11,AAB_SP,1,MCA,B,403,102,70,68.63,72.55,2.25,Theory,No,No,No,Cloudy,No,13.1,Afternoon,Provided,Synthetic development data
10-12-2025,Wednesday,5,14:30,15:30,Network Technologies and Infrastructure Management,IT14,MLK,1,MCA,B,403,102,67,65.69,68.63,1.0,Theory,No,No,No,Cloudy,No,13.9,Afternoon,Provided,Synthetic development data
11-12-2025,Thursday,1,09:15,10:15,Network Technologies and Infrastructure Management,IT14,MLK,1,MCA,B,403,102,61,59.8,65.69,18.75,Theory,No,Yes,No,Cloudy,No,8.2,Morning,Provided,Synthetic development data
11-12-2025,Thursday,2,10:15,11:15,Data Structure and Algorithms,IT12,ASP_RSZ,1,MCA,B,403,102,75,73.53,59.8,1.0,Theory,No,No,No,Sunny,No,12.2,Morning,Provided,Synthetic development data
11-12-2025,Thursday,3,11:15,12:15,Organizational Behavior,IT15,MPS_KSD,1,MCA,B,403,102,79,77.45,73.53,1.0,Theory,No,No,No,Rainy,No,4.5,Morning,Provided,Synthetic development data
11-12-2025,Thursday,4,13:30,14:30,Advanced DBMS,IT13,MST_DPY,1,MCA,B,403,102,61,59.8,77.45,2.25,Theory,No,No,No,Cloudy,No,9.8,Afternoon,Provided,Synthetic development data
11-12-2025,Thursday,5,14:30,15:30,Data Structure and Algorithms,IT12,ASP_RSZ,1,MCA,B,403,102,67,65.69,59.8,1.0,Theory,No,No,No,Cloudy,No,6.7,Afternoon,Provided,Synthetic development data
12-12-2025,Friday,1,09:15,10:15,Organizational Behavior,IT15,MPS_KSD,1,MCA,B,403,102,75,73.53,65.69,18.75,Theory,No,No,No,Cloudy,No,9.8,Morning,Provided,Synthetic development data
12-12-2025,Friday,2,10:15,11:15,Python Programming,IT11,AAB_SP,1,MCA,B,403,102,76,74.51,73.53,1.0,Theory,No,No,No,Rainy,No,10.8,Morning,Provided,Synthetic development data
12-12-2025,Friday,3,11:15,12:15,Advanced DBMS,IT13,MST_DPY,1,MCA,B,403,102,76,74.51,74.51,1.0,Theory,No,No,No,Sunny,No,6.5,Morning,Provided,Synthetic development data
12-12-2025,Friday,4,13:30,14:30,Data Structure and Algorithms,IT12,ASP_RSZ,1,MCA,B,403,102,65,63.73,74.51,2.25,Theory,No,No,No,Cloudy,No,4.8,Afternoon,Provided,Synthetic development data
12-12-2025,Friday,5,14:30,15:30,Python Programming,IT11,AAB_SP,1,MCA,B,403,102,77,75.49,63.73,1.0,Theory,No,No,No,Cloudy,No,6.2,Afternoon,Provided,Synthetic development data
13-12-2025,Saturday,1,11:15,12:15,Mini Project,ITP11,JSP_Visiting,1,MCA,B,403,102,66,64.71,75.49,20.75,Project,No,No,No,Rainy,No,10.6,Morning,Provided,Synthetic development data
15-12-2025,Monday,1,09:15,10:15,Mini Project,ITP11,JSP_Visiting,1,MCA,B,403,102,77,75.49,64.71,46.0,Project,Yes,No,No,Rainy,No,10.8,Morning,Provided,Synthetic development data
15-12-2025,Monday,2,10:15,11:15,Advanced DBMS,IT13,MST_DPY,1,MCA,B,403,102,76,74.51,75.49,1.0,Theory,No,No,No,Sunny,No,11.6,Morning,Provided,Synthetic development data
15-12-2025,Monday,3,11:15,12:15,Python Programming,IT11,AAB_SP,1,MCA,B,403,102,77,75.49,74.51,1.0,Theory,No,No,No,Sunny,No,3.6,Morning,Provided,Synthetic development data
15-12-2025,Monday,4,13:30,14:30,"Practical based on Python Programming, Data Structure and Algorithms and Advanced DBMS",ITL11,AAB_SP_ASP_RSZ_MST_DPY,1,MCA,B,401/402,102,82,80.39,75.49,2.25,Practical,No,Yes,No,Sunny,No,12.6,Afternoon,Provided,Synthetic development data
15-12-2025,Monday,5,14:30,15:30,Organizational Behavior,IT15,MPS_KSD,1,MCA,B,403,102,69,67.65,80.39,1.0,Theory,No,No,No,Sunny,No,10.9,Afternoon,Provided,Synthetic development data
16-12-2025,Tuesday,1,09:15,10:15,Mini Project,ITP11,JSP_Visiting,1,MCA,B,403,102,66,64.71,67.65,18.75,Project,No,Yes,No,Sunny,No,2.4,Morning,Provided,Synthetic development data
16-12-2025,Tuesday,2,10:15,11:15,Organizational Behavior,IT15,MPS_KSD,1,MCA,B,403,102,73,71.57,64.71,1.0,Theory,No,No,No,Cloudy,No,6.4,Morning,Provided,Synthetic development data
16-12-2025,Tuesday,3,11:15,12:15,Advanced DBMS,IT13,MST_DPY,1,MCA,B,403,102,77,75.49,71.57,1.0,Theory,No,No,No,Cloudy,Yes,8.1,Morning,Provided,Synthetic development data
16-12-2025,Tuesday,4,13:30,14:30,"Practical based on Python Programming, Data Structure and Algorithms and Advanced DBMS",ITL11,AAB_SP_ASP_RSZ_MST_DPY,1,MCA,B,401/402,102,74,72.55,75.49,2.25,Practical,No,No,No,Cloudy,No,6.7,Afternoon,Provided,Synthetic development data
16-12-2025,Tuesday,5,14:30,15:30,Advanced DBMS,IT13,MST_DPY,1,MCA,B,403,102,77,75.49,72.55,1.0,Theory,No,No,No,Rainy,No,3.5,Afternoon,Provided,Synthetic development data
17-12-2025,Wednesday,1,09:15,10:15,Mini Project,ITP11,JSP_Visiting,1,MCA,B,403,102,75,73.53,75.49,18.75,Project,No,No,No,Cloudy,No,4.7,Morning,Provided,Synthetic development data
17-12-2025,Wednesday,2,10:15,11:15,Network Technologies and Infrastructure Management,IT14,MLK,1,MCA,B,403,102,71,69.61,73.53,1.0,Theory,No,No,No,Rainy,No,2.3,Morning,Provided,Synthetic development data
17-12-2025,Wednesday,3,11:15,12:15,Data Structure and Algorithms,IT12,ASP_RSZ,1,MCA,B,403,102,82,80.39,69.61,1.0,Theory,No,No,No,Rainy,No,3.2,Morning,Provided,Synthetic development data
17-12-2025,Wednesday,4,13:30,14:30,Python Programming,IT11,AAB_SP,1,MCA,B,403,102,74,72.55,80.39,2.25,Theory,No,No,No,Sunny,No,5.5,Afternoon,Provided,Synthetic development data
17-12-2025,Wednesday,5,14:30,15:30,Network Technologies and Infrastructure Management,IT14,MLK,1,MCA,B,403,102,67,65.69,72.55,1.0,Theory,No,No,No,Rainy,No,12.7,Afternoon,Provided,Synthetic development data
18-12-2025,Thursday,1,09:15,10:15,Network Technologies and Infrastructure Management,IT14,MLK,1,MCA,B,403,102,75,73.53,65.69,18.75,Theory,No,No,No,Cloudy,No,8.8,Morning,Provided,Synthetic development data
18-12-2025,Thursday,2,10:15,11:15,Data Structure and Algorithms,IT12,ASP_RSZ,1,MCA,B,403,102,77,75.49,73.53,1.0,Theory,No,No,No,Cloudy,No,7.5,Morning,Provided,Synthetic development data
18-12-2025,Thursday,3,11:15,12:15,Organizational Behavior,IT15,MPS_KSD,1,MCA,B,403,102,80,78.43,75.49,1.0,Theory,No,No,No,Rainy,No,10.6,Morning,Provided,Synthetic development data
18-12-2025,Thursday,4,13:30,14:30,Advanced DBMS,IT13,MST_DPY,1,MCA,B,403,102,68,66.67,78.43,2.25,Theory,No,No,No,Rainy,No,9.0,Afternoon,Provided,Synthetic development data
18-12-2025,Thursday,5,14:30,15:30,Data Structure and Algorithms,IT12,ASP_RSZ,1,MCA,B,403,102,73,71.57,66.67,1.0,Theory,No,No,No,Rainy,No,3.7,Afternoon,Provided,Synthetic development data
19-12-2025,Friday,1,09:15,10:15,Organizational Behavior,IT15,MPS_KSD,1,MCA,B,403,102,72,70.59,71.57,18.75,Theory,No,Yes,No,Cloudy,No,4.9,Morning,Provided,Synthetic development data
19-12-2025,Friday,2,10:15,11:15,Python Programming,IT11,AAB_SP,1,MCA,B,403,102,84,82.35,70.59,1.0,Theory,No,No,No,Cloudy,Yes,4.9,Morning,Provided,Synthetic development data
19-12-2025,Friday,3,11:15,12:15,Advanced DBMS,IT13,MST_DPY,1,MCA,B,403,102,76,74.51,82.35,1.0,Theory,No,No,No,Cloudy,No,9.8,Morning,Provided,Synthetic development data
19-12-2025,Friday,4,13:30,14:30,Data Structure and Algorithms,IT12,ASP_RSZ,1,MCA,B,403,102,73,71.57,74.51,2.25,Theory,No,No,No,Sunny,No,8.0,Afternoon,Provided,Synthetic development data
19-12-2025,Friday,5,14:30,15:30,Python Programming,IT11,AAB_SP,1,MCA,B,403,102,78,76.47,71.57,1.0,Theory,No,No,No,Cloudy,No,7.0,Afternoon,Provided,Synthetic development data
20-12-2025,Saturday,1,11:15,12:15,Mini Project,ITP11,JSP_Visiting,1,MCA,B,403,102,74,72.55,76.47,20.75,Project,Yes,No,No,Rainy,No,9.2,Morning,Provided,Synthetic development data
22-12-2025,Monday,1,09:15,10:15,Mini Project,ITP11,JSP_Visiting,1,MCA,B,403,102,70,68.63,72.55,46.0,Project,No,No,No,Sunny,No,14.6,Morning,Provided,Synthetic development data
22-12-2025,Monday,2,10:15,11:15,Advanced DBMS,IT13,MST_DPY,1,MCA,B,403,102,74,72.55,68.63,1.0,Theory,No,No,No,Rainy,No,6.1,Morning,Provided,Synthetic development data
22-12-2025,Monday,3,11:15,12:15,Python Programming,IT11,AAB_SP,1,MCA,B,403,102,75,73.53,72.55,1.0,Theory,Yes,No,No,Rainy,No,8.8,Morning,Provided,Synthetic development data
22-12-2025,Monday,4,13:30,14:30,"Practical based on Python Programming, Data Structure and Algorithms and Advanced DBMS",ITL11,AAB_SP_ASP_RSZ_MST_DPY,1,MCA,B,401/402,102,77,75.49,73.53,2.25,Practical,No,No,No,Sunny,No,8.2,Afternoon,Provided,Synthetic development data
22-12-2025,Monday,5,14:30,15:30,Organizational Behavior,IT15,MPS_KSD,1,MCA,B,403,102,68,66.67,75.49,1.0,Theory,No,No,No,Cloudy,Yes,11.3,Afternoon,Provided,Synthetic development data
23-12-2025,Tuesday,1,09:15,10:15,Mini Project,ITP11,JSP_Visiting,1,MCA,B,403,102,87,85.29,66.67,18.75,Project,No,No,No,Rainy,No,11.5,Morning,Provided,Synthetic development data
23-12-2025,Tuesday,2,10:15,11:15,Organizational Behavior,IT15,MPS_KSD,1,MCA,B,403,102,83,81.37,85.29,1.0,Theory,No,No,No,Cloudy,No,11.5,Morning,Provided,Synthetic development data
23-12-2025,Tuesday,3,11:15,12:15,Advanced DBMS,IT13,MST_DPY,1,MCA,B,403,102,74,72.55,81.37,1.0,Theory,No,No,No,Sunny,No,4.6,Morning,Provided,Synthetic development data
23-12-2025,Tuesday,4,13:30,14:30,"Practical based on Python Programming, Data Structure and Algorithms and Advanced DBMS",ITL11,AAB_SP_ASP_RSZ_MST_DPY,1,MCA,B,401/402,102,76,74.51,72.55,2.25,Practical,No,No,No,Cloudy,No,7.8,Afternoon,Provided,Synthetic development data
23-12-2025,Tuesday,5,14:30,15:30,Advanced DBMS,IT13,MST_DPY,1,MCA,B,403,102,72,70.59,74.51,1.0,Theory,No,No,No,Sunny,No,12.5,Afternoon,Provided,Synthetic development data
24-12-2025,Wednesday,1,09:15,10:15,Mini Project,ITP11,JSP_Visiting,1,MCA,B,403,102,64,62.75,70.59,18.75,Project,No,No,Yes,Cloudy,No,7.0,Morning,Provided,Synthetic development data
24-12-2025,Wednesday,2,10:15,11:15,Network Technologies and Infrastructure Management,IT14,MLK,1,MCA,B,403,102,65,63.73,62.75,1.0,Theory,No,No,Yes,Cloudy,No,14.8,Morning,Provided,Synthetic development data
24-12-2025,Wednesday,3,11:15,12:15,Data Structure and Algorithms,IT12,ASP_RSZ,1,MCA,B,403,102,79,77.45,63.73,1.0,Theory,No,No,Yes,Cloudy,No,6.7,Morning,Provided,Synthetic development data
24-12-2025,Wednesday,4,13:30,14:30,Python Programming,IT11,AAB_SP,1,MCA,B,403,102,64,62.75,77.45,2.25,Theory,No,No,Yes,Cloudy,No,8.5,Afternoon,Provided,Synthetic development data
24-12-2025,Wednesday,5,14:30,15:30,Network Technologies and Infrastructure Management,IT14,MLK,1,MCA,B,403,102,69,67.65,62.75,1.0,Theory,No,No,Yes,Cloudy,No,8.2,Afternoon,Provided,Synthetic development data
26-12-2025,Friday,1,09:15,10:15,Organizational Behavior,IT15,MPS_KSD,1,MCA,B,403,102,66,64.71,67.65,42.75,Theory,No,No,Yes,Rainy,No,7.6,Morning,Provided,Synthetic development data
26-12-2025,Friday,2,10:15,11:15,Python Programming,IT11,AAB_SP,1,MCA,B,403,102,69,67.65,64.71,1.0,Theory,No,No,Yes,Rainy,No,13.0,Morning,Provided,Synthetic development data
26-12-2025,Friday,3,11:15,12:15,Advanced DBMS,IT13,MST_DPY,1,MCA,B,403,102,66,64.71,67.65,1.0,Theory,No,No,Yes,Sunny,Yes,4.0,Morning,Provided,Synthetic development data
26-12-2025,Friday,4,13:30,14:30,Data Structure and Algorithms,IT12,ASP_RSZ,1,MCA,B,403,102,65,63.73,64.71,2.25,Theory,No,No,Yes,Cloudy,No,9.4,Afternoon,Provided,Synthetic development data
26-12-2025,Friday,5,14:30,15:30,Python Programming,IT11,AAB_SP,1,MCA,B,403,102,70,68.63,63.73,1.0,Theory,No,No,Yes,Sunny,Yes,10.0,Afternoon,Provided,Synthetic development data
27-12-2025,Saturday,1,11:15,12:15,Mini Project,ITP11,JSP_Visiting,1,MCA,B,403,102,62,60.78,68.63,20.75,Project,No,No,No,Sunny,No,13.1,Morning,Provided,Synthetic development data
29-12-2025,Monday,1,09:15,10:15,Mini Project,ITP11,JSP_Visiting,1,MCA,B,403,102,76,74.51,60.78,46.0,Project,No,No,No,Sunny,No,9.9,Morning,Provided,Synthetic development data
29-12-2025,Monday,2,10:15,11:15,Advanced DBMS,IT13,MST_DPY,1,MCA,B,403,102,73,71.57,74.51,1.0,Theory,No,No,No,Rainy,No,14.5,Morning,Provided,Synthetic development data
29-12-2025,Monday,3,11:15,12:15,Python Programming,IT11,AAB_SP,1,MCA,B,403,102,70,68.63,71.57,1.0,Theory,No,No,No,Sunny,No,13.3,Morning,Provided,Synthetic development data
29-12-2025,Monday,4,13:30,14:30,"Practical based on Python Programming, Data Structure and Algorithms and Advanced DBMS",ITL11,AAB_SP_ASP_RSZ_MST_DPY,1,MCA,B,401/402,102,83,81.37,68.63,2.25,Practical,No,Yes,No,Sunny,No,6.5,Afternoon,Provided,Synthetic development data
29-12-2025,Monday,5,14:30,15:30,Organizational Behavior,IT15,MPS_KSD,1,MCA,B,403,102,77,75.49,81.37,1.0,Theory,No,No,No,Sunny,No,13.2,Afternoon,Provided,Synthetic development data
30-12-2025,Tuesday,1,09:15,10:15,Mini Project,ITP11,JSP_Visiting,1,MCA,B,403,102,77,75.49,75.49,18.75,Project,No,No,No,Cloudy,No,14.5,Morning,Provided,Synthetic development data
30-12-2025,Tuesday,2,10:15,11:15,Organizational Behavior,IT15,MPS_KSD,1,MCA,B,403,102,81,79.41,75.49,1.0,Theory,No,No,No,Rainy,No,5.3,Morning,Provided,Synthetic development data
30-12-2025,Tuesday,3,11:15,12:15,Advanced DBMS,IT13,MST_DPY,1,MCA,B,403,102,74,72.55,79.41,1.0,Theory,No,No,No,Cloudy,No,9.9,Morning,Provided,Synthetic development data
30-12-2025,Tuesday,4,13:30,14:30,"Practical based on Python Programming, Data Structure and Algorithms and Advanced DBMS",ITL11,AAB_SP_ASP_RSZ_MST_DPY,1,MCA,B,401/402,102,85,83.33,72.55,2.25,Practical,No,No,No,Cloudy,No,5.7,Afternoon,Provided,Synthetic development data
30-12-2025,Tuesday,5,14:30,15:30,Advanced DBMS,IT13,MST_DPY,1,MCA,B,403,102,66,64.71,83.33,1.0,Theory,No,No,No,Sunny,No,10.4,Afternoon,Provided,Synthetic development data
31-12-2025,Wednesday,1,09:15,10:15,Mini Project,ITP11,JSP_Visiting,1,MCA,B,403,102,71,69.61,64.71,18.75,Project,No,Yes,No,Sunny,No,3.2,Morning,Provided,Synthetic development data
31-12-2025,Wednesday,2,10:15,11:15,Network Technologies and Infrastructure Management,IT14,MLK,1,MCA,B,403,102,78,76.47,69.61,1.0,Theory,No,No,No,Cloudy,No,11.5,Morning,Provided,Synthetic development data
31-12-2025,Wednesday,3,11:15,12:15,Data Structure and Algorithms,IT12,ASP_RSZ,1,MCA,B,403,102,72,70.59,76.47,1.0,Theory,No,No,No,Sunny,No,7.5,Morning,Provided,Synthetic development data
31-12-2025,Wednesday,4,13:30,14:30,Python Programming,IT11,AAB_SP,1,MCA,B,403,102,72,70.59,70.59,2.25,Theory,No,No,No,Rainy,No,9.6,Afternoon,Provided,Synthetic development data
31-12-2025,Wednesday,5,14:30,15:30,Network Technologies and Infrastructure Management,IT14,MLK,1,MCA,B,403,102,64,62.75,70.59,1.0,Theory,No,Yes,No,Sunny,Yes,2.3,Afternoon,Provided,Synthetic development data
01-01-2026,Thursday,1,09:15,10:15,Java Programming,IT21,F_VSN_SDM,2,MCA,B,403,102,78,76.47,62.75,18.75,Theory,No,No,No,Sunny,No,11.9,Morning,Provided - user uploaded timetable,Synthetic development data
01-01-2026,Thursday,2,10:15,11:15,Research Methodology,IT25,F_MLK,2,MCA,B,403,102,83,81.37,76.47,1.0,Theory,No,No,No,Cloudy,No,4.0,Morning,Provided - user uploaded timetable,Synthetic development data
01-01-2026,Thursday,3,11:15,12:15,Full Stack Development,IT22,F_ASP_RSZ,2,MCA,B,403,102,80,78.43,81.37,1.0,Theory,No,No,No,Sunny,No,6.9,Morning,Provided - user uploaded timetable,Synthetic development data
01-01-2026,Thursday,4,13:30,14:30,Java Practical,ITL21-JAVA,F_SDM_VSN_KSD_SSP,2,MCA,B,401/402,102,78,76.47,78.43,2.25,Practical,No,No,No,Cloudy,No,12.5,Afternoon,Provided - user uploaded timetable,Synthetic development data
01-01-2026,Thursday,5,14:30,15:30,Java Practical,ITL21-JAVA,F_SDM_VSN_KSD_SSP,2,MCA,B,401/402,102,83,81.37,76.47,1.0,Practical,No,No,No,Cloudy,No,3.0,Afternoon,Provided - user uploaded timetable,Synthetic development data
02-01-2026,Friday,1,09:15,10:15,Software Project Management,IT24,F_JSP_MST,2,MCA,B,403,102,76,74.51,81.37,18.75,Theory,No,No,No,Sunny,No,9.9,Morning,Provided - user uploaded timetable,Synthetic development data
02-01-2026,Friday,2,10:15,11:15,Java Programming,IT21,F_VSN_SDM,2,MCA,B,403,102,74,72.55,74.51,1.0,Theory,No,No,No,Sunny,No,8.0,Morning,Provided - user uploaded timetable,Synthetic development data
02-01-2026,Friday,3,11:15,12:15,Full Stack Development,IT22,F_ASP_RSZ,2,MCA,B,403,102,78,76.47,72.55,1.0,Theory,No,No,No,Rainy,No,9.2,Morning,Provided - user uploaded timetable,Synthetic development data
02-01-2026,Friday,4,13:30,14:30,Cyber Security,IT23,F_DPY,2,MCA,B,403,102,63,61.76,76.47,2.25,Theory,No,No,No,Sunny,No,5.0,Afternoon,Provided - user uploaded timetable,Synthetic development data
02-01-2026,Friday,5,14:30,15:30,IRP,IRP2,F_SDM,2,MCA,B,403,102,58,56.86,61.76,1.0,Theory,Yes,No,No,Cloudy,No,2.9,Afternoon,Provided - user uploaded timetable,Synthetic development data
03-01-2026,Saturday,1,11:15,12:15,Training And Placement / Mini Project Training,P201,TBD,2,MCA,B,403,102,64,62.75,56.86,20.75,Project,No,No,No,Cloudy,No,,Morning,Provided - user uploaded timetable,Synthetic development data
05-01-2026,Monday,1,09:15,10:15,Cyber Security Practical,ITL21-CYBER,F_DPY_MSU_MLK_MST,2,MCA,B,401/402,102,86,84.31,62.75,46.0,Practical,No,Yes,No,Cloudy,No,9.7,Morning,Provided - user uploaded timetable,Synthetic development data
05-01-2026,Monday,2,10:15,11:15,Cyber Security Practical,ITL21-CYBER,F_DPY_MSU_MLK_MST,2,MCA,B,401/402,102,81,79.41,84.31,1.0,Practical,No,No,No,Rainy,No,13.2,Morning,Provided - user uploaded timetable,Synthetic development data
05-01-2026,Monday,3,11:15,12:15,Research Methodology,IT25,F_MLK,2,MCA,B,403,102,73,71.57,79.41,1.0,Theory,Yes,No,No,Rainy,No,13.5,Morning,Provided - user uploaded timetable,Synthetic development data
05-01-2026,Monday,4,13:30,14:30,Cyber Security,IT23,F_DPY,2,MCA,B,403,102,64,62.75,71.57,2.25,Theory,No,No,No,Cloudy,No,3.5,Afternoon,Provided - user uploaded timetable,Synthetic development data
05-01-2026,Monday,5,14:30,15:30,Club Activities,CLUB,TBD,2,MCA,B,403,102,76,74.51,62.75,1.0,Special Event,No,No,No,Rainy,Yes,,Afternoon,Provided - user uploaded timetable,Synthetic development data
06-01-2026,Tuesday,1,09:15,10:15,Software Project Management,IT24,F_JSP_MST,2,MCA,B,403,102,69,67.65,74.51,18.75,Theory,No,No,No,Cloudy,No,5.1,Morning,Provided - user uploaded timetable,Synthetic development data
06-01-2026,Tuesday,2,10:15,11:15,Full Stack Development,IT22,F_ASP_RSZ,2,MCA,B,403,102,70,68.63,67.65,1.0,Theory,No,No,No,Sunny,No,3.1,Morning,Provided - user uploaded timetable,Synthetic development data
06-01-2026,Tuesday,3,11:15,12:15,Research Methodology,IT25,F_MLK,2,MCA,B,403,102,75,73.53,68.63,1.0,Theory,No,Yes,No,Rainy,No,12.0,Morning,Provided - user uploaded timetable,Synthetic development data
06-01-2026,Tuesday,4,13:30,14:30,Mini Project - Faculty Interaction,ITC21,TBD,2,MCA,B,403,102,74,72.55,73.53,2.25,Project,No,No,No,Rainy,No,,Afternoon,Provided - user uploaded timetable,Synthetic development data
06-01-2026,Tuesday,5,14:30,15:30,Mini Project - Faculty Interaction,ITC21,TBD,2,MCA,B,403,102,71,69.61,72.55,1.0,Project,No,No,No,Rainy,No,,Afternoon,Provided - user uploaded timetable,Synthetic development data
07-01-2026,Wednesday,1,09:15,10:15,Cyber Security,IT23,F_DPY,2,MCA,B,403,102,78,76.47,69.61,18.75,Theory,Yes,Yes,No,Sunny,No,13.2,Morning,Provided - user uploaded timetable,Synthetic development data
07-01-2026,Wednesday,2,10:15,11:15,Software Project Management,IT24,F_JSP_MST,2,MCA,B,403,102,80,78.43,76.47,1.0,Theory,Yes,No,No,Rainy,No,8.3,Morning,Provided - user uploaded timetable,Synthetic development data
07-01-2026,Wednesday,3,11:15,12:15,Java Programming,IT21,F_VSN_SDM,2,MCA,B,403,102,71,69.61,78.43,1.0,Theory,No,No,No,Rainy,No,9.5,Morning,Provided - user uploaded timetable,Synthetic development data
07-01-2026,Wednesday,4,13:30,14:30,Full Stack Development Practical,ITL21-FSD,F_ASP_RSZ_SP_KSD,2,MCA,B,401/402,102,82,80.39,69.61,2.25,Practical,No,No,No,Cloudy,No,4.5,Afternoon,Provided - user uploaded timetable,Synthetic development data
07-01-2026,Wednesday,5,14:30,15:30,Full Stack Development Practical,ITL21-FSD,F_ASP_RSZ_SP_KSD,2,MCA,B,401/402,102,79,77.45,80.39,1.0,Practical,No,No,No,Cloudy,No,7.3,Afternoon,Provided - user uploaded timetable,Synthetic development data
08-01-2026,Thursday,1,09:15,10:15,Java Programming,IT21,F_VSN_SDM,2,MCA,B,403,102,78,76.47,77.45,18.75,Theory,No,No,No,Sunny,No,14.6,Morning,Provided - user uploaded timetable,Synthetic development data
08-01-2026,Thursday,2,10:15,11:15,Research Methodology,IT25,F_MLK,2,MCA,B,403,102,76,74.51,76.47,1.0,Theory,No,No,No,Sunny,No,7.3,Morning,Provided - user uploaded timetable,Synthetic development data
08-01-2026,Thursday,3,11:15,12:15,Full Stack Development,IT22,F_ASP_RSZ,2,MCA,B,403,102,81,79.41,74.51,1.0,Theory,No,No,No,Sunny,No,4.1,Morning,Provided - user uploaded timetable,Synthetic development data
08-01-2026,Thursday,4,13:30,14:30,Java Practical,ITL21-JAVA,F_SDM_VSN_KSD_SSP,2,MCA,B,401/402,102,78,76.47,79.41,2.25,Practical,Yes,No,No,Cloudy,No,5.7,Afternoon,Provided - user uploaded timetable,Synthetic development data
08-01-2026,Thursday,5,14:30,15:30,Java Practical,ITL21-JAVA,F_SDM_VSN_KSD_SSP,2,MCA,B,401/402,102,80,78.43,76.47,1.0,Practical,No,No,No,Rainy,No,10.6,Afternoon,Provided - user uploaded timetable,Synthetic development data
09-01-2026,Friday,1,09:15,10:15,Software Project Management,IT24,F_JSP_MST,2,MCA,B,403,102,84,82.35,78.43,18.75,Theory,No,No,No,Rainy,No,5.2,Morning,Provided - user uploaded timetable,Synthetic development data
09-01-2026,Friday,2,10:15,11:15,Java Programming,IT21,F_VSN_SDM,2,MCA,B,403,102,81,79.41,82.35,1.0,Theory,No,No,No,Cloudy,No,10.5,Morning,Provided - user uploaded timetable,Synthetic development data
09-01-2026,Friday,3,11:15,12:15,Full Stack Development,IT22,F_ASP_RSZ,2,MCA,B,403,102,73,71.57,79.41,1.0,Theory,No,No,No,Cloudy,No,4.7,Morning,Provided - user uploaded timetable,Synthetic development data
09-01-2026,Friday,4,13:30,14:30,Cyber Security,IT23,F_DPY,2,MCA,B,403,102,69,67.65,71.57,2.25,Theory,No,No,No,Cloudy,No,3.7,Afternoon,Provided - user uploaded timetable,Synthetic development data
09-01-2026,Friday,5,14:30,15:30,IRP,IRP2,F_SDM,2,MCA,B,403,102,73,71.57,67.65,1.0,Theory,No,No,No,Sunny,No,2.1,Afternoon,Provided - user uploaded timetable,Synthetic development data
10-01-2026,Saturday,1,11:15,12:15,Training And Placement / Mini Project Training,P201,TBD,2,MCA,B,403,102,73,71.57,71.57,20.75,Project,Yes,No,No,Cloudy,No,,Morning,Provided - user uploaded timetable,Synthetic development data
12-01-2026,Monday,1,09:15,10:15,Cyber Security Practical,ITL21-CYBER,F_DPY_MSU_MLK_MST,2,MCA,B,401/402,102,74,72.55,71.57,46.0,Practical,No,No,No,Sunny,No,11.3,Morning,Provided - user uploaded timetable,Synthetic development data
12-01-2026,Monday,2,10:15,11:15,Cyber Security Practical,ITL21-CYBER,F_DPY_MSU_MLK_MST,2,MCA,B,401/402,102,83,81.37,72.55,1.0,Practical,No,No,No,Cloudy,No,8.6,Morning,Provided - user uploaded timetable,Synthetic development data
12-01-2026,Monday,3,11:15,12:15,Research Methodology,IT25,F_MLK,2,MCA,B,403,102,76,74.51,81.37,1.0,Theory,No,No,No,Sunny,No,3.2,Morning,Provided - user uploaded timetable,Synthetic development data
12-01-2026,Monday,4,13:30,14:30,Cyber Security,IT23,F_DPY,2,MCA,B,403,102,75,73.53,74.51,2.25,Theory,No,No,No,Sunny,No,6.3,Afternoon,Provided - user uploaded timetable,Synthetic development data
12-01-2026,Monday,5,14:30,15:30,Club Activities,CLUB,TBD,2,MCA,B,403,102,64,62.75,73.53,1.0,Special Event,No,No,No,Sunny,Yes,,Afternoon,Provided - user uploaded timetable,Synthetic development data
13-01-2026,Tuesday,1,09:15,10:15,Software Project Management,IT24,F_JSP_MST,2,MCA,B,403,102,81,79.41,62.75,18.75,Theory,No,Yes,No,Rainy,No,13.5,Morning,Provided - user uploaded timetable,Synthetic development data
13-01-2026,Tuesday,2,10:15,11:15,Full Stack Development,IT22,F_ASP_RSZ,2,MCA,B,403,102,77,75.49,79.41,1.0,Theory,No,No,No,Sunny,No,14.0,Morning,Provided - user uploaded timetable,Synthetic development data
13-01-2026,Tuesday,3,11:15,12:15,Research Methodology,IT25,F_MLK,2,MCA,B,403,102,79,77.45,75.49,1.0,Theory,No,No,No,Sunny,No,13.5,Morning,Provided - user uploaded timetable,Synthetic development data
13-01-2026,Tuesday,4,13:30,14:30,Mini Project - Faculty Interaction,ITC21,TBD,2,MCA,B,403,102,67,65.69,77.45,2.25,Project,Yes,No,No,Cloudy,No,,Afternoon,Provided - user uploaded timetable,Synthetic development data
13-01-2026,Tuesday,5,14:30,15:30,Mini Project - Faculty Interaction,ITC21,TBD,2,MCA,B,403,102,69,67.65,65.69,1.0,Project,No,No,No,Rainy,No,,Afternoon,Provided - user uploaded timetable,Synthetic development data
14-01-2026,Wednesday,1,09:15,10:15,Cyber Security,IT23,F_DPY,2,MCA,B,403,102,71,69.61,67.65,18.75,Theory,No,No,No,Cloudy,No,10.8,Morning,Provided - user uploaded timetable,Synthetic development data
14-01-2026,Wednesday,2,10:15,11:15,Software Project Management,IT24,F_JSP_MST,2,MCA,B,403,102,71,69.61,69.61,1.0,Theory,No,No,No,Sunny,No,3.5,Morning,Provided - user uploaded timetable,Synthetic development data
14-01-2026,Wednesday,3,11:15,12:15,Java Programming,IT21,F_VSN_SDM,2,MCA,B,403,102,77,75.49,69.61,1.0,Theory,No,No,No,Cloudy,No,2.5,Morning,Provided - user uploaded timetable,Synthetic development data
14-01-2026,Wednesday,4,13:30,14:30,Full Stack Development Practical,ITL21-FSD,F_ASP_RSZ_SP_KSD,2,MCA,B,401/402,102,79,77.45,75.49,2.25,Practical,No,No,No,Cloudy,No,7.7,Afternoon,Provided - user uploaded timetable,Synthetic development data
14-01-2026,Wednesday,5,14:30,15:30,Full Stack Development Practical,ITL21-FSD,F_ASP_RSZ_SP_KSD,2,MCA,B,401/402,102,76,74.51,77.45,1.0,Practical,No,Yes,No,Rainy,No,4.5,Afternoon,Provided - user uploaded timetable,Synthetic development data
15-01-2026,Thursday,1,09:15,10:15,Java Programming,IT21,F_VSN_SDM,2,MCA,B,403,102,79,77.45,74.51,18.75,Theory,No,No,No,Rainy,No,3.7,Morning,Provided - user uploaded timetable,Synthetic development data
15-01-2026,Thursday,2,10:15,11:15,Research Methodology,IT25,F_MLK,2,MCA,B,403,102,65,63.73,77.45,1.0,Theory,No,No,No,Rainy,No,11.7,Morning,Provided - user uploaded timetable,Synthetic development data
15-01-2026,Thursday,3,11:15,12:15,Full Stack Development,IT22,F_ASP_RSZ,2,MCA,B,403,102,76,74.51,63.73,1.0,Theory,No,No,No,Cloudy,No,9.1,Morning,Provided - user uploaded timetable,Synthetic development data
15-01-2026,Thursday,4,13:30,14:30,Java Practical,ITL21-JAVA,F_SDM_VSN_KSD_SSP,2,MCA,B,401/402,102,81,79.41,74.51,2.25,Practical,Yes,No,No,Cloudy,No,12.2,Afternoon,Provided - user uploaded timetable,Synthetic development data
15-01-2026,Thursday,5,14:30,15:30,Java Practical,ITL21-JAVA,F_SDM_VSN_KSD_SSP,2,MCA,B,401/402,102,93,91.18,79.41,1.0,Practical,No,No,No,Cloudy,No,7.7,Afternoon,Provided - user uploaded timetable,Synthetic development data
16-01-2026,Friday,1,09:15,10:15,Software Project Management,IT24,F_JSP_MST,2,MCA,B,403,102,82,80.39,91.18,18.75,Theory,No,Yes,No,Cloudy,No,13.5,Morning,Provided - user uploaded timetable,Synthetic development data
16-01-2026,Friday,2,10:15,11:15,Java Programming,IT21,F_VSN_SDM,2,MCA,B,403,102,84,82.35,80.39,1.0,Theory,No,No,No,Cloudy,No,8.4,Morning,Provided - user uploaded timetable,Synthetic development data
16-01-2026,Friday,3,11:15,12:15,Full Stack Development,IT22,F_ASP_RSZ,2,MCA,B,403,102,72,70.59,82.35,1.0,Theory,No,No,No,Sunny,No,13.6,Morning,Provided - user uploaded timetable,Synthetic development data
16-01-2026,Friday,4,13:30,14:30,Cyber Security,IT23,F_DPY,2,MCA,B,403,102,74,72.55,70.59,2.25,Theory,No,No,No,Cloudy,No,4.8,Afternoon,Provided - user uploaded timetable,Synthetic development data
16-01-2026,Friday,5,14:30,15:30,IRP,IRP2,F_SDM,2,MCA,B,403,102,58,56.86,72.55,1.0,Theory,No,No,No,Cloudy,No,2.7,Afternoon,Provided - user uploaded timetable,Synthetic development data
17-01-2026,Saturday,1,11:15,12:15,Training And Placement / Mini Project Training,P201,TBD,2,MCA,B,403,102,76,74.51,56.86,20.75,Project,No,No,No,Rainy,No,,Morning,Provided - user uploaded timetable,Synthetic development data
19-01-2026,Monday,1,09:15,10:15,Cyber Security Practical,ITL21-CYBER,F_DPY_MSU_MLK_MST,2,MCA,B,401/402,102,84,82.35,74.51,46.0,Practical,No,No,No,Rainy,No,3.0,Morning,Provided - user uploaded timetable,Synthetic development data
19-01-2026,Monday,2,10:15,11:15,Cyber Security Practical,ITL21-CYBER,F_DPY_MSU_MLK_MST,2,MCA,B,401/402,102,78,76.47,82.35,1.0,Practical,No,No,No,Sunny,No,11.2,Morning,Provided - user uploaded timetable,Synthetic development data
19-01-2026,Monday,3,11:15,12:15,Research Methodology,IT25,F_MLK,2,MCA,B,403,102,77,75.49,76.47,1.0,Theory,Yes,No,No,Rainy,No,8.1,Morning,Provided - user uploaded timetable,Synthetic development data
19-01-2026,Monday,4,13:30,14:30,Cyber Security,IT23,F_DPY,2,MCA,B,403,102,63,61.76,75.49,2.25,Theory,Yes,No,No,Cloudy,No,13.8,Afternoon,Provided - user uploaded timetable,Synthetic development data
19-01-2026,Monday,5,14:30,15:30,Club Activities,CLUB,TBD,2,MCA,B,403,102,74,72.55,61.76,1.0,Special Event,No,No,No,Rainy,Yes,,Afternoon,Provided - user uploaded timetable,Synthetic development data
20-01-2026,Tuesday,1,09:15,10:15,Software Project Management,IT24,F_JSP_MST,2,MCA,B,403,102,85,83.33,72.55,18.75,Theory,No,No,No,Rainy,No,2.4,Morning,Provided - user uploaded timetable,Synthetic development data
20-01-2026,Tuesday,2,10:15,11:15,Full Stack Development,IT22,F_ASP_RSZ,2,MCA,B,403,102,68,66.67,83.33,1.0,Theory,No,No,No,Sunny,No,3.1,Morning,Provided - user uploaded timetable,Synthetic development data
20-01-2026,Tuesday,3,11:15,12:15,Research Methodology,IT25,F_MLK,2,MCA,B,403,102,75,73.53,66.67,1.0,Theory,No,No,No,Sunny,No,2.7,Morning,Provided - user uploaded timetable,Synthetic development data
20-01-2026,Tuesday,4,13:30,14:30,Mini Project - Faculty Interaction,ITC21,TBD,2,MCA,B,403,102,72,70.59,73.53,2.25,Project,No,No,No,Cloudy,No,,Afternoon,Provided - user uploaded timetable,Synthetic development data
20-01-2026,Tuesday,5,14:30,15:30,Mini Project - Faculty Interaction,ITC21,TBD,2,MCA,B,403,102,74,72.55,70.59,1.0,Project,No,No,No,Cloudy,No,,Afternoon,Provided - user uploaded timetable,Synthetic development data
21-01-2026,Wednesday,1,09:15,10:15,Cyber Security,IT23,F_DPY,2,MCA,B,403,102,74,72.55,72.55,18.75,Theory,No,No,No,Cloudy,No,4.2,Morning,Provided - user uploaded timetable,Synthetic development data
21-01-2026,Wednesday,2,10:15,11:15,Software Project Management,IT24,F_JSP_MST,2,MCA,B,403,102,75,73.53,72.55,1.0,Theory,No,No,No,Sunny,No,12.1,Morning,Provided - user uploaded timetable,Synthetic development data
21-01-2026,Wednesday,3,11:15,12:15,Java Programming,IT21,F_VSN_SDM,2,MCA,B,403,102,81,79.41,73.53,1.0,Theory,No,No,No,Rainy,No,2.3,Morning,Provided - user uploaded timetable,Synthetic development data
21-01-2026,Wednesday,4,13:30,14:30,Full Stack Development Practical,ITL21-FSD,F_ASP_RSZ_SP_KSD,2,MCA,B,401/402,102,82,80.39,79.41,2.25,Practical,No,No,No,Cloudy,No,7.2,Afternoon,Provided - user uploaded timetable,Synthetic development data
21-01-2026,Wednesday,5,14:30,15:30,Full Stack Development Practical,ITL21-FSD,F_ASP_RSZ_SP_KSD,2,MCA,B,401/402,102,77,75.49,80.39,1.0,Practical,No,Yes,No,Rainy,No,12.8,Afternoon,Provided - user uploaded timetable,Synthetic development data
22-01-2026,Thursday,1,09:15,10:15,Java Programming,IT21,F_VSN_SDM,2,MCA,B,403,102,84,82.35,75.49,18.75,Theory,No,No,No,Cloudy,No,4.3,Morning,Provided - user uploaded timetable,Synthetic development data
22-01-2026,Thursday,2,10:15,11:15,Research Methodology,IT25,F_MLK,2,MCA,B,403,102,80,78.43,82.35,1.0,Theory,No,No,No,Rainy,No,12.5,Morning,Provided - user uploaded timetable,Synthetic development data
22-01-2026,Thursday,3,11:15,12:15,Full Stack Development,IT22,F_ASP_RSZ,2,MCA,B,403,102,72,70.59,78.43,1.0,Theory,No,No,No,Cloudy,No,12.7,Morning,Provided - user uploaded timetable,Synthetic development data
22-01-2026,Thursday,4,13:30,14:30,Java Practical,ITL21-JAVA,F_SDM_VSN_KSD_SSP,2,MCA,B,401/402,102,85,83.33,70.59,2.25,Practical,No,No,No,Sunny,No,12.8,Afternoon,Provided - user uploaded timetable,Synthetic development data
22-01-2026,Thursday,5,14:30,15:30,Java Practical,ITL21-JAVA,F_SDM_VSN_KSD_SSP,2,MCA,B,401/402,102,83,81.37,83.33,1.0,Practical,No,No,No,Sunny,No,11.8,Afternoon,Provided - user uploaded timetable,Synthetic development data
23-01-2026,Friday,1,09:15,10:15,Software Project Management,IT24,F_JSP_MST,2,MCA,B,403,102,74,72.55,81.37,18.75,Theory,No,No,No,Cloudy,No,10.4,Morning,Provided - user uploaded timetable,Synthetic development data
23-01-2026,Friday,2,10:15,11:15,Java Programming,IT21,F_VSN_SDM,2,MCA,B,403,102,79,77.45,72.55,1.0,Theory,No,No,No,Sunny,No,5.8,Morning,Provided - user uploaded timetable,Synthetic development data
23-01-2026,Friday,3,11:15,12:15,Full Stack Development,IT22,F_ASP_RSZ,2,MCA,B,403,102,78,76.47,77.45,1.0,Theory,No,No,No,Rainy,No,9.6,Morning,Provided - user uploaded timetable,Synthetic development data
23-01-2026,Friday,4,13:30,14:30,Cyber Security,IT23,F_DPY,2,MCA,B,403,102,69,67.65,76.47,2.25,Theory,No,No,No,Cloudy,No,15.0,Afternoon,Provided - user uploaded timetable,Synthetic development data
23-01-2026,Friday,5,14:30,15:30,IRP,IRP2,F_SDM,2,MCA,B,403,102,69,67.65,67.65,1.0,Theory,No,No,No,Cloudy,No,5.5,Afternoon,Provided - user uploaded timetable,Synthetic development data
24-01-2026,Saturday,1,11:15,12:15,Training And Placement / Mini Project Training,P201,TBD,2,MCA,B,403,102,73,71.57,67.65,20.75,Project,No,No,No,Rainy,No,,Morning,Provided - user uploaded timetable,Synthetic development data
27-01-2026,Tuesday,1,09:15,10:15,Software Project Management,IT24,F_JSP_MST,2,MCA,B,403,102,75,73.53,71.57,70.0,Theory,No,No,Yes,Sunny,No,13.3,Morning,Provided - user uploaded timetable,Synthetic development data
27-01-2026,Tuesday,2,10:15,11:15,Full Stack Development,IT22,F_ASP_RSZ,2,MCA,B,403,102,69,67.65,73.53,1.0,Theory,No,No,Yes,Cloudy,No,6.4,Morning,Provided - user uploaded timetable,Synthetic development data
27-01-2026,Tuesday,3,11:15,12:15,Research Methodology,IT25,F_MLK,2,MCA,B,403,102,72,70.59,67.65,1.0,Theory,No,No,Yes,Cloudy,No,3.5,Morning,Provided - user uploaded timetable,Synthetic development data
27-01-2026,Tuesday,4,13:30,14:30,Mini Project - Faculty Interaction,ITC21,TBD,2,MCA,B,403,102,67,65.69,70.59,2.25,Project,Yes,No,Yes,Rainy,No,,Afternoon,Provided - user uploaded timetable,Synthetic development data
27-01-2026,Tuesday,5,14:30,15:30,Mini Project - Faculty Interaction,ITC21,TBD,2,MCA,B,403,102,64,62.75,65.69,1.0,Project,No,Yes,Yes,Sunny,No,,Afternoon,Provided - user uploaded timetable,Synthetic development data
28-01-2026,Wednesday,1,09:15,10:15,Cyber Security,IT23,F_DPY,2,MCA,B,403,102,66,64.71,62.75,18.75,Theory,No,No,No,Cloudy,No,10.6,Morning,Provided - user uploaded timetable,Synthetic development data
28-01-2026,Wednesday,2,10:15,11:15,Software Project Management,IT24,F_JSP_MST,2,MCA,B,403,102,79,77.45,64.71,1.0,Theory,No,No,No,Sunny,No,4.0,Morning,Provided - user uploaded timetable,Synthetic development data
28-01-2026,Wednesday,3,11:15,12:15,Java Programming,IT21,F_VSN_SDM,2,MCA,B,403,102,82,80.39,77.45,1.0,Theory,No,No,No,Cloudy,No,5.8,Morning,Provided - user uploaded timetable,Synthetic development data
28-01-2026,Wednesday,4,13:30,14:30,Full Stack Development Practical,ITL21-FSD,F_ASP_RSZ_SP_KSD,2,MCA,B,401/402,102,76,74.51,80.39,2.25,Practical,No,No,No,Rainy,No,13.2,Afternoon,Provided - user uploaded timetable,Synthetic development data
28-01-2026,Wednesday,5,14:30,15:30,Full Stack Development Practical,ITL21-FSD,F_ASP_RSZ_SP_KSD,2,MCA,B,401/402,102,81,79.41,74.51,1.0,Practical,Yes,No,No,Cloudy,No,12.2,Afternoon,Provided - user uploaded timetable,Synthetic development data
29-01-2026,Thursday,1,09:15,10:15,Java Programming,IT21,F_VSN_SDM,2,MCA,B,403,102,85,83.33,79.41,18.75,Theory,No,No,No,Cloudy,No,3.0,Morning,Provided - user uploaded timetable,Synthetic development data
29-01-2026,Thursday,2,10:15,11:15,Research Methodology,IT25,F_MLK,2,MCA,B,403,102,67,65.69,83.33,1.0,Theory,Yes,No,No,Cloudy,No,9.8,Morning,Provided - user uploaded timetable,Synthetic development data
29-01-2026,Thursday,3,11:15,12:15,Full Stack Development,IT22,F_ASP_RSZ,2,MCA,B,403,102,72,70.59,65.69,1.0,Theory,Yes,No,No,Rainy,No,12.9,Morning,Provided - user uploaded timetable,Synthetic development data
29-01-2026,Thursday,4,13:30,14:30,Java Practical,ITL21-JAVA,F_SDM_VSN_KSD_SSP,2,MCA,B,401/402,102,83,81.37,70.59,2.25,Practical,No,No,No,Rainy,No,12.7,Afternoon,Provided - user uploaded timetable,Synthetic development data
29-01-2026,Thursday,5,14:30,15:30,Java Practical,ITL21-JAVA,F_SDM_VSN_KSD_SSP,2,MCA,B,401/402,102,83,81.37,81.37,1.0,Practical,No,No,No,Sunny,No,8.1,Afternoon,Provided - user uploaded timetable,Synthetic development data
30-01-2026,Friday,1,09:15,10:15,Software Project Management,IT24,F_JSP_MST,2,MCA,B,403,102,82,80.39,81.37,18.75,Theory,Yes,Yes,No,Cloudy,No,6.2,Morning,Provided - user uploaded timetable,Synthetic development data
30-01-2026,Friday,2,10:15,11:15,Java Programming,IT21,F_VSN_SDM,2,MCA,B,403,102,78,76.47,80.39,1.0,Theory,No,No,No,Rainy,No,12.7,Morning,Provided - user uploaded timetable,Synthetic development data
30-01-2026,Friday,3,11:15,12:15,Full Stack Development,IT22,F_ASP_RSZ,2,MCA,B,403,102,80,78.43,76.47,1.0,Theory,Yes,No,No,Cloudy,No,7.4,Morning,Provided - user uploaded timetable,Synthetic development data
30-01-2026,Friday,4,13:30,14:30,Cyber Security,IT23,F_DPY,2,MCA,B,403,102,63,61.76,78.43,2.25,Theory,No,No,No,Cloudy,No,10.1,Afternoon,Provided - user uploaded timetable,Synthetic development data
30-01-2026,Friday,5,14:30,15:30,IRP,IRP2,F_SDM,2,MCA,B,403,102,64,62.75,61.76,1.0,Theory,No,No,No,Rainy,No,3.7,Afternoon,Provided - user uploaded timetable,Synthetic development data
31-01-2026,Saturday,1,11:15,12:15,Training And Placement / Mini Project Training,P201,TBD,2,MCA,B,403,102,66,64.71,62.75,20.75,Project,No,No,No,Rainy,No,,Morning,Provided - user uploaded timetable,Synthetic development data
02-02-2026,Monday,1,09:15,10:15,Cyber Security Practical,ITL21-CYBER,F_DPY_MSU_MLK_MST,2,MCA,B,401/402,102,89,87.25,64.71,46.0,Practical,No,No,No,Rainy,No,13.4,Morning,Provided - user uploaded timetable,Synthetic development data
02-02-2026,Monday,2,10:15,11:15,Cyber Security Practical,ITL21-CYBER,F_DPY_MSU_MLK_MST,2,MCA,B,401/402,102,84,82.35,87.25,1.0,Practical,No,No,No,Cloudy,No,6.4,Morning,Provided - user uploaded timetable,Synthetic development data
02-02-2026,Monday,3,11:15,12:15,Research Methodology,IT25,F_MLK,2,MCA,B,403,102,69,67.65,82.35,1.0,Theory,No,No,No,Sunny,No,5.7,Morning,Provided - user uploaded timetable,Synthetic development data
02-02-2026,Monday,4,13:30,14:30,Cyber Security,IT23,F_DPY,2,MCA,B,403,102,64,62.75,67.65,2.25,Theory,No,No,No,Rainy,No,8.4,Afternoon,Provided - user uploaded timetable,Synthetic development data
02-02-2026,Monday,5,14:30,15:30,Club Activities,CLUB,TBD,2,MCA,B,403,102,70,68.63,62.75,1.0,Special Event,No,No,No,Cloudy,Yes,,Afternoon,Provided - user uploaded timetable,Synthetic development data
03-02-2026,Tuesday,1,09:15,10:15,Software Project Management,IT24,F_JSP_MST,2,MCA,B,403,102,82,80.39,68.63,18.75,Theory,Yes,No,No,Rainy,No,6.3,Morning,Provided - user uploaded timetable,Synthetic development data
03-02-2026,Tuesday,2,10:15,11:15,Full Stack Development,IT22,F_ASP_RSZ,2,MCA,B,403,102,66,64.71,80.39,1.0,Theory,No,No,No,Sunny,No,8.8,Morning,Provided - user uploaded timetable,Synthetic development data
03-02-2026,Tuesday,3,11:15,12:15,Research Methodology,IT25,F_MLK,2,MCA,B,403,102,75,73.53,64.71,1.0,Theory,No,No,No,Cloudy,No,13.3,Morning,Provided - user uploaded timetable,Synthetic development data
03-02-2026,Tuesday,4,13:30,14:30,Mini Project - Faculty Interaction,ITC21,TBD,2,MCA,B,403,102,67,65.69,73.53,2.25,Project,No,Yes,No,Cloudy,No,,Afternoon,Provided - user uploaded timetable,Synthetic development data
03-02-2026,Tuesday,5,14:30,15:30,Mini Project - Faculty Interaction,ITC21,TBD,2,MCA,B,403,102,75,73.53,65.69,1.0,Project,No,No,No,Rainy,No,,Afternoon,Provided - user uploaded timetable,Synthetic development data
04-02-2026,Wednesday,1,09:15,10:15,Cyber Security,IT23,F_DPY,2,MCA,B,403,102,71,69.61,73.53,18.75,Theory,No,No,No,Cloudy,No,13.7,Morning,Provided - user uploaded timetable,Synthetic development data
04-02-2026,Wednesday,2,10:15,11:15,Software Project Management,IT24,F_JSP_MST,2,MCA,B,403,102,76,74.51,69.61,1.0,Theory,Yes,No,No,Cloudy,No,6.7,Morning,Provided - user uploaded timetable,Synthetic development data
04-02-2026,Wednesday,3,11:15,12:15,Java Programming,IT21,F_VSN_SDM,2,MCA,B,403,102,76,74.51,74.51,1.0,Theory,No,No,No,Cloudy,No,9.4,Morning,Provided - user uploaded timetable,Synthetic development data
04-02-2026,Wednesday,4,13:30,14:30,Full Stack Development Practical,ITL21-FSD,F_ASP_RSZ_SP_KSD,2,MCA,B,401/402,102,90,88.24,74.51,2.25,Practical,No,No,No,Sunny,No,9.9,Afternoon,Provided - user uploaded timetable,Synthetic development data
04-02-2026,Wednesday,5,14:30,15:30,Full Stack Development Practical,ITL21-FSD,F_ASP_RSZ_SP_KSD,2,MCA,B,401/402,102,83,81.37,88.24,1.0,Practical,No,No,No,Cloudy,No,13.9,Afternoon,Provided - user uploaded timetable,Synthetic development data
05-02-2026,Thursday,1,09:15,10:15,Java Programming,IT21,F_VSN_SDM,2,MCA,B,403,102,77,75.49,81.37,18.75,Theory,No,No,No,Sunny,No,7.0,Morning,Provided - user uploaded timetable,Synthetic development data
05-02-2026,Thursday,2,10:15,11:15,Research Methodology,IT25,F_MLK,2,MCA,B,403,102,81,79.41,75.49,1.0,Theory,No,No,No,Rainy,No,5.8,Morning,Provided - user uploaded timetable,Synthetic development data
05-02-2026,Thursday,3,11:15,12:15,Full Stack Development,IT22,F_ASP_RSZ,2,MCA,B,403,102,73,71.57,79.41,1.0,Theory,No,No,No,Cloudy,No,2.1,Morning,Provided - user uploaded timetable,Synthetic development data
05-02-2026,Thursday,4,13:30,14:30,Java Practical,ITL21-JAVA,F_SDM_VSN_KSD_SSP,2,MCA,B,401/402,102,83,81.37,71.57,2.25,Practical,No,No,No,Sunny,No,13.8,Afternoon,Provided - user uploaded timetable,Synthetic development data
05-02-2026,Thursday,5,14:30,15:30,Java Practical,ITL21-JAVA,F_SDM_VSN_KSD_SSP,2,MCA,B,401/402,102,85,83.33,81.37,1.0,Practical,No,No,No,Cloudy,No,12.1,Afternoon,Provided - user uploaded timetable,Synthetic development data
06-02-2026,Friday,1,09:15,10:15,Software Project Management,IT24,F_JSP_MST,2,MCA,B,403,102,72,70.59,83.33,18.75,Theory,No,No,No,Rainy,No,7.4,Morning,Provided - user uploaded timetable,Synthetic development data
06-02-2026,Friday,2,10:15,11:15,Java Programming,IT21,F_VSN_SDM,2,MCA,B,403,102,88,86.27,70.59,1.0,Theory,No,No,No,Cloudy,No,8.9,Morning,Provided - user uploaded timetable,Synthetic development data
06-02-2026,Friday,3,11:15,12:15,Full Stack Development,IT22,F_ASP_RSZ,2,MCA,B,403,102,69,67.65,86.27,1.0,Theory,No,No,No,Cloudy,No,13.9,Morning,Provided - user uploaded timetable,Synthetic development data
06-02-2026,Friday,4,13:30,14:30,Cyber Security,IT23,F_DPY,2,MCA,B,403,102,65,63.73,67.65,2.25,Theory,No,No,No,Cloudy,No,11.7,Afternoon,Provided - user uploaded timetable,Synthetic development data
06-02-2026,Friday,5,14:30,15:30,IRP,IRP2,F_SDM,2,MCA,B,403,102,66,64.71,63.73,1.0,Theory,No,Yes,No,Sunny,No,3.8,Afternoon,Provided - user uploaded timetable,Synthetic development data
07-02-2026,Saturday,1,11:15,12:15,Training And Placement / Mini Project Training,P201,TBD,2,MCA,B,403,102,58,56.86,64.71,20.75,Project,No,No,No,Rainy,No,,Morning,Provided - user uploaded timetable,Synthetic development data
09-02-2026,Monday,1,09:15,10:15,Cyber Security Practical,ITL21-CYBER,F_DPY_MSU_MLK_MST,2,MCA,B,401/402,102,81,79.41,56.86,46.0,Practical,No,No,No,Cloudy,No,3.5,Morning,Provided - user uploaded timetable,Synthetic development data
09-02-2026,Monday,2,10:15,11:15,Cyber Security Practical,ITL21-CYBER,F_DPY_MSU_MLK_MST,2,MCA,B,401/402,102,84,82.35,79.41,1.0,Practical,Yes,Yes,No,Cloudy,No,3.5,Morning,Provided - user uploaded timetable,Synthetic development data
09-02-2026,Monday,3,11:15,12:15,Research Methodology,IT25,F_MLK,2,MCA,B,403,102,72,70.59,82.35,1.0,Theory,No,No,No,Cloudy,No,7.9,Morning,Provided - user uploaded timetable,Synthetic development data
09-02-2026,Monday,4,13:30,14:30,Cyber Security,IT23,F_DPY,2,MCA,B,403,102,68,66.67,70.59,2.25,Theory,No,No,No,Rainy,No,7.4,Afternoon,Provided - user uploaded timetable,Synthetic development data
09-02-2026,Monday,5,14:30,15:30,Club Activities,CLUB,TBD,2,MCA,B,403,102,70,68.63,66.67,1.0,Special Event,No,No,No,Cloudy,Yes,,Afternoon,Provided - user uploaded timetable,Synthetic development data
10-02-2026,Tuesday,1,09:15,10:15,Software Project Management,IT24,F_JSP_MST,2,MCA,B,403,102,82,80.39,68.63,18.75,Theory,No,Yes,No,Sunny,No,10.3,Morning,Provided - user uploaded timetable,Synthetic development data
10-02-2026,Tuesday,2,10:15,11:15,Full Stack Development,IT22,F_ASP_RSZ,2,MCA,B,403,102,78,76.47,80.39,1.0,Theory,No,Yes,No,Cloudy,No,5.2,Morning,Provided - user uploaded timetable,Synthetic development data
10-02-2026,Tuesday,3,11:15,12:15,Research Methodology,IT25,F_MLK,2,MCA,B,403,102,71,69.61,76.47,1.0,Theory,No,No,No,Sunny,No,12.8,Morning,Provided - user uploaded timetable,Synthetic development data
10-02-2026,Tuesday,4,13:30,14:30,Mini Project - Faculty Interaction,ITC21,TBD,2,MCA,B,403,102,69,67.65,69.61,2.25,Project,No,No,No,Sunny,No,,Afternoon,Provided - user uploaded timetable,Synthetic development data
10-02-2026,Tuesday,5,14:30,15:30,Mini Project - Faculty Interaction,ITC21,TBD,2,MCA,B,403,102,68,66.67,67.65,1.0,Project,No,No,No,Rainy,No,,Afternoon,Provided - user uploaded timetable,Synthetic development data
11-02-2026,Wednesday,1,09:15,10:15,Cyber Security,IT23,F_DPY,2,MCA,B,403,102,74,72.55,66.67,18.75,Theory,No,No,No,Cloudy,No,8.5,Morning,Provided - user uploaded timetable,Synthetic development data
11-02-2026,Wednesday,2,10:15,11:15,Software Project Management,IT24,F_JSP_MST,2,MCA,B,403,102,83,81.37,72.55,1.0,Theory,No,Yes,No,Rainy,No,8.8,Morning,Provided - user uploaded timetable,Synthetic development data
11-02-2026,Wednesday,3,11:15,12:15,Java Programming,IT21,F_VSN_SDM,2,MCA,B,403,102,83,81.37,81.37,1.0,Theory,No,No,No,Sunny,No,15.0,Morning,Provided - user uploaded timetable,Synthetic development data
11-02-2026,Wednesday,4,13:30,14:30,Full Stack Development Practical,ITL21-FSD,F_ASP_RSZ_SP_KSD,2,MCA,B,401/402,102,76,74.51,81.37,2.25,Practical,No,No,No,Sunny,No,8.4,Afternoon,Provided - user uploaded timetable,Synthetic development data
11-02-2026,Wednesday,5,14:30,15:30,Full Stack Development Practical,ITL21-FSD,F_ASP_RSZ_SP_KSD,2,MCA,B,401/402,102,78,76.47,74.51,1.0,Practical,No,Yes,No,Sunny,No,6.2,Afternoon,Provided - user uploaded timetable,Synthetic development data
12-02-2026,Thursday,1,09:15,10:15,Java Programming,IT21,F_VSN_SDM,2,MCA,B,403,102,77,75.49,76.47,18.75,Theory,No,No,No,Cloudy,No,7.4,Morning,Provided - user uploaded timetable,Synthetic development data
12-02-2026,Thursday,2,10:15,11:15,Research Methodology,IT25,F_MLK,2,MCA,B,403,102,77,75.49,75.49,1.0,Theory,No,No,No,Rainy,No,5.3,Morning,Provided - user uploaded timetable,Synthetic development data
12-02-2026,Thursday,3,11:15,12:15,Full Stack Development,IT22,F_ASP_RSZ,2,MCA,B,403,102,75,73.53,75.49,1.0,Theory,No,No,No,Cloudy,No,2.9,Morning,Provided - user uploaded timetable,Synthetic development data
12-02-2026,Thursday,4,13:30,14:30,Java Practical,ITL21-JAVA,F_SDM_VSN_KSD_SSP,2,MCA,B,401/402,102,79,77.45,73.53,2.25,Practical,No,Yes,No,Sunny,No,11.7,Afternoon,Provided - user uploaded timetable,Synthetic development data
12-02-2026,Thursday,5,14:30,15:30,Java Practical,ITL21-JAVA,F_SDM_VSN_KSD_SSP,2,MCA,B,401/402,102,86,84.31,77.45,1.0,Practical,No,No,No,Sunny,No,9.6,Afternoon,Provided - user uploaded timetable,Synthetic development data
13-02-2026,Friday,1,09:15,10:15,Software Project Management,IT24,F_JSP_MST,2,MCA,B,403,102,77,75.49,84.31,18.75,Theory,No,No,No,Sunny,No,11.9,Morning,Provided - user uploaded timetable,Synthetic development data
13-02-2026,Friday,2,10:15,11:15,Java Programming,IT21,F_VSN_SDM,2,MCA,B,403,102,81,79.41,75.49,1.0,Theory,No,No,No,Rainy,No,14.7,Morning,Provided - user uploaded timetable,Synthetic development data
13-02-2026,Friday,3,11:15,12:15,Full Stack Development,IT22,F_ASP_RSZ,2,MCA,B,403,102,76,74.51,79.41,1.0,Theory,No,No,No,Rainy,No,9.2,Morning,Provided - user uploaded timetable,Synthetic development data
13-02-2026,Friday,4,13:30,14:30,Cyber Security,IT23,F_DPY,2,MCA,B,403,102,68,66.67,74.51,2.25,Theory,No,No,No,Rainy,No,5.5,Afternoon,Provided - user uploaded timetable,Synthetic development data
13-02-2026,Friday,5,14:30,15:30,IRP,IRP2,F_SDM,2,MCA,B,403,102,68,66.67,66.67,1.0,Theory,No,No,No,Cloudy,No,14.0,Afternoon,Provided - user uploaded timetable,Synthetic development data
14-02-2026,Saturday,1,11:15,12:15,Training And Placement / Mini Project Training,P201,TBD,2,MCA,B,403,102,76,74.51,66.67,20.75,Project,No,No,No,Sunny,No,,Morning,Provided - user uploaded timetable,Synthetic development data
16-02-2026,Monday,1,09:15,10:15,Cyber Security Practical,ITL21-CYBER,F_DPY_MSU_MLK_MST,2,MCA,B,401/402,102,87,85.29,74.51,46.0,Practical,No,No,No,Rainy,No,3.5,Morning,Provided - user uploaded timetable,Synthetic development data
16-02-2026,Monday,2,10:15,11:15,Cyber Security Practical,ITL21-CYBER,F_DPY_MSU_MLK_MST,2,MCA,B,401/402,102,84,82.35,85.29,1.0,Practical,No,No,No,Rainy,No,9.7,Morning,Provided - user uploaded timetable,Synthetic development data
16-02-2026,Monday,3,11:15,12:15,Research Methodology,IT25,F_MLK,2,MCA,B,403,102,70,68.63,82.35,1.0,Theory,No,No,No,Sunny,No,7.1,Morning,Provided - user uploaded timetable,Synthetic development data
16-02-2026,Monday,4,13:30,14:30,Cyber Security,IT23,F_DPY,2,MCA,B,403,102,68,66.67,68.63,2.25,Theory,No,Yes,No,Cloudy,No,14.3,Afternoon,Provided - user uploaded timetable,Synthetic development data
16-02-2026,Monday,5,14:30,15:30,Club Activities,CLUB,TBD,2,MCA,B,403,102,63,61.76,66.67,1.0,Special Event,No,No,No,Cloudy,Yes,,Afternoon,Provided - user uploaded timetable,Synthetic development data
17-02-2026,Tuesday,1,09:15,10:15,Software Project Management,IT24,F_JSP_MST,2,MCA,B,403,102,76,74.51,61.76,18.75,Theory,No,No,No,Cloudy,No,2.3,Morning,Provided - user uploaded timetable,Synthetic development data
17-02-2026,Tuesday,2,10:15,11:15,Full Stack Development,IT22,F_ASP_RSZ,2,MCA,B,403,102,72,70.59,74.51,1.0,Theory,No,No,No,Rainy,No,8.0,Morning,Provided - user uploaded timetable,Synthetic development data
17-02-2026,Tuesday,3,11:15,12:15,Research Methodology,IT25,F_MLK,2,MCA,B,403,102,76,74.51,70.59,1.0,Theory,No,No,No,Cloudy,No,13.0,Morning,Provided - user uploaded timetable,Synthetic development data
17-02-2026,Tuesday,4,13:30,14:30,Mini Project - Faculty Interaction,ITC21,TBD,2,MCA,B,403,102,72,70.59,74.51,2.25,Project,No,No,No,Rainy,No,,Afternoon,Provided - user uploaded timetable,Synthetic development data
17-02-2026,Tuesday,5,14:30,15:30,Mini Project - Faculty Interaction,ITC21,TBD,2,MCA,B,403,102,68,66.67,70.59,1.0,Project,Yes,No,No,Rainy,No,,Afternoon,Provided - user uploaded timetable,Synthetic development data
18-02-2026,Wednesday,1,09:15,10:15,Cyber Security,IT23,F_DPY,2,MCA,B,403,102,71,69.61,66.67,18.75,Theory,No,No,No,Rainy,No,11.9,Morning,Provided - user uploaded timetable,Synthetic development data
18-02-2026,Wednesday,2,10:15,11:15,Software Project Management,IT24,F_JSP_MST,2,MCA,B,403,102,80,78.43,69.61,1.0,Theory,No,No,No,Rainy,No,10.4,Morning,Provided - user uploaded timetable,Synthetic development data
18-02-2026,Wednesday,3,11:15,12:15,Java Programming,IT21,F_VSN_SDM,2,MCA,B,403,102,87,85.29,78.43,1.0,Theory,No,No,No,Rainy,No,6.1,Morning,Provided - user uploaded timetable,Synthetic development data
18-02-2026,Wednesday,4,13:30,14:30,Full Stack Development Practical,ITL21-FSD,F_ASP_RSZ_SP_KSD,2,MCA,B,401/402,102,85,83.33,85.29,2.25,Practical,No,No,No,Rainy,No,5.9,Afternoon,Provided - user uploaded timetable,Synthetic development data
18-02-2026,Wednesday,5,14:30,15:30,Full Stack Development Practical,ITL21-FSD,F_ASP_RSZ_SP_KSD,2,MCA,B,401/402,102,80,78.43,83.33,1.0,Practical,No,Yes,No,Rainy,No,3.0,Afternoon,Provided - user uploaded timetable,Synthetic development data
19-02-2026,Thursday,1,09:15,10:15,Java Programming,IT21,F_VSN_SDM,2,MCA,B,403,102,75,73.53,78.43,18.75,Theory,No,No,No,Cloudy,No,14.8,Morning,Provided - user uploaded timetable,Synthetic development data
19-02-2026,Thursday,2,10:15,11:15,Research Methodology,IT25,F_MLK,2,MCA,B,403,102,77,75.49,73.53,1.0,Theory,No,No,No,Sunny,No,5.2,Morning,Provided - user uploaded timetable,Synthetic development data
19-02-2026,Thursday,3,11:15,12:15,Full Stack Development,IT22,F_ASP_RSZ,2,MCA,B,403,102,84,82.35,75.49,1.0,Theory,No,No,No,Rainy,No,9.9,Morning,Provided - user uploaded timetable,Synthetic development data
19-02-2026,Thursday,4,13:30,14:30,Java Practical,ITL21-JAVA,F_SDM_VSN_KSD_SSP,2,MCA,B,401/402,102,80,78.43,82.35,2.25,Practical,No,No,No,Cloudy,No,7.3,Afternoon,Provided - user uploaded timetable,Synthetic development data
19-02-2026,Thursday,5,14:30,15:30,Java Practical,ITL21-JAVA,F_SDM_VSN_KSD_SSP,2,MCA,B,401/402,102,83,81.37,78.43,1.0,Practical,No,No,No,Rainy,No,10.4,Afternoon,Provided - user uploaded timetable,Synthetic development data
20-02-2026,Friday,1,09:15,10:15,Software Project Management,IT24,F_JSP_MST,2,MCA,B,403,102,75,73.53,81.37,18.75,Theory,No,No,No,Cloudy,No,12.6,Morning,Provided - user uploaded timetable,Synthetic development data
20-02-2026,Friday,2,10:15,11:15,Java Programming,IT21,F_VSN_SDM,2,MCA,B,403,102,80,78.43,73.53,1.0,Theory,No,No,No,Rainy,No,15.0,Morning,Provided - user uploaded timetable,Synthetic development data
20-02-2026,Friday,3,11:15,12:15,Full Stack Development,IT22,F_ASP_RSZ,2,MCA,B,403,102,79,77.45,78.43,1.0,Theory,No,Yes,No,Rainy,No,7.5,Morning,Provided - user uploaded timetable,Synthetic development data
20-02-2026,Friday,4,13:30,14:30,Cyber Security,IT23,F_DPY,2,MCA,B,403,102,75,73.53,77.45,2.25,Theory,No,No,No,Sunny,No,14.4,Afternoon,Provided - user uploaded timetable,Synthetic development data
20-02-2026,Friday,5,14:30,15:30,IRP,IRP2,F_SDM,2,MCA,B,403,102,70,68.63,73.53,1.0,Theory,No,No,No,Sunny,No,4.9,Afternoon,Provided - user uploaded timetable,Synthetic development data
21-02-2026,Saturday,1,11:15,12:15,Training And Placement / Mini Project Training,P201,TBD,2,MCA,B,403,102,61,59.8,68.63,20.75,Project,No,No,No,Rainy,No,,Morning,Provided - user uploaded timetable,Synthetic development data
23-02-2026,Monday,1,09:15,10:15,Cyber Security Practical,ITL21-CYBER,F_DPY_MSU_MLK_MST,2,MCA,B,401/402,102,81,79.41,59.8,46.0,Practical,No,No,No,Cloudy,No,13.8,Morning,Provided - user uploaded timetable,Synthetic development data
23-02-2026,Monday,2,10:15,11:15,Cyber Security Practical,ITL21-CYBER,F_DPY_MSU_MLK_MST,2,MCA,B,401/402,102,73,71.57,79.41,1.0,Practical,No,No,No,Rainy,No,14.8,Morning,Provided - user uploaded timetable,Synthetic development data
23-02-2026,Monday,3,11:15,12:15,Research Methodology,IT25,F_MLK,2,MCA,B,403,102,72,70.59,71.57,1.0,Theory,No,No,No,Cloudy,No,8.5,Morning,Provided - user uploaded timetable,Synthetic development data
23-02-2026,Monday,4,13:30,14:30,Cyber Security,IT23,F_DPY,2,MCA,B,403,102,63,61.76,70.59,2.25,Theory,No,No,No,Sunny,No,12.4,Afternoon,Provided - user uploaded timetable,Synthetic development data
23-02-2026,Monday,5,14:30,15:30,Club Activities,CLUB,TBD,2,MCA,B,403,102,67,65.69,61.76,1.0,Special Event,No,No,No,Rainy,Yes,,Afternoon,Provided - user uploaded timetable,Synthetic development data
24-02-2026,Tuesday,1,09:15,10:15,Software Project Management,IT24,F_JSP_MST,2,MCA,B,403,102,81,79.41,65.69,18.75,Theory,No,No,No,Cloudy,No,4.9,Morning,Provided - user uploaded timetable,Synthetic development data
24-02-2026,Tuesday,2,10:15,11:15,Full Stack Development,IT22,F_ASP_RSZ,2,MCA,B,403,102,70,68.63,79.41,1.0,Theory,No,Yes,No,Rainy,No,10.4,Morning,Provided - user uploaded timetable,Synthetic development data
24-02-2026,Tuesday,3,11:15,12:15,Research Methodology,IT25,F_MLK,2,MCA,B,403,102,84,82.35,68.63,1.0,Theory,No,No,No,Cloudy,No,13.9,Morning,Provided - user uploaded timetable,Synthetic development data
24-02-2026,Tuesday,4,13:30,14:30,Mini Project - Faculty Interaction,ITC21,TBD,2,MCA,B,403,102,76,74.51,82.35,2.25,Project,No,No,No,Rainy,No,,Afternoon,Provided - user uploaded timetable,Synthetic development data
24-02-2026,Tuesday,5,14:30,15:30,Mini Project - Faculty Interaction,ITC21,TBD,2,MCA,B,403,102,68,66.67,74.51,1.0,Project,No,No,No,Sunny,No,,Afternoon,Provided - user uploaded timetable,Synthetic development data
25-02-2026,Wednesday,1,09:15,10:15,Cyber Security,IT23,F_DPY,2,MCA,B,403,102,69,67.65,66.67,18.75,Theory,No,No,No,Cloudy,No,2.0,Morning,Provided - user uploaded timetable,Synthetic development data
25-02-2026,Wednesday,2,10:15,11:15,Software Project Management,IT24,F_JSP_MST,2,MCA,B,403,102,79,77.45,67.65,1.0,Theory,No,No,No,Sunny,No,10.6,Morning,Provided - user uploaded timetable,Synthetic development data
25-02-2026,Wednesday,3,11:15,12:15,Java Programming,IT21,F_VSN_SDM,2,MCA,B,403,102,80,78.43,77.45,1.0,Theory,No,No,No,Sunny,No,14.4,Morning,Provided - user uploaded timetable,Synthetic development data
25-02-2026,Wednesday,4,13:30,14:30,Full Stack Development Practical,ITL21-FSD,F_ASP_RSZ_SP_KSD,2,MCA,B,401/402,102,78,76.47,78.43,2.25,Practical,No,No,No,Rainy,No,9.2,Afternoon,Provided - user uploaded timetable,Synthetic development data
25-02-2026,Wednesday,5,14:30,15:30,Full Stack Development Practical,ITL21-FSD,F_ASP_RSZ_SP_KSD,2,MCA,B,401/402,102,84,82.35,76.47,1.0,Practical,No,No,No,Rainy,No,7.0,Afternoon,Provided - user uploaded timetable,Synthetic development data
26-02-2026,Thursday,1,09:15,10:15,Java Programming,IT21,F_VSN_SDM,2,MCA,B,403,102,74,72.55,82.35,18.75,Theory,No,No,No,Rainy,No,12.1,Morning,Provided - user uploaded timetable,Synthetic development data
26-02-2026,Thursday,2,10:15,11:15,Research Methodology,IT25,F_MLK,2,MCA,B,403,102,67,65.69,72.55,1.0,Theory,No,No,No,Sunny,No,12.3,Morning,Provided - user uploaded timetable,Synthetic development data
26-02-2026,Thursday,3,11:15,12:15,Full Stack Development,IT22,F_ASP_RSZ,2,MCA,B,403,102,83,81.37,65.69,1.0,Theory,No,No,No,Cloudy,No,8.7,Morning,Provided - user uploaded timetable,Synthetic development data
26-02-2026,Thursday,4,13:30,14:30,Java Practical,ITL21-JAVA,F_SDM_VSN_KSD_SSP,2,MCA,B,401/402,102,82,80.39,81.37,2.25,Practical,No,No,No,Cloudy,No,2.5,Afternoon,Provided - user uploaded timetable,Synthetic development data
26-02-2026,Thursday,5,14:30,15:30,Java Practical,ITL21-JAVA,F_SDM_VSN_KSD_SSP,2,MCA,B,401/402,102,77,75.49,80.39,1.0,Practical,No,No,No,Sunny,No,13.3,Afternoon,Provided - user uploaded timetable,Synthetic development data
27-02-2026,Friday,1,09:15,10:15,Software Project Management,IT24,F_JSP_MST,2,MCA,B,403,102,87,85.29,75.49,18.75,Theory,No,No,No,Sunny,No,6.3,Morning,Provided - user uploaded timetable,Synthetic development data
27-02-2026,Friday,2,10:15,11:15,Java Programming,IT21,F_VSN_SDM,2,MCA,B,403,102,78,76.47,85.29,1.0,Theory,No,No,No,Rainy,No,7.5,Morning,Provided - user uploaded timetable,Synthetic development data
27-02-2026,Friday,3,11:15,12:15,Full Stack Development,IT22,F_ASP_RSZ,2,MCA,B,403,102,81,79.41,76.47,1.0,Theory,No,No,No,Sunny,No,11.4,Morning,Provided - user uploaded timetable,Synthetic development data
27-02-2026,Friday,4,13:30,14:30,Cyber Security,IT23,F_DPY,2,MCA,B,403,102,71,69.61,79.41,2.25,Theory,No,No,No,Cloudy,No,5.6,Afternoon,Provided - user uploaded timetable,Synthetic development data
27-02-2026,Friday,5,14:30,15:30,IRP,IRP2,F_SDM,2,MCA,B,403,102,72,70.59,69.61,1.0,Theory,No,No,No,Sunny,No,10.7,Afternoon,Provided - user uploaded timetable,Synthetic development data
28-02-2026,Saturday,1,11:15,12:15,Training And Placement / Mini Project Training,P201,TBD,2,MCA,B,403,102,69,67.65,70.59,20.75,Project,No,No,No,Sunny,No,,Morning,Provided - user uploaded timetable,Synthetic development data
02-03-2026,Monday,1,09:15,10:15,Cyber Security Practical,ITL21-CYBER,F_DPY_MSU_MLK_MST,2,MCA,B,401/402,102,87,85.29,67.65,46.0,Practical,No,Yes,No,Sunny,No,8.5,Morning,Provided - user uploaded timetable,Synthetic development data
02-03-2026,Monday,2,10:15,11:15,Cyber Security Practical,ITL21-CYBER,F_DPY_MSU_MLK_MST,2,MCA,B,401/402,102,91,89.22,85.29,1.0,Practical,No,No,No,Cloudy,No,12.1,Morning,Provided - user uploaded timetable,Synthetic development data
02-03-2026,Monday,3,11:15,12:15,Research Methodology,IT25,F_MLK,2,MCA,B,403,102,75,73.53,89.22,1.0,Theory,No,No,No,Rainy,No,5.7,Morning,Provided - user uploaded timetable,Synthetic development data
02-03-2026,Monday,4,13:30,14:30,Cyber Security,IT23,F_DPY,2,MCA,B,403,102,76,74.51,73.53,2.25,Theory,No,No,No,Sunny,No,3.8,Afternoon,Provided - user uploaded timetable,Synthetic development data
02-03-2026,Monday,5,14:30,15:30,Club Activities,CLUB,TBD,2,MCA,B,403,102,59,57.84,74.51,1.0,Special Event,Yes,No,No,Rainy,Yes,,Afternoon,Provided - user uploaded timetable,Synthetic development data
03-03-2026,Tuesday,1,09:15,10:15,Software Project Management,IT24,F_JSP_MST,2,MCA,B,403,102,78,76.47,57.84,18.75,Theory,No,No,No,Rainy,No,6.8,Morning,Provided - user uploaded timetable,Synthetic development data
03-03-2026,Tuesday,2,10:15,11:15,Full Stack Development,IT22,F_ASP_RSZ,2,MCA,B,403,102,70,68.63,76.47,1.0,Theory,No,No,No,Rainy,No,13.5,Morning,Provided - user uploaded timetable,Synthetic development data
03-03-2026,Tuesday,3,11:15,12:15,Research Methodology,IT25,F_MLK,2,MCA,B,403,102,78,76.47,68.63,1.0,Theory,Yes,No,No,Rainy,No,11.3,Morning,Provided - user uploaded timetable,Synthetic development data
03-03-2026,Tuesday,4,13:30,14:30,Mini Project - Faculty Interaction,ITC21,TBD,2,MCA,B,403,102,72,70.59,76.47,2.25,Project,No,No,No,Rainy,No,,Afternoon,Provided - user uploaded timetable,Synthetic development data
03-03-2026,Tuesday,5,14:30,15:30,Mini Project - Faculty Interaction,ITC21,TBD,2,MCA,B,403,102,66,64.71,70.59,1.0,Project,Yes,No,No,Rainy,No,,Afternoon,Provided - user uploaded timetable,Synthetic development data
04-03-2026,Wednesday,1,09:15,10:15,Cyber Security,IT23,F_DPY,2,MCA,B,403,102,75,73.53,64.71,18.75,Theory,No,No,No,Sunny,No,5.3,Morning,Provided - user uploaded timetable,Synthetic development data
04-03-2026,Wednesday,2,10:15,11:15,Software Project Management,IT24,F_JSP_MST,2,MCA,B,403,102,76,74.51,73.53,1.0,Theory,No,No,No,Sunny,No,10.1,Morning,Provided - user uploaded timetable,Synthetic development data
04-03-2026,Wednesday,3,11:15,12:15,Java Programming,IT21,F_VSN_SDM,2,MCA,B,403,102,76,74.51,74.51,1.0,Theory,No,Yes,No,Rainy,No,4.2,Morning,Provided - user uploaded timetable,Synthetic development data
04-03-2026,Wednesday,4,13:30,14:30,Full Stack Development Practical,ITL21-FSD,F_ASP_RSZ_SP_KSD,2,MCA,B,401/402,102,80,78.43,74.51,2.25,Practical,No,No,No,Rainy,No,10.1,Afternoon,Provided - user uploaded timetable,Synthetic development data
04-03-2026,Wednesday,5,14:30,15:30,Full Stack Development Practical,ITL21-FSD,F_ASP_RSZ_SP_KSD,2,MCA,B,401/402,102,75,73.53,78.43,1.0,Practical,No,No,No,Rainy,No,2.5,Afternoon,Provided - user uploaded timetable,Synthetic development data
05-03-2026,Thursday,1,09:15,10:15,Java Programming,IT21,F_VSN_SDM,2,MCA,B,403,102,81,79.41,73.53,18.75,Theory,No,No,No,Cloudy,No,8.3,Morning,Provided - user uploaded timetable,Synthetic development data
05-03-2026,Thursday,2,10:15,11:15,Research Methodology,IT25,F_MLK,2,MCA,B,403,102,74,72.55,79.41,1.0,Theory,No,No,No,Cloudy,No,13.2,Morning,Provided - user uploaded timetable,Synthetic development data
05-03-2026,Thursday,3,11:15,12:15,Full Stack Development,IT22,F_ASP_RSZ,2,MCA,B,403,102,75,73.53,72.55,1.0,Theory,No,No,No,Cloudy,No,14.7,Morning,Provided - user uploaded timetable,Synthetic development data
05-03-2026,Thursday,4,13:30,14:30,Java Practical,ITL21-JAVA,F_SDM_VSN_KSD_SSP,2,MCA,B,401/402,102,84,82.35,73.53,2.25,Practical,No,No,No,Rainy,No,3.4,Afternoon,Provided - user uploaded timetable,Synthetic development data
05-03-2026,Thursday,5,14:30,15:30,Java Practical,ITL21-JAVA,F_SDM_VSN_KSD_SSP,2,MCA,B,401/402,102,84,82.35,82.35,1.0,Practical,No,No,No,Cloudy,No,5.2,Afternoon,Provided - user uploaded timetable,Synthetic development data
06-03-2026,Friday,1,09:15,10:15,Software Project Management,IT24,F_JSP_MST,2,MCA,B,403,102,86,84.31,82.35,18.75,Theory,No,No,No,Sunny,No,4.8,Morning,Provided - user uploaded timetable,Synthetic development data
06-03-2026,Friday,2,10:15,11:15,Java Programming,IT21,F_VSN_SDM,2,MCA,B,403,102,88,86.27,84.31,1.0,Theory,No,Yes,No,Cloudy,No,9.8,Morning,Provided - user uploaded timetable,Synthetic development data
06-03-2026,Friday,3,11:15,12:15,Full Stack Development,IT22,F_ASP_RSZ,2,MCA,B,403,102,75,73.53,86.27,1.0,Theory,No,No,No,Cloudy,No,9.0,Morning,Provided - user uploaded timetable,Synthetic development data
06-03-2026,Friday,4,13:30,14:30,Cyber Security,IT23,F_DPY,2,MCA,B,403,102,70,68.63,73.53,2.25,Theory,No,No,No,Cloudy,No,11.5,Afternoon,Provided - user uploaded timetable,Synthetic development data
06-03-2026,Friday,5,14:30,15:30,IRP,IRP2,F_SDM,2,MCA,B,403,102,67,65.69,68.63,1.0,Theory,No,No,No,Cloudy,No,2.7,Afternoon,Provided - user uploaded timetable,Synthetic development data
07-03-2026,Saturday,1,11:15,12:15,Training And Placement / Mini Project Training,P201,TBD,2,MCA,B,403,102,71,69.61,65.69,20.75,Project,Yes,No,No,Rainy,No,,Morning,Provided - user uploaded timetable,Synthetic development data
09-03-2026,Monday,1,09:15,10:15,Cyber Security Practical,ITL21-CYBER,F_DPY_MSU_MLK_MST,2,MCA,B,401/402,102,76,74.51,69.61,46.0,Practical,No,No,No,Cloudy,No,14.1,Morning,Provided - user uploaded timetable,Synthetic development data
09-03-2026,Monday,2,10:15,11:15,Cyber Security Practical,ITL21-CYBER,F_DPY_MSU_MLK_MST,2,MCA,B,401/402,102,80,78.43,74.51,1.0,Practical,No,No,No,Rainy,No,11.6,Morning,Provided - user uploaded timetable,Synthetic development data
09-03-2026,Monday,3,11:15,12:15,Research Methodology,IT25,F_MLK,2,MCA,B,403,102,69,67.65,78.43,1.0,Theory,No,No,No,Rainy,No,8.9,Morning,Provided - user uploaded timetable,Synthetic development data
09-03-2026,Monday,4,13:30,14:30,Cyber Security,IT23,F_DPY,2,MCA,B,403,102,76,74.51,67.65,2.25,Theory,No,No,No,Sunny,No,6.8,Afternoon,Provided - user uploaded timetable,Synthetic development data
09-03-2026,Monday,5,14:30,15:30,Club Activities,CLUB,TBD,2,MCA,B,403,102,71,69.61,74.51,1.0,Special Event,No,No,No,Rainy,Yes,,Afternoon,Provided - user uploaded timetable,Synthetic development data
10-03-2026,Tuesday,1,09:15,10:15,Software Project Management,IT24,F_JSP_MST,2,MCA,B,403,102,81,79.41,69.61,18.75,Theory,No,No,No,Sunny,No,2.2,Morning,Provided - user uploaded timetable,Synthetic development data
10-03-2026,Tuesday,2,10:15,11:15,Full Stack Development,IT22,F_ASP_RSZ,2,MCA,B,403,102,71,69.61,79.41,1.0,Theory,No,No,No,Rainy,No,4.7,Morning,Provided - user uploaded timetable,Synthetic development data
10-03-2026,Tuesday,3,11:15,12:15,Research Methodology,IT25,F_MLK,2,MCA,B,403,102,73,71.57,69.61,1.0,Theory,No,No,No,Cloudy,No,13.3,Morning,Provided - user uploaded timetable,Synthetic development data
10-03-2026,Tuesday,4,13:30,14:30,Mini Project - Faculty Interaction,ITC21,TBD,2,MCA,B,403,102,66,64.71,71.57,2.25,Project,No,Yes,No,Sunny,No,,Afternoon,Provided - user uploaded timetable,Synthetic development data
10-03-2026,Tuesday,5,14:30,15:30,Mini Project - Faculty Interaction,ITC21,TBD,2,MCA,B,403,102,63,61.76,64.71,1.0,Project,No,No,No,Rainy,No,,Afternoon,Provided - user uploaded timetable,Synthetic development data
11-03-2026,Wednesday,1,09:15,10:15,Cyber Security,IT23,F_DPY,2,MCA,B,403,102,70,68.63,61.76,18.75,Theory,No,No,No,Cloudy,No,6.1,Morning,Provided - user uploaded timetable,Synthetic development data
11-03-2026,Wednesday,2,10:15,11:15,Software Project Management,IT24,F_JSP_MST,2,MCA,B,403,102,76,74.51,68.63,1.0,Theory,No,No,No,Rainy,No,5.6,Morning,Provided - user uploaded timetable,Synthetic development data
11-03-2026,Wednesday,3,11:15,12:15,Java Programming,IT21,F_VSN_SDM,2,MCA,B,403,102,75,73.53,74.51,1.0,Theory,No,No,No,Cloudy,No,13.6,Morning,Provided - user uploaded timetable,Synthetic development data
11-03-2026,Wednesday,4,13:30,14:30,Full Stack Development Practical,ITL21-FSD,F_ASP_RSZ_SP_KSD,2,MCA,B,401/402,102,81,79.41,73.53,2.25,Practical,No,No,No,Sunny,No,5.8,Afternoon,Provided - user uploaded timetable,Synthetic development data
11-03-2026,Wednesday,5,14:30,15:30,Full Stack Development Practical,ITL21-FSD,F_ASP_RSZ_SP_KSD,2,MCA,B,401/402,102,76,74.51,79.41,1.0,Practical,No,No,No,Cloudy,No,14.0,Afternoon,Provided - user uploaded timetable,Synthetic development data
12-03-2026,Thursday,1,09:15,10:15,Java Programming,IT21,F_VSN_SDM,2,MCA,B,403,102,83,81.37,74.51,18.75,Theory,No,No,No,Sunny,No,14.5,Morning,Provided - user uploaded timetable,Synthetic development data
12-03-2026,Thursday,2,10:15,11:15,Research Methodology,IT25,F_MLK,2,MCA,B,403,102,77,75.49,81.37,1.0,Theory,No,No,No,Rainy,No,14.2,Morning,Provided - user uploaded timetable,Synthetic development data
12-03-2026,Thursday,3,11:15,12:15,Full Stack Development,IT22,F_ASP_RSZ,2,MCA,B,403,102,72,70.59,75.49,1.0,Theory,No,No,No,Sunny,No,11.8,Morning,Provided - user uploaded timetable,Synthetic development data
12-03-2026,Thursday,4,13:30,14:30,Java Practical,ITL21-JAVA,F_SDM_VSN_KSD_SSP,2,MCA,B,401/402,102,81,79.41,70.59,2.25,Practical,No,No,No,Sunny,No,13.8,Afternoon,Provided - user uploaded timetable,Synthetic development data
12-03-2026,Thursday,5,14:30,15:30,Java Practical,ITL21-JAVA,F_SDM_VSN_KSD_SSP,2,MCA,B,401/402,102,84,82.35,79.41,1.0,Practical,No,No,No,Rainy,No,11.6,Afternoon,Provided - user uploaded timetable,Synthetic development data
13-03-2026,Friday,1,09:15,10:15,Software Project Management,IT24,F_JSP_MST,2,MCA,B,403,102,69,67.65,82.35,18.75,Theory,No,No,No,Rainy,No,8.8,Morning,Provided - user uploaded timetable,Synthetic development data
13-03-2026,Friday,2,10:15,11:15,Java Programming,IT21,F_VSN_SDM,2,MCA,B,403,102,71,69.61,67.65,1.0,Theory,No,No,No,Rainy,No,8.1,Morning,Provided - user uploaded timetable,Synthetic development data
13-03-2026,Friday,3,11:15,12:15,Full Stack Development,IT22,F_ASP_RSZ,2,MCA,B,403,102,77,75.49,69.61,1.0,Theory,No,Yes,No,Sunny,No,11.5,Morning,Provided - user uploaded timetable,Synthetic development data
13-03-2026,Friday,4,13:30,14:30,Cyber Security,IT23,F_DPY,2,MCA,B,403,102,69,67.65,75.49,2.25,Theory,No,No,No,Sunny,No,11.6,Afternoon,Provided - user uploaded timetable,Synthetic development data
13-03-2026,Friday,5,14:30,15:30,IRP,IRP2,F_SDM,2,MCA,B,403,102,61,59.8,67.65,1.0,Theory,No,No,No,Sunny,No,4.3,Afternoon,Provided - user uploaded timetable,Synthetic development data
14-03-2026,Saturday,1,11:15,12:15,Training And Placement / Mini Project Training,P201,TBD,2,MCA,B,403,102,57,55.88,59.8,20.75,Project,No,Yes,No,Rainy,No,,Morning,Provided - user uploaded timetable,Synthetic development data
16-03-2026,Monday,1,09:15,10:15,Cyber Security Practical,ITL21-CYBER,F_DPY_MSU_MLK_MST,2,MCA,B,401/402,102,82,80.39,55.88,46.0,Practical,No,No,No,Rainy,No,12.0,Morning,Provided - user uploaded timetable,Synthetic development data
16-03-2026,Monday,2,10:15,11:15,Cyber Security Practical,ITL21-CYBER,F_DPY_MSU_MLK_MST,2,MCA,B,401/402,102,89,87.25,80.39,1.0,Practical,No,No,No,Cloudy,No,6.8,Morning,Provided - user uploaded timetable,Synthetic development data
16-03-2026,Monday,3,11:15,12:15,Research Methodology,IT25,F_MLK,2,MCA,B,403,102,72,70.59,87.25,1.0,Theory,No,No,No,Cloudy,No,4.0,Morning,Provided - user uploaded timetable,Synthetic development data
16-03-2026,Monday,4,13:30,14:30,Cyber Security,IT23,F_DPY,2,MCA,B,403,102,72,70.59,70.59,2.25,Theory,No,No,No,Cloudy,No,11.1,Afternoon,Provided - user uploaded timetable,Synthetic development data
16-03-2026,Monday,5,14:30,15:30,Club Activities,CLUB,TBD,2,MCA,B,403,102,61,59.8,70.59,1.0,Special Event,No,No,No,Rainy,Yes,,Afternoon,Provided - user uploaded timetable,Synthetic development data
17-03-2026,Tuesday,1,09:15,10:15,Software Project Management,IT24,F_JSP_MST,2,MCA,B,403,102,78,76.47,59.8,18.75,Theory,No,No,No,Sunny,No,13.7,Morning,Provided - user uploaded timetable,Synthetic development data
17-03-2026,Tuesday,2,10:15,11:15,Full Stack Development,IT22,F_ASP_RSZ,2,MCA,B,403,102,78,76.47,76.47,1.0,Theory,No,Yes,No,Sunny,No,8.7,Morning,Provided - user uploaded timetable,Synthetic development data
17-03-2026,Tuesday,3,11:15,12:15,Research Methodology,IT25,F_MLK,2,MCA,B,403,102,71,69.61,76.47,1.0,Theory,No,Yes,No,Cloudy,No,10.7,Morning,Provided - user uploaded timetable,Synthetic development data
17-03-2026,Tuesday,4,13:30,14:30,Mini Project - Faculty Interaction,ITC21,TBD,2,MCA,B,403,102,71,69.61,69.61,2.25,Project,No,Yes,No,Cloudy,No,,Afternoon,Provided - user uploaded timetable,Synthetic development data
17-03-2026,Tuesday,5,14:30,15:30,Mini Project - Faculty Interaction,ITC21,TBD,2,MCA,B,403,102,70,68.63,69.61,1.0,Project,No,No,No,Rainy,No,,Afternoon,Provided - user uploaded timetable,Synthetic development data
18-03-2026,Wednesday,1,09:15,10:15,Cyber Security,IT23,F_DPY,2,MCA,B,403,102,64,62.75,68.63,18.75,Theory,No,No,Yes,Rainy,No,14.5,Morning,Provided - user uploaded timetable,Synthetic development data
18-03-2026,Wednesday,2,10:15,11:15,Software Project Management,IT24,F_JSP_MST,2,MCA,B,403,102,74,72.55,62.75,1.0,Theory,No,No,Yes,Cloudy,No,3.5,Morning,Provided - user uploaded timetable,Synthetic development data
18-03-2026,Wednesday,3,11:15,12:15,Java Programming,IT21,F_VSN_SDM,2,MCA,B,403,102,71,69.61,72.55,1.0,Theory,No,No,Yes,Sunny,No,11.5,Morning,Provided - user uploaded timetable,Synthetic development data
18-03-2026,Wednesday,4,13:30,14:30,Full Stack Development Practical,ITL21-FSD,F_ASP_RSZ_SP_KSD,2,MCA,B,401/402,102,76,74.51,69.61,2.25,Practical,No,Yes,Yes,Sunny,No,14.7,Afternoon,Provided - user uploaded timetable,Synthetic development data
18-03-2026,Wednesday,5,14:30,15:30,Full Stack Development Practical,ITL21-FSD,F_ASP_RSZ_SP_KSD,2,MCA,B,401/402,102,85,83.33,74.51,1.0,Practical,No,No,Yes,Cloudy,No,8.9,Afternoon,Provided - user uploaded timetable,Synthetic development data
20-03-2026,Friday,1,09:15,10:15,Software Project Management,IT24,F_JSP_MST,2,MCA,B,403,102,67,65.69,83.33,42.75,Theory,No,Yes,Yes,Cloudy,No,5.0,Morning,Provided - user uploaded timetable,Synthetic development data
20-03-2026,Friday,2,10:15,11:15,Java Programming,IT21,F_VSN_SDM,2,MCA,B,403,102,64,62.75,65.69,1.0,Theory,No,No,Yes,Sunny,No,3.8,Morning,Provided - user uploaded timetable,Synthetic development data
20-03-2026,Friday,3,11:15,12:15,Full Stack Development,IT22,F_ASP_RSZ,2,MCA,B,403,102,69,67.65,62.75,1.0,Theory,No,No,Yes,Rainy,No,9.5,Morning,Provided - user uploaded timetable,Synthetic development data
20-03-2026,Friday,4,13:30,14:30,Cyber Security,IT23,F_DPY,2,MCA,B,403,102,61,59.8,67.65,2.25,Theory,No,No,Yes,Cloudy,No,5.1,Afternoon,Provided - user uploaded timetable,Synthetic development data
20-03-2026,Friday,5,14:30,15:30,IRP,IRP2,F_SDM,2,MCA,B,403,102,68,66.67,59.8,1.0,Theory,No,No,Yes,Rainy,No,4.9,Afternoon,Provided - user uploaded timetable,Synthetic development data
21-03-2026,Saturday,1,11:15,12:15,Training And Placement / Mini Project Training,P201,TBD,2,MCA,B,403,102,64,62.75,66.67,20.75,Project,No,No,No,Rainy,No,,Morning,Provided - user uploaded timetable,Synthetic development data
23-03-2026,Monday,1,09:15,10:15,Cyber Security Practical,ITL21-CYBER,F_DPY_MSU_MLK_MST,2,MCA,B,401/402,102,89,87.25,62.75,46.0,Practical,No,No,No,Sunny,No,7.0,Morning,Provided - user uploaded timetable,Synthetic development data
23-03-2026,Monday,2,10:15,11:15,Cyber Security Practical,ITL21-CYBER,F_DPY_MSU_MLK_MST,2,MCA,B,401/402,102,85,83.33,87.25,1.0,Practical,No,No,No,Sunny,No,14.0,Morning,Provided - user uploaded timetable,Synthetic development data
23-03-2026,Monday,3,11:15,12:15,Research Methodology,IT25,F_MLK,2,MCA,B,403,102,72,70.59,83.33,1.0,Theory,No,Yes,No,Rainy,No,12.8,Morning,Provided - user uploaded timetable,Synthetic development data
23-03-2026,Monday,4,13:30,14:30,Cyber Security,IT23,F_DPY,2,MCA,B,403,102,71,69.61,70.59,2.25,Theory,Yes,No,No,Rainy,No,9.8,Afternoon,Provided - user uploaded timetable,Synthetic development data
23-03-2026,Monday,5,14:30,15:30,Club Activities,CLUB,TBD,2,MCA,B,403,102,78,76.47,69.61,1.0,Special Event,No,No,No,Rainy,Yes,,Afternoon,Provided - user uploaded timetable,Synthetic development data
24-03-2026,Tuesday,1,09:15,10:15,Software Project Management,IT24,F_JSP_MST,2,MCA,B,403,102,74,72.55,76.47,18.75,Theory,No,No,No,Cloudy,No,6.0,Morning,Provided - user uploaded timetable,Synthetic development data
24-03-2026,Tuesday,2,10:15,11:15,Full Stack Development,IT22,F_ASP_RSZ,2,MCA,B,403,102,77,75.49,72.55,1.0,Theory,No,No,No,Cloudy,No,3.3,Morning,Provided - user uploaded timetable,Synthetic development data
24-03-2026,Tuesday,3,11:15,12:15,Research Methodology,IT25,F_MLK,2,MCA,B,403,102,72,70.59,75.49,1.0,Theory,No,No,No,Cloudy,No,13.9,Morning,Provided - user uploaded timetable,Synthetic development data
24-03-2026,Tuesday,4,13:30,14:30,Mini Project - Faculty Interaction,ITC21,TBD,2,MCA,B,403,102,73,71.57,70.59,2.25,Project,No,No,No,Rainy,No,,Afternoon,Provided - user uploaded timetable,Synthetic development data
24-03-2026,Tuesday,5,14:30,15:30,Mini Project - Faculty Interaction,ITC21,TBD,2,MCA,B,403,102,72,70.59,71.57,1.0,Project,No,No,No,Sunny,No,,Afternoon,Provided - user uploaded timetable,Synthetic development data
25-03-2026,Wednesday,1,09:15,10:15,Cyber Security,IT23,F_DPY,2,MCA,B,403,102,74,72.55,70.59,18.75,Theory,No,No,No,Rainy,No,8.3,Morning,Provided - user uploaded timetable,Synthetic development data
25-03-2026,Wednesday,2,10:15,11:15,Software Project Management,IT24,F_JSP_MST,2,MCA,B,403,102,82,80.39,72.55,1.0,Theory,No,No,No,Rainy,No,14.4,Morning,Provided - user uploaded timetable,Synthetic development data
25-03-2026,Wednesday,3,11:15,12:15,Java Programming,IT21,F_VSN_SDM,2,MCA,B,403,102,75,73.53,80.39,1.0,Theory,No,No,No,Sunny,No,14.3,Morning,Provided - user uploaded timetable,Synthetic development data
25-03-2026,Wednesday,4,13:30,14:30,Full Stack Development Practical,ITL21-FSD,F_ASP_RSZ_SP_KSD,2,MCA,B,401/402,102,85,83.33,73.53,2.25,Practical,No,No,No,Cloudy,No,3.8,Afternoon,Provided - user uploaded timetable,Synthetic development data
25-03-2026,Wednesday,5,14:30,15:30,Full Stack Development Practical,ITL21-FSD,F_ASP_RSZ_SP_KSD,2,MCA,B,401/402,102,87,85.29,83.33,1.0,Practical,No,Yes,No,Sunny,No,2.1,Afternoon,Provided - user uploaded timetable,Synthetic development data
26-03-2026,Thursday,1,09:15,10:15,Java Programming,IT21,F_VSN_SDM,2,MCA,B,403,102,87,85.29,85.29,18.75,Theory,No,No,No,Sunny,No,8.8,Morning,Provided - user uploaded timetable,Synthetic development data
26-03-2026,Thursday,2,10:15,11:15,Research Methodology,IT25,F_MLK,2,MCA,B,403,102,78,76.47,85.29,1.0,Theory,No,No,No,Cloudy,No,12.6,Morning,Provided - user uploaded timetable,Synthetic development data
26-03-2026,Thursday,3,11:15,12:15,Full Stack Development,IT22,F_ASP_RSZ,2,MCA,B,403,102,76,74.51,76.47,1.0,Theory,No,No,No,Cloudy,No,14.5,Morning,Provided - user uploaded timetable,Synthetic development data
26-03-2026,Thursday,4,13:30,14:30,Java Practical,ITL21-JAVA,F_SDM_VSN_KSD_SSP,2,MCA,B,401/402,102,82,80.39,74.51,2.25,Practical,No,No,No,Rainy,No,4.9,Afternoon,Provided - user uploaded timetable,Synthetic development data
26-03-2026,Thursday,5,14:30,15:30,Java Practical,ITL21-JAVA,F_SDM_VSN_KSD_SSP,2,MCA,B,401/402,102,75,73.53,80.39,1.0,Practical,No,No,No,Rainy,No,14.9,Afternoon,Provided - user uploaded timetable,Synthetic development data
27-03-2026,Friday,1,09:15,10:15,Software Project Management,IT24,F_JSP_MST,2,MCA,B,403,102,80,78.43,73.53,18.75,Theory,No,No,No,Rainy,No,8.2,Morning,Provided - user uploaded timetable,Synthetic development data
27-03-2026,Friday,2,10:15,11:15,Java Programming,IT21,F_VSN_SDM,2,MCA,B,403,102,76,74.51,78.43,1.0,Theory,Yes,Yes,No,Cloudy,No,13.7,Morning,Provided - user uploaded timetable,Synthetic development data
27-03-2026,Friday,3,11:15,12:15,Full Stack Development,IT22,F_ASP_RSZ,2,MCA,B,403,102,79,77.45,74.51,1.0,Theory,No,Yes,No,Cloudy,No,2.2,Morning,Provided - user uploaded timetable,Synthetic development data
27-03-2026,Friday,4,13:30,14:30,Cyber Security,IT23,F_DPY,2,MCA,B,403,102,77,75.49,77.45,2.25,Theory,No,No,No,Rainy,No,12.7,Afternoon,Provided - user uploaded timetable,Synthetic development data
27-03-2026,Friday,5,14:30,15:30,IRP,IRP2,F_SDM,2,MCA,B,403,102,72,70.59,75.49,1.0,Theory,No,No,No,Rainy,No,5.1,Afternoon,Provided - user uploaded timetable,Synthetic development data
28-03-2026,Saturday,1,11:15,12:15,Training And Placement / Mini Project Training,P201,TBD,2,MCA,B,403,102,63,61.76,70.59,20.75,Project,No,No,No,Sunny,No,,Morning,Provided - user uploaded timetable,Synthetic development data
30-03-2026,Monday,1,09:15,10:15,Cyber Security Practical,ITL21-CYBER,F_DPY_MSU_MLK_MST,2,MCA,B,401/402,102,91,89.22,61.76,46.0,Practical,No,No,No,Rainy,No,9.6,Morning,Provided - user uploaded timetable,Synthetic development data
30-03-2026,Monday,2,10:15,11:15,Cyber Security Practical,ITL21-CYBER,F_DPY_MSU_MLK_MST,2,MCA,B,401/402,102,83,81.37,89.22,1.0,Practical,No,No,No,Cloudy,No,12.4,Morning,Provided - user uploaded timetable,Synthetic development data
30-03-2026,Monday,3,11:15,12:15,Research Methodology,IT25,F_MLK,2,MCA,B,403,102,72,70.59,81.37,1.0,Theory,No,Yes,No,Sunny,No,6.9,Morning,Provided - user uploaded timetable,Synthetic development data
30-03-2026,Monday,4,13:30,14:30,Cyber Security,IT23,F_DPY,2,MCA,B,403,102,62,60.78,70.59,2.25,Theory,No,No,No,Cloudy,No,6.1,Afternoon,Provided - user uploaded timetable,Synthetic development data
30-03-2026,Monday,5,14:30,15:30,Club Activities,CLUB,TBD,2,MCA,B,403,102,58,56.86,60.78,1.0,Special Event,No,Yes,No,Cloudy,Yes,,Afternoon,Provided - user uploaded timetable,Synthetic development data
31-03-2026,Tuesday,1,09:15,10:15,Software Project Management,IT24,F_JSP_MST,2,MCA,B,403,102,87,85.29,56.86,18.75,Theory,No,No,No,Rainy,No,8.8,Morning,Provided - user uploaded timetable,Synthetic development data
31-03-2026,Tuesday,2,10:15,11:15,Full Stack Development,IT22,F_ASP_RSZ,2,MCA,B,403,102,75,73.53,85.29,1.0,Theory,No,No,No,Cloudy,No,5.9,Morning,Provided - user uploaded timetable,Synthetic development data
31-03-2026,Tuesday,3,11:15,12:15,Research Methodology,IT25,F_MLK,2,MCA,B,403,102,67,65.69,73.53,1.0,Theory,No,Yes,No,Cloudy,No,5.6,Morning,Provided - user uploaded timetable,Synthetic development data
31-03-2026,Tuesday,4,13:30,14:30,Mini Project - Faculty Interaction,ITC21,TBD,2,MCA,B,403,102,69,67.65,65.69,2.25,Project,No,No,No,Cloudy,No,,Afternoon,Provided - user uploaded timetable,Synthetic development data
31-03-2026,Tuesday,5,14:30,15:30,Mini Project - Faculty Interaction,ITC21,TBD,2,MCA,B,403,102,69,67.65,67.65,1.0,Project,No,No,No,Rainy,No,,Afternoon,Provided - user uploaded timetable,Synthetic development data
01-04-2026,Wednesday,1,09:15,10:15,Cyber Security,IT23,F_DPY,2,MCA,B,403,102,78,76.47,67.65,18.75,Theory,No,No,No,Cloudy,No,5.8,Morning,Provided - user uploaded timetable,Synthetic development data
01-04-2026,Wednesday,2,10:15,11:15,Software Project Management,IT24,F_JSP_MST,2,MCA,B,403,102,77,75.49,76.47,1.0,Theory,No,No,No,Rainy,No,12.2,Morning,Provided - user uploaded timetable,Synthetic development data
01-04-2026,Wednesday,3,11:15,12:15,Java Programming,IT21,F_VSN_SDM,2,MCA,B,403,102,74,72.55,75.49,1.0,Theory,No,No,No,Cloudy,No,6.7,Morning,Provided - user uploaded timetable,Synthetic development data
01-04-2026,Wednesday,4,13:30,14:30,Full Stack Development Practical,ITL21-FSD,F_ASP_RSZ_SP_KSD,2,MCA,B,401/402,102,94,92.16,72.55,2.25,Practical,No,No,No,Rainy,No,4.3,Afternoon,Provided - user uploaded timetable,Synthetic development data
01-04-2026,Wednesday,5,14:30,15:30,Full Stack Development Practical,ITL21-FSD,F_ASP_RSZ_SP_KSD,2,MCA,B,401/402,102,81,79.41,92.16,1.0,Practical,No,Yes,No,Rainy,No,8.0,Afternoon,Provided - user uploaded timetable,Synthetic development data
02-04-2026,Thursday,1,09:15,10:15,Java Programming,IT21,F_VSN_SDM,2,MCA,B,403,102,71,69.61,79.41,18.75,Theory,No,No,Yes,Rainy,No,7.4,Morning,Provided - user uploaded timetable,Synthetic development data
02-04-2026,Thursday,2,10:15,11:15,Research Methodology,IT25,F_MLK,2,MCA,B,403,102,68,66.67,69.61,1.0,Theory,Yes,No,Yes,Rainy,No,13.6,Morning,Provided - user uploaded timetable,Synthetic development data
02-04-2026,Thursday,3,11:15,12:15,Full Stack Development,IT22,F_ASP_RSZ,2,MCA,B,403,102,68,66.67,66.67,1.0,Theory,No,No,Yes,Sunny,No,3.4,Morning,Provided - user uploaded timetable,Synthetic development data
02-04-2026,Thursday,4,13:30,14:30,Java Practical,ITL21-JAVA,F_SDM_VSN_KSD_SSP,2,MCA,B,401/402,102,71,69.61,66.67,2.25,Practical,No,No,Yes,Sunny,No,10.4,Afternoon,Provided - user uploaded timetable,Synthetic development data
02-04-2026,Thursday,5,14:30,15:30,Java Practical,ITL21-JAVA,F_SDM_VSN_KSD_SSP,2,MCA,B,401/402,102,75,73.53,69.61,1.0,Practical,Yes,No,Yes,Rainy,No,10.4,Afternoon,Provided - user uploaded timetable,Synthetic development data
04-04-2026,Saturday,1,11:15,12:15,Training And Placement / Mini Project Training,P201,TBD,2,MCA,B,403,102,67,65.69,73.53,44.75,Project,No,Yes,Yes,Sunny,No,,Morning,Provided - user uploaded timetable,Synthetic development data
06-04-2026,Monday,1,09:15,10:15,Cyber Security Practical,ITL21-CYBER,F_DPY_MSU_MLK_MST,2,MCA,B,401/402,102,82,80.39,65.69,46.0,Practical,No,No,No,Cloudy,No,8.2,Morning,Provided - user uploaded timetable,Synthetic development data
06-04-2026,Monday,2,10:15,11:15,Cyber Security Practical,ITL21-CYBER,F_DPY_MSU_MLK_MST,2,MCA,B,401/402,102,76,74.51,80.39,1.0,Practical,No,No,No,Cloudy,No,2.9,Morning,Provided - user uploaded timetable,Synthetic development data
06-04-2026,Monday,3,11:15,12:15,Research Methodology,IT25,F_MLK,2,MCA,B,403,102,70,68.63,74.51,1.0,Theory,Yes,No,No,Sunny,No,13.0,Morning,Provided - user uploaded timetable,Synthetic development data
06-04-2026,Monday,4,13:30,14:30,Cyber Security,IT23,F_DPY,2,MCA,B,403,102,62,60.78,68.63,2.25,Theory,No,No,No,Sunny,No,14.1,Afternoon,Provided - user uploaded timetable,Synthetic development data
06-04-2026,Monday,5,14:30,15:30,Club Activities,CLUB,TBD,2,MCA,B,403,102,75,73.53,60.78,1.0,Special Event,No,No,No,Rainy,Yes,,Afternoon,Provided - user uploaded timetable,Synthetic development data
07-04-2026,Tuesday,1,09:15,10:15,Software Project Management,IT24,F_JSP_MST,2,MCA,B,403,102,81,79.41,73.53,18.75,Theory,No,No,No,Cloudy,No,6.2,Morning,Provided - user uploaded timetable,Synthetic development data
07-04-2026,Tuesday,2,10:15,11:15,Full Stack Development,IT22,F_ASP_RSZ,2,MCA,B,403,102,70,68.63,79.41,1.0,Theory,No,No,No,Cloudy,No,8.9,Morning,Provided - user uploaded timetable,Synthetic development data
07-04-2026,Tuesday,3,11:15,12:15,Research Methodology,IT25,F_MLK,2,MCA,B,403,102,78,76.47,68.63,1.0,Theory,No,No,No,Rainy,No,7.1,Morning,Provided - user uploaded timetable,Synthetic development data
07-04-2026,Tuesday,4,13:30,14:30,Mini Project - Faculty Interaction,ITC21,TBD,2,MCA,B,403,102,69,67.65,76.47,2.25,Project,No,No,No,Cloudy,No,,Afternoon,Provided - user uploaded timetable,Synthetic development data
07-04-2026,Tuesday,5,14:30,15:30,Mini Project - Faculty Interaction,ITC21,TBD,2,MCA,B,403,102,68,66.67,67.65,1.0,Project,No,No,No,Rainy,No,,Afternoon,Provided - user uploaded timetable,Synthetic development data
08-04-2026,Wednesday,1,09:15,10:15,Cyber Security,IT23,F_DPY,2,MCA,B,403,102,76,74.51,66.67,18.75,Theory,No,No,No,Cloudy,No,12.9,Morning,Provided - user uploaded timetable,Synthetic development data
08-04-2026,Wednesday,2,10:15,11:15,Software Project Management,IT24,F_JSP_MST,2,MCA,B,403,102,82,80.39,74.51,1.0,Theory,No,No,No,Sunny,No,8.3,Morning,Provided - user uploaded timetable,Synthetic development data
08-04-2026,Wednesday,3,11:15,12:15,Java Programming,IT21,F_VSN_SDM,2,MCA,B,403,102,78,76.47,80.39,1.0,Theory,No,No,No,Rainy,No,8.6,Morning,Provided - user uploaded timetable,Synthetic development data
08-04-2026,Wednesday,4,13:30,14:30,Full Stack Development Practical,ITL21-FSD,F_ASP_RSZ_SP_KSD,2,MCA,B,401/402,102,82,80.39,76.47,2.25,Practical,No,No,No,Cloudy,No,11.2,Afternoon,Provided - user uploaded timetable,Synthetic development data
08-04-2026,Wednesday,5,14:30,15:30,Full Stack Development Practical,ITL21-FSD,F_ASP_RSZ_SP_KSD,2,MCA,B,401/402,102,74,72.55,80.39,1.0,Practical,No,No,No,Rainy,No,2.4,Afternoon,Provided - user uploaded timetable,Synthetic development data
09-04-2026,Thursday,1,09:15,10:15,Java Programming,IT21,F_VSN_SDM,2,MCA,B,403,102,72,70.59,72.55,18.75,Theory,No,No,No,Rainy,No,12.8,Morning,Provided - user uploaded timetable,Synthetic development data
09-04-2026,Thursday,2,10:15,11:15,Research Methodology,IT25,F_MLK,2,MCA,B,403,102,67,65.69,70.59,1.0,Theory,No,No,No,Sunny,No,7.8,Morning,Provided - user uploaded timetable,Synthetic development data
09-04-2026,Thursday,3,11:15,12:15,Full Stack Development,IT22,F_ASP_RSZ,2,MCA,B,403,102,80,78.43,65.69,1.0,Theory,No,No,No,Cloudy,No,13.2,Morning,Provided - user uploaded timetable,Synthetic development data
09-04-2026,Thursday,4,13:30,14:30,Java Practical,ITL21-JAVA,F_SDM_VSN_KSD_SSP,2,MCA,B,401/402,102,74,72.55,78.43,2.25,Practical,No,No,No,Sunny,No,12.5,Afternoon,Provided - user uploaded timetable,Synthetic development data
09-04-2026,Thursday,5,14:30,15:30,Java Practical,ITL21-JAVA,F_SDM_VSN_KSD_SSP,2,MCA,B,401/402,102,90,88.24,72.55,1.0,Practical,No,No,No,Rainy,No,9.9,Afternoon,Provided - user uploaded timetable,Synthetic development data
10-04-2026,Friday,1,09:15,10:15,Software Project Management,IT24,F_JSP_MST,2,MCA,B,403,102,81,79.41,88.24,18.75,Theory,No,No,No,Cloudy,No,13.9,Morning,Provided - user uploaded timetable,Synthetic development data
10-04-2026,Friday,2,10:15,11:15,Java Programming,IT21,F_VSN_SDM,2,MCA,B,403,102,79,77.45,79.41,1.0,Theory,No,No,No,Sunny,No,11.1,Morning,Provided - user uploaded timetable,Synthetic development data
10-04-2026,Friday,3,11:15,12:15,Full Stack Development,IT22,F_ASP_RSZ,2,MCA,B,403,102,82,80.39,77.45,1.0,Theory,No,No,No,Cloudy,No,12.8,Morning,Provided - user uploaded timetable,Synthetic development data
10-04-2026,Friday,4,13:30,14:30,Cyber Security,IT23,F_DPY,2,MCA,B,403,102,68,66.67,80.39,2.25,Theory,No,No,No,Cloudy,No,3.8,Afternoon,Provided - user uploaded timetable,Synthetic development data
10-04-2026,Friday,5,14:30,15:30,IRP,IRP2,F_SDM,2,MCA,B,403,102,66,64.71,66.67,1.0,Theory,No,No,No,Cloudy,No,7.9,Afternoon,Provided - user uploaded timetable,Synthetic development data
11-04-2026,Saturday,1,11:15,12:15,Training And Placement / Mini Project Training,P201,TBD,2,MCA,B,403,102,65,63.73,64.71,20.75,Project,No,No,No,Rainy,No,,Morning,Provided - user uploaded timetable,Synthetic development data
13-04-2026,Monday,1,09:15,10:15,Cyber Security Practical,ITL21-CYBER,F_DPY_MSU_MLK_MST,2,MCA,B,401/402,102,83,81.37,63.73,46.0,Practical,No,No,No,Rainy,No,13.1,Morning,Provided - user uploaded timetable,Synthetic development data
13-04-2026,Monday,2,10:15,11:15,Cyber Security Practical,ITL21-CYBER,F_DPY_MSU_MLK_MST,2,MCA,B,401/402,102,84,82.35,81.37,1.0,Practical,No,No,No,Sunny,No,2.6,Morning,Provided - user uploaded timetable,Synthetic development data
13-04-2026,Monday,3,11:15,12:15,Research Methodology,IT25,F_MLK,2,MCA,B,403,102,76,74.51,82.35,1.0,Theory,No,No,No,Sunny,No,3.6,Morning,Provided - user uploaded timetable,Synthetic development data
13-04-2026,Monday,4,13:30,14:30,Cyber Security,IT23,F_DPY,2,MCA,B,403,102,65,63.73,74.51,2.25,Theory,No,No,No,Sunny,No,14.9,Afternoon,Provided - user uploaded timetable,Synthetic development data
13-04-2026,Monday,5,14:30,15:30,Club Activities,CLUB,TBD,2,MCA,B,403,102,62,60.78,63.73,1.0,Special Event,No,No,No,Sunny,Yes,,Afternoon,Provided - user uploaded timetable,Synthetic development data
14-04-2026,Tuesday,1,09:15,10:15,Software Project Management,IT24,F_JSP_MST,2,MCA,B,403,102,81,79.41,60.78,18.75,Theory,No,No,No,Sunny,No,11.0,Morning,Provided - user uploaded timetable,Synthetic development data
14-04-2026,Tuesday,2,10:15,11:15,Full Stack Development,IT22,F_ASP_RSZ,2,MCA,B,403,102,78,76.47,79.41,1.0,Theory,No,No,No,Cloudy,No,11.0,Morning,Provided - user uploaded timetable,Synthetic development data
14-04-2026,Tuesday,3,11:15,12:15,Research Methodology,IT25,F_MLK,2,MCA,B,403,102,79,77.45,76.47,1.0,Theory,No,No,No,Sunny,No,11.5,Morning,Provided - user uploaded timetable,Synthetic development data
14-04-2026,Tuesday,4,13:30,14:30,Mini Project - Faculty Interaction,ITC21,TBD,2,MCA,B,403,102,79,77.45,77.45,2.25,Project,No,No,No,Cloudy,No,,Afternoon,Provided - user uploaded timetable,Synthetic development data
14-04-2026,Tuesday,5,14:30,15:30,Mini Project - Faculty Interaction,ITC21,TBD,2,MCA,B,403,102,76,74.51,77.45,1.0,Project,No,No,No,Sunny,No,,Afternoon,Provided - user uploaded timetable,Synthetic development data
15-04-2026,Wednesday,1,09:15,10:15,Cyber Security,IT23,F_DPY,2,MCA,B,403,102,69,67.65,74.51,18.75,Theory,No,No,No,Cloudy,No,10.4,Morning,Provided - user uploaded timetable,Synthetic development data
15-04-2026,Wednesday,2,10:15,11:15,Software Project Management,IT24,F_JSP_MST,2,MCA,B,403,102,79,77.45,67.65,1.0,Theory,No,No,No,Rainy,No,9.9,Morning,Provided - user uploaded timetable,Synthetic development data
15-04-2026,Wednesday,3,11:15,12:15,Java Programming,IT21,F_VSN_SDM,2,MCA,B,403,102,76,74.51,77.45,1.0,Theory,No,No,No,Rainy,No,13.4,Morning,Provided - user uploaded timetable,Synthetic development data
15-04-2026,Wednesday,4,13:30,14:30,Full Stack Development Practical,ITL21-FSD,F_ASP_RSZ_SP_KSD,2,MCA,B,401/402,102,77,75.49,74.51,2.25,Practical,No,No,No,Sunny,No,11.7,Afternoon,Provided - user uploaded timetable,Synthetic development data
15-04-2026,Wednesday,5,14:30,15:30,Full Stack Development Practical,ITL21-FSD,F_ASP_RSZ_SP_KSD,2,MCA,B,401/402,102,73,71.57,75.49,1.0,Practical,No,Yes,No,Sunny,No,8.4,Afternoon,Provided - user uploaded timetable,Synthetic development data
16-04-2026,Thursday,1,09:15,10:15,Java Programming,IT21,F_VSN_SDM,2,MCA,B,403,102,93,91.18,71.57,18.75,Theory,Yes,No,No,Sunny,No,14.3,Morning,Provided - user uploaded timetable,Synthetic development data
16-04-2026,Thursday,2,10:15,11:15,Research Methodology,IT25,F_MLK,2,MCA,B,403,102,77,75.49,91.18,1.0,Theory,No,No,No,Rainy,No,8.5,Morning,Provided - user uploaded timetable,Synthetic development data
16-04-2026,Thursday,3,11:15,12:15,Full Stack Development,IT22,F_ASP_RSZ,2,MCA,B,403,102,77,75.49,75.49,1.0,Theory,No,No,No,Sunny,No,10.3,Morning,Provided - user uploaded timetable,Synthetic development data
16-04-2026,Thursday,4,13:30,14:30,Java Practical,ITL21-JAVA,F_SDM_VSN_KSD_SSP,2,MCA,B,401/402,102,76,74.51,75.49,2.25,Practical,No,No,No,Sunny,No,6.0,Afternoon,Provided - user uploaded timetable,Synthetic development data
16-04-2026,Thursday,5,14:30,15:30,Java Practical,ITL21-JAVA,F_SDM_VSN_KSD_SSP,2,MCA,B,401/402,102,84,82.35,74.51,1.0,Practical,No,No,No,Sunny,No,9.0,Afternoon,Provided - user uploaded timetable,Synthetic development data
17-04-2026,Friday,1,09:15,10:15,Software Project Management,IT24,F_JSP_MST,2,MCA,B,403,102,75,73.53,82.35,18.75,Theory,Yes,No,No,Sunny,No,4.1,Morning,Provided - user uploaded timetable,Synthetic development data
17-04-2026,Friday,2,10:15,11:15,Java Programming,IT21,F_VSN_SDM,2,MCA,B,403,102,79,77.45,73.53,1.0,Theory,No,No,No,Rainy,No,5.4,Morning,Provided - user uploaded timetable,Synthetic development data
17-04-2026,Friday,3,11:15,12:15,Full Stack Development,IT22,F_ASP_RSZ,2,MCA,B,403,102,86,84.31,77.45,1.0,Theory,No,No,No,Cloudy,No,11.5,Morning,Provided - user uploaded timetable,Synthetic development data
17-04-2026,Friday,4,13:30,14:30,Cyber Security,IT23,F_DPY,2,MCA,B,403,102,64,62.75,84.31,2.25,Theory,No,No,No,Cloudy,No,12.5,Afternoon,Provided - user uploaded timetable,Synthetic development data
17-04-2026,Friday,5,14:30,15:30,IRP,IRP2,F_SDM,2,MCA,B,403,102,75,73.53,62.75,1.0,Theory,No,Yes,No,Rainy,No,14.7,Afternoon,Provided - user uploaded timetable,Synthetic development data
18-04-2026,Saturday,1,11:15,12:15,Training And Placement / Mini Project Training,P201,TBD,2,MCA,B,403,102,62,60.78,73.53,20.75,Project,No,No,No,Rainy,No,,Morning,Provided - user uploaded timetable,Synthetic development data
20-04-2026,Monday,1,09:15,10:15,Cyber Security Practical,ITL21-CYBER,F_DPY_MSU_MLK_MST,2,MCA,B,401/402,102,82,80.39,60.78,46.0,Practical,No,No,No,Cloudy,No,13.9,Morning,Provided - user uploaded timetable,Synthetic development data
20-04-2026,Monday,2,10:15,11:15,Cyber Security Practical,ITL21-CYBER,F_DPY_MSU_MLK_MST,2,MCA,B,401/402,102,83,81.37,80.39,1.0,Practical,No,No,No,Rainy,No,6.8,Morning,Provided - user uploaded timetable,Synthetic development data
20-04-2026,Monday,3,11:15,12:15,Research Methodology,IT25,F_MLK,2,MCA,B,403,102,78,76.47,81.37,1.0,Theory,No,No,No,Sunny,No,4.9,Morning,Provided - user uploaded timetable,Synthetic development data
20-04-2026,Monday,4,13:30,14:30,Cyber Security,IT23,F_DPY,2,MCA,B,403,102,68,66.67,76.47,2.25,Theory,No,Yes,No,Cloudy,No,2.9,Afternoon,Provided - user uploaded timetable,Synthetic development data
20-04-2026,Monday,5,14:30,15:30,Club Activities,CLUB,TBD,2,MCA,B,403,102,59,57.84,66.67,1.0,Special Event,No,No,No,Cloudy,Yes,,Afternoon,Provided - user uploaded timetable,Synthetic development data
21-04-2026,Tuesday,1,09:15,10:15,Software Project Management,IT24,F_JSP_MST,2,MCA,B,403,102,81,79.41,57.84,18.75,Theory,No,No,No,Rainy,No,13.4,Morning,Provided - user uploaded timetable,Synthetic development data
21-04-2026,Tuesday,2,10:15,11:15,Full Stack Development,IT22,F_ASP_RSZ,2,MCA,B,403,102,76,74.51,79.41,1.0,Theory,No,Yes,No,Rainy,No,6.9,Morning,Provided - user uploaded timetable,Synthetic development data
21-04-2026,Tuesday,3,11:15,12:15,Research Methodology,IT25,F_MLK,2,MCA,B,403,102,66,64.71,74.51,1.0,Theory,No,No,No,Sunny,No,8.9,Morning,Provided - user uploaded timetable,Synthetic development data
21-04-2026,Tuesday,4,13:30,14:30,Mini Project - Faculty Interaction,ITC21,TBD,2,MCA,B,403,102,73,71.57,64.71,2.25,Project,No,No,No,Sunny,No,,Afternoon,Provided - user uploaded timetable,Synthetic development data
21-04-2026,Tuesday,5,14:30,15:30,Mini Project - Faculty Interaction,ITC21,TBD,2,MCA,B,403,102,71,69.61,71.57,1.0,Project,No,No,No,Cloudy,No,,Afternoon,Provided - user uploaded timetable,Synthetic development data
22-04-2026,Wednesday,1,09:15,10:15,Cyber Security,IT23,F_DPY,2,MCA,B,403,102,76,74.51,69.61,18.75,Theory,No,No,No,Cloudy,No,5.0,Morning,Provided - user uploaded timetable,Synthetic development data
22-04-2026,Wednesday,2,10:15,11:15,Software Project Management,IT24,F_JSP_MST,2,MCA,B,403,102,79,77.45,74.51,1.0,Theory,No,No,No,Rainy,No,3.4,Morning,Provided - user uploaded timetable,Synthetic development data
22-04-2026,Wednesday,3,11:15,12:15,Java Programming,IT21,F_VSN_SDM,2,MCA,B,403,102,80,78.43,77.45,1.0,Theory,No,No,No,Cloudy,No,7.3,Morning,Provided - user uploaded timetable,Synthetic development data
22-04-2026,Wednesday,4,13:30,14:30,Full Stack Development Practical,ITL21-FSD,F_ASP_RSZ_SP_KSD,2,MCA,B,401/402,102,85,83.33,78.43,2.25,Practical,No,No,No,Sunny,No,7.9,Afternoon,Provided - user uploaded timetable,Synthetic development data
22-04-2026,Wednesday,5,14:30,15:30,Full Stack Development Practical,ITL21-FSD,F_ASP_RSZ_SP_KSD,2,MCA,B,401/402,102,78,76.47,83.33,1.0,Practical,No,No,No,Sunny,No,4.0,Afternoon,Provided - user uploaded timetable,Synthetic development data
23-04-2026,Thursday,1,09:15,10:15,Java Programming,IT21,F_VSN_SDM,2,MCA,B,403,102,77,75.49,76.47,18.75,Theory,No,Yes,No,Sunny,No,12.5,Morning,Provided - user uploaded timetable,Synthetic development data
23-04-2026,Thursday,2,10:15,11:15,Research Methodology,IT25,F_MLK,2,MCA,B,403,102,81,79.41,75.49,1.0,Theory,No,Yes,No,Sunny,No,3.7,Morning,Provided - user uploaded timetable,Synthetic development data
23-04-2026,Thursday,3,11:15,12:15,Full Stack Development,IT22,F_ASP_RSZ,2,MCA,B,403,102,72,70.59,79.41,1.0,Theory,No,No,No,Rainy,No,14.2,Morning,Provided - user uploaded timetable,Synthetic development data
23-04-2026,Thursday,4,13:30,14:30,Java Practical,ITL21-JAVA,F_SDM_VSN_KSD_SSP,2,MCA,B,401/402,102,80,78.43,70.59,2.25,Practical,No,No,No,Sunny,No,2.3,Afternoon,Provided - user uploaded timetable,Synthetic development data
23-04-2026,Thursday,5,14:30,15:30,Java Practical,ITL21-JAVA,F_SDM_VSN_KSD_SSP,2,MCA,B,401/402,102,78,76.47,78.43,1.0,Practical,Yes,No,No,Cloudy,No,12.5,Afternoon,Provided - user uploaded timetable,Synthetic development data
24-04-2026,Friday,1,09:15,10:15,Software Project Management,IT24,F_JSP_MST,2,MCA,B,403,102,83,81.37,76.47,18.75,Theory,Yes,No,No,Sunny,No,10.4,Morning,Provided - user uploaded timetable,Synthetic development data
24-04-2026,Friday,2,10:15,11:15,Java Programming,IT21,F_VSN_SDM,2,MCA,B,403,102,80,78.43,81.37,1.0,Theory,No,No,No,Cloudy,No,2.8,Morning,Provided - user uploaded timetable,Synthetic development data
24-04-2026,Friday,3,11:15,12:15,Full Stack Development,IT22,F_ASP_RSZ,2,MCA,B,403,102,82,80.39,78.43,1.0,Theory,No,No,No,Sunny,No,10.4,Morning,Provided - user uploaded timetable,Synthetic development data
24-04-2026,Friday,4,13:30,14:30,Cyber Security,IT23,F_DPY,2,MCA,B,403,102,65,63.73,80.39,2.25,Theory,No,No,No,Rainy,No,12.3,Afternoon,Provided - user uploaded timetable,Synthetic development data
24-04-2026,Friday,5,14:30,15:30,IRP,IRP2,F_SDM,2,MCA,B,403,102,72,70.59,63.73,1.0,Theory,No,No,No,Cloudy,No,8.2,Afternoon,Provided - user uploaded timetable,Synthetic development data
25-04-2026,Saturday,1,11:15,12:15,Training And Placement / Mini Project Training,P201,TBD,2,MCA,B,403,102,63,61.76,70.59,20.75,Project,No,No,No,Sunny,No,,Morning,Provided - user uploaded timetable,Synthetic development data
27-04-2026,Monday,1,09:15,10:15,Cyber Security Practical,ITL21-CYBER,F_DPY_MSU_MLK_MST,2,MCA,B,401/402,102,82,80.39,61.76,46.0,Practical,No,No,No,Sunny,No,5.1,Morning,Provided - user uploaded timetable,Synthetic development data
27-04-2026,Monday,2,10:15,11:15,Cyber Security Practical,ITL21-CYBER,F_DPY_MSU_MLK_MST,2,MCA,B,401/402,102,77,75.49,80.39,1.0,Practical,No,No,No,Cloudy,No,13.9,Morning,Provided - user uploaded timetable,Synthetic development data
27-04-2026,Monday,3,11:15,12:15,Research Methodology,IT25,F_MLK,2,MCA,B,403,102,70,68.63,75.49,1.0,Theory,Yes,No,No,Rainy,No,9.3,Morning,Provided - user uploaded timetable,Synthetic development data
27-04-2026,Monday,4,13:30,14:30,Cyber Security,IT23,F_DPY,2,MCA,B,403,102,62,60.78,68.63,2.25,Theory,No,No,No,Cloudy,No,9.0,Afternoon,Provided - user uploaded timetable,Synthetic development data
27-04-2026,Monday,5,14:30,15:30,Club Activities,CLUB,TBD,2,MCA,B,403,102,62,60.78,60.78,1.0,Special Event,No,Yes,No,Sunny,Yes,,Afternoon,Provided - user uploaded timetable,Synthetic development data
28-04-2026,Tuesday,1,09:15,10:15,Software Project Management,IT24,F_JSP_MST,2,MCA,B,403,102,77,75.49,60.78,18.75,Theory,No,No,No,Sunny,No,6.4,Morning,Provided - user uploaded timetable,Synthetic development data
28-04-2026,Tuesday,2,10:15,11:15,Full Stack Development,IT22,F_ASP_RSZ,2,MCA,B,403,102,76,74.51,75.49,1.0,Theory,No,No,No,Rainy,No,14.3,Morning,Provided - user uploaded timetable,Synthetic development data
28-04-2026,Tuesday,3,11:15,12:15,Research Methodology,IT25,F_MLK,2,MCA,B,403,102,78,76.47,74.51,1.0,Theory,No,No,No,Rainy,No,6.1,Morning,Provided - user uploaded timetable,Synthetic development data
28-04-2026,Tuesday,4,13:30,14:30,Mini Project - Faculty Interaction,ITC21,TBD,2,MCA,B,403,102,65,63.73,76.47,2.25,Project,No,No,No,Rainy,No,,Afternoon,Provided - user uploaded timetable,Synthetic development data
28-04-2026,Tuesday,5,14:30,15:30,Mini Project - Faculty Interaction,ITC21,TBD,2,MCA,B,403,102,72,70.59,63.73,1.0,Project,No,No,No,Rainy,No,,Afternoon,Provided - user uploaded timetable,Synthetic development data
29-04-2026,Wednesday,1,09:15,10:15,Cyber Security,IT23,F_DPY,2,MCA,B,403,102,70,68.63,70.59,18.75,Theory,Yes,No,No,Cloudy,No,4.2,Morning,Provided - user uploaded timetable,Synthetic development data
29-04-2026,Wednesday,2,10:15,11:15,Software Project Management,IT24,F_JSP_MST,2,MCA,B,403,102,75,73.53,68.63,1.0,Theory,No,Yes,No,Rainy,No,10.7,Morning,Provided - user uploaded timetable,Synthetic development data
29-04-2026,Wednesday,3,11:15,12:15,Java Programming,IT21,F_VSN_SDM,2,MCA,B,403,102,77,75.49,73.53,1.0,Theory,No,No,No,Sunny,No,5.4,Morning,Provided - user uploaded timetable,Synthetic development data
29-04-2026,Wednesday,4,13:30,14:30,Full Stack Development Practical,ITL21-FSD,F_ASP_RSZ_SP_KSD,2,MCA,B,401/402,102,77,75.49,75.49,2.25,Practical,No,Yes,No,Cloudy,No,12.2,Afternoon,Provided - user uploaded timetable,Synthetic development data
29-04-2026,Wednesday,5,14:30,15:30,Full Stack Development Practical,ITL21-FSD,F_ASP_RSZ_SP_KSD,2,MCA,B,401/402,102,87,85.29,75.49,1.0,Practical,No,Yes,No,Cloudy,No,11.5,Afternoon,Provided - user uploaded timetable,Synthetic development data
30-04-2026,Thursday,1,09:15,10:15,Java Programming,IT21,F_VSN_SDM,2,MCA,B,403,102,77,75.49,85.29,18.75,Theory,No,No,Yes,Rainy,No,3.0,Morning,Provided - user uploaded timetable,Synthetic development data
30-04-2026,Thursday,2,10:15,11:15,Research Methodology,IT25,F_MLK,2,MCA,B,403,102,69,67.65,75.49,1.0,Theory,No,No,Yes,Cloudy,No,9.7,Morning,Provided - user uploaded timetable,Synthetic development data
30-04-2026,Thursday,3,11:15,12:15,Full Stack Development,IT22,F_ASP_RSZ,2,MCA,B,403,102,63,61.76,67.65,1.0,Theory,No,No,Yes,Sunny,No,7.6,Morning,Provided - user uploaded timetable,Synthetic development data
30-04-2026,Thursday,4,13:30,14:30,Java Practical,ITL21-JAVA,F_SDM_VSN_KSD_SSP,2,MCA,B,401/402,102,82,80.39,61.76,2.25,Practical,No,No,Yes,Cloudy,No,4.0,Afternoon,Provided - user uploaded timetable,Synthetic development data
30-04-2026,Thursday,5,14:30,15:30,Java Practical,ITL21-JAVA,F_SDM_VSN_KSD_SSP,2,MCA,B,401/402,102,84,82.35,80.39,1.0,Practical,No,No,Yes,Sunny,No,7.3,Afternoon,Provided - user uploaded timetable,Synthetic development data
02-05-2026,Saturday,1,11:15,12:15,Training And Placement / Mini Project Training,P201,TBD,2,MCA,B,403,102,57,55.88,82.35,44.75,Project,No,No,Yes,Sunny,No,,Morning,Provided - user uploaded timetable,Synthetic development data
04-05-2026,Monday,1,09:15,10:15,Cyber Security Practical,ITL21-CYBER,F_DPY_MSU_MLK_MST,2,MCA,B,401/402,102,80,78.43,55.88,46.0,Practical,No,No,No,Rainy,No,9.1,Morning,Provided - user uploaded timetable,Synthetic development data
04-05-2026,Monday,2,10:15,11:15,Cyber Security Practical,ITL21-CYBER,F_DPY_MSU_MLK_MST,2,MCA,B,401/402,102,77,75.49,78.43,1.0,Practical,No,No,No,Cloudy,No,4.4,Morning,Provided - user uploaded timetable,Synthetic development data
04-05-2026,Monday,3,11:15,12:15,Research Methodology,IT25,F_MLK,2,MCA,B,403,102,71,69.61,75.49,1.0,Theory,Yes,No,No,Cloudy,No,4.9,Morning,Provided - user uploaded timetable,Synthetic development data
04-05-2026,Monday,4,13:30,14:30,Cyber Security,IT23,F_DPY,2,MCA,B,403,102,67,65.69,69.61,2.25,Theory,No,Yes,No,Rainy,No,10.7,Afternoon,Provided - user uploaded timetable,Synthetic development data
04-05-2026,Monday,5,14:30,15:30,Club Activities,CLUB,TBD,2,MCA,B,403,102,75,73.53,65.69,1.0,Special Event,No,No,No,Rainy,Yes,,Afternoon,Provided - user uploaded timetable,Synthetic development data
05-05-2026,Tuesday,1,09:15,10:15,Software Project Management,IT24,F_JSP_MST,2,MCA,B,403,102,76,74.51,73.53,18.75,Theory,No,No,No,Cloudy,No,4.2,Morning,Provided - user uploaded timetable,Synthetic development data
05-05-2026,Tuesday,2,10:15,11:15,Full Stack Development,IT22,F_ASP_RSZ,2,MCA,B,403,102,74,72.55,74.51,1.0,Theory,No,No,No,Sunny,No,3.6,Morning,Provided - user uploaded timetable,Synthetic development data
05-05-2026,Tuesday,3,11:15,12:15,Research Methodology,IT25,F_MLK,2,MCA,B,403,102,80,78.43,72.55,1.0,Theory,No,No,No,Cloudy,No,4.6,Morning,Provided - user uploaded timetable,Synthetic development data
05-05-2026,Tuesday,4,13:30,14:30,Mini Project - Faculty Interaction,ITC21,TBD,2,MCA,B,403,102,74,72.55,78.43,2.25,Project,No,No,No,Rainy,No,,Afternoon,Provided - user uploaded timetable,Synthetic development data
05-05-2026,Tuesday,5,14:30,15:30,Mini Project - Faculty Interaction,ITC21,TBD,2,MCA,B,403,102,80,78.43,72.55,1.0,Project,No,No,No,Sunny,No,,Afternoon,Provided - user uploaded timetable,Synthetic development data
06-05-2026,Wednesday,1,09:15,10:15,Cyber Security,IT23,F_DPY,2,MCA,B,403,102,75,73.53,78.43,18.75,Theory,No,No,No,Cloudy,No,13.4,Morning,Provided - user uploaded timetable,Synthetic development data
06-05-2026,Wednesday,2,10:15,11:15,Software Project Management,IT24,F_JSP_MST,2,MCA,B,403,102,84,82.35,73.53,1.0,Theory,No,No,No,Rainy,No,9.9,Morning,Provided - user uploaded timetable,Synthetic development data
06-05-2026,Wednesday,3,11:15,12:15,Java Programming,IT21,F_VSN_SDM,2,MCA,B,403,102,86,84.31,82.35,1.0,Theory,Yes,No,No,Sunny,No,10.0,Morning,Provided - user uploaded timetable,Synthetic development data
06-05-2026,Wednesday,4,13:30,14:30,Full Stack Development Practical,ITL21-FSD,F_ASP_RSZ_SP_KSD,2,MCA,B,401/402,102,88,86.27,84.31,2.25,Practical,No,No,No,Cloudy,No,13.6,Afternoon,Provided - user uploaded timetable,Synthetic development data
06-05-2026,Wednesday,5,14:30,15:30,Full Stack Development Practical,ITL21-FSD,F_ASP_RSZ_SP_KSD,2,MCA,B,401/402,102,84,82.35,86.27,1.0,Practical,No,No,No,Rainy,No,8.2,Afternoon,Provided - user uploaded timetable,Synthetic development data
07-05-2026,Thursday,1,09:15,10:15,Java Programming,IT21,F_VSN_SDM,2,MCA,B,403,102,78,76.47,82.35,18.75,Theory,No,No,No,Cloudy,No,11.6,Morning,Provided - user uploaded timetable,Synthetic development data
07-05-2026,Thursday,2,10:15,11:15,Research Methodology,IT25,F_MLK,2,MCA,B,403,102,75,73.53,76.47,1.0,Theory,No,No,No,Sunny,No,8.7,Morning,Provided - user uploaded timetable,Synthetic development data
07-05-2026,Thursday,3,11:15,12:15,Full Stack Development,IT22,F_ASP_RSZ,2,MCA,B,403,102,83,81.37,73.53,1.0,Theory,No,No,No,Rainy,No,7.2,Morning,Provided - user uploaded timetable,Synthetic development data
07-05-2026,Thursday,4,13:30,14:30,Java Practical,ITL21-JAVA,F_SDM_VSN_KSD_SSP,2,MCA,B,401/402,102,82,80.39,81.37,2.25,Practical,No,No,No,Rainy,No,2.4,Afternoon,Provided - user uploaded timetable,Synthetic development data
07-05-2026,Thursday,5,14:30,15:30,Java Practical,ITL21-JAVA,F_SDM_VSN_KSD_SSP,2,MCA,B,401/402,102,81,79.41,80.39,1.0,Practical,No,No,No,Sunny,No,5.2,Afternoon,Provided - user uploaded timetable,Synthetic development data
08-05-2026,Friday,1,09:15,10:15,Software Project Management,IT24,F_JSP_MST,2,MCA,B,403,102,80,78.43,79.41,18.75,Theory,No,No,No,Rainy,No,3.2,Morning,Provided - user uploaded timetable,Synthetic development data
08-05-2026,Friday,2,10:15,11:15,Java Programming,IT21,F_VSN_SDM,2,MCA,B,403,102,81,79.41,78.43,1.0,Theory,Yes,Yes,No,Rainy,No,12.1,Morning,Provided - user uploaded timetable,Synthetic development data
08-05-2026,Friday,3,11:15,12:15,Full Stack Development,IT22,F_ASP_RSZ,2,MCA,B,403,102,85,83.33,79.41,1.0,Theory,No,No,No,Sunny,No,10.8,Morning,Provided - user uploaded timetable,Synthetic development data
08-05-2026,Friday,4,13:30,14:30,Cyber Security,IT23,F_DPY,2,MCA,B,403,102,67,65.69,83.33,2.25,Theory,No,No,No,Sunny,No,13.2,Afternoon,Provided - user uploaded timetable,Synthetic development data
08-05-2026,Friday,5,14:30,15:30,IRP,IRP2,F_SDM,2,MCA,B,403,102,67,65.69,65.69,1.0,Theory,No,No,No,Cloudy,No,13.8,Afternoon,Provided - user uploaded timetable,Synthetic development data
09-05-2026,Saturday,1,11:15,12:15,Training And Placement / Mini Project Training,P201,TBD,2,MCA,B,403,102,66,64.71,65.69,20.75,Project,No,No,No,Cloudy,No,,Morning,Provided - user uploaded timetable,Synthetic development data
11-05-2026,Monday,1,09:15,10:15,Cyber Security Practical,ITL21-CYBER,F_DPY_MSU_MLK_MST,2,MCA,B,401/402,102,80,78.43,64.71,46.0,Practical,No,Yes,No,Sunny,No,6.4,Morning,Provided - user uploaded timetable,Synthetic development data
11-05-2026,Monday,2,10:15,11:15,Cyber Security Practical,ITL21-CYBER,F_DPY_MSU_MLK_MST,2,MCA,B,401/402,102,90,88.24,78.43,1.0,Practical,No,No,No,Cloudy,No,5.4,Morning,Provided - user uploaded timetable,Synthetic development data
11-05-2026,Monday,3,11:15,12:15,Research Methodology,IT25,F_MLK,2,MCA,B,403,102,67,65.69,88.24,1.0,Theory,No,No,No,Cloudy,No,4.4,Morning,Provided - user uploaded timetable,Synthetic development data
11-05-2026,Monday,4,13:30,14:30,Cyber Security,IT23,F_DPY,2,MCA,B,403,102,64,62.75,65.69,2.25,Theory,No,No,No,Sunny,No,12.5,Afternoon,Provided - user uploaded timetable,Synthetic development data
11-05-2026,Monday,5,14:30,15:30,Club Activities,CLUB,TBD,2,MCA,B,403,102,68,66.67,62.75,1.0,Special Event,No,No,No,Rainy,Yes,,Afternoon,Provided - user uploaded timetable,Synthetic development data
12-05-2026,Tuesday,1,09:15,10:15,Software Project Management,IT24,F_JSP_MST,2,MCA,B,403,102,67,65.69,66.67,18.75,Theory,No,No,No,Rainy,No,13.4,Morning,Provided - user uploaded timetable,Synthetic development data
12-05-2026,Tuesday,2,10:15,11:15,Full Stack Development,IT22,F_ASP_RSZ,2,MCA,B,403,102,79,77.45,65.69,1.0,Theory,No,Yes,No,Sunny,No,11.6,Morning,Provided - user uploaded timetable,Synthetic development data
12-05-2026,Tuesday,3,11:15,12:15,Research Methodology,IT25,F_MLK,2,MCA,B,403,102,72,70.59,77.45,1.0,Theory,No,No,No,Sunny,No,14.3,Morning,Provided - user uploaded timetable,Synthetic development data
12-05-2026,Tuesday,4,13:30,14:30,Mini Project - Faculty Interaction,ITC21,TBD,2,MCA,B,403,102,65,63.73,70.59,2.25,Project,No,No,No,Sunny,No,,Afternoon,Provided - user uploaded timetable,Synthetic development data
12-05-2026,Tuesday,5,14:30,15:30,Mini Project - Faculty Interaction,ITC21,TBD,2,MCA,B,403,102,74,72.55,63.73,1.0,Project,No,No,No,Cloudy,No,,Afternoon,Provided - user uploaded timetable,Synthetic development data
13-05-2026,Wednesday,1,09:15,10:15,Cyber Security,IT23,F_DPY,2,MCA,B,403,102,72,70.59,72.55,18.75,Theory,No,No,No,Rainy,No,13.6,Morning,Provided - user uploaded timetable,Synthetic development data
13-05-2026,Wednesday,2,10:15,11:15,Software Project Management,IT24,F_JSP_MST,2,MCA,B,403,102,88,86.27,70.59,1.0,Theory,No,No,No,Rainy,No,4.3,Morning,Provided - user uploaded timetable,Synthetic development data
13-05-2026,Wednesday,3,11:15,12:15,Java Programming,IT21,F_VSN_SDM,2,MCA,B,403,102,74,72.55,86.27,1.0,Theory,No,No,No,Sunny,No,6.1,Morning,Provided - user uploaded timetable,Synthetic development data
13-05-2026,Wednesday,4,13:30,14:30,Full Stack Development Practical,ITL21-FSD,F_ASP_RSZ_SP_KSD,2,MCA,B,401/402,102,73,71.57,72.55,2.25,Practical,Yes,No,No,Sunny,No,11.9,Afternoon,Provided - user uploaded timetable,Synthetic development data
13-05-2026,Wednesday,5,14:30,15:30,Full Stack Development Practical,ITL21-FSD,F_ASP_RSZ_SP_KSD,2,MCA,B,401/402,102,77,75.49,71.57,1.0,Practical,No,No,No,Cloudy,No,12.2,Afternoon,Provided - user uploaded timetable,Synthetic development data
14-05-2026,Thursday,1,09:15,10:15,Java Programming,IT21,F_VSN_SDM,2,MCA,B,403,102,87,85.29,75.49,18.75,Theory,No,No,No,Sunny,No,7.0,Morning,Provided - user uploaded timetable,Synthetic development data
14-05-2026,Thursday,2,10:15,11:15,Research Methodology,IT25,F_MLK,2,MCA,B,403,102,74,72.55,85.29,1.0,Theory,No,No,No,Sunny,No,5.9,Morning,Provided - user uploaded timetable,Synthetic development data
14-05-2026,Thursday,3,11:15,12:15,Full Stack Development,IT22,F_ASP_RSZ,2,MCA,B,403,102,82,80.39,72.55,1.0,Theory,No,No,No,Rainy,No,8.8,Morning,Provided - user uploaded timetable,Synthetic development data
14-05-2026,Thursday,4,13:30,14:30,Java Practical,ITL21-JAVA,F_SDM_VSN_KSD_SSP,2,MCA,B,401/402,102,82,80.39,80.39,2.25,Practical,No,No,No,Sunny,No,6.5,Afternoon,Provided - user uploaded timetable,Synthetic development data
14-05-2026,Thursday,5,14:30,15:30,Java Practical,ITL21-JAVA,F_SDM_VSN_KSD_SSP,2,MCA,B,401/402,102,83,81.37,80.39,1.0,Practical,No,No,No,Sunny,No,4.1,Afternoon,Provided - user uploaded timetable,Synthetic development data
15-05-2026,Friday,1,09:15,10:15,Software Project Management,IT24,F_JSP_MST,2,MCA,B,403,102,82,80.39,81.37,18.75,Theory,No,No,No,Rainy,No,12.9,Morning,Provided - user uploaded timetable,Synthetic development data
15-05-2026,Friday,2,10:15,11:15,Java Programming,IT21,F_VSN_SDM,2,MCA,B,403,102,79,77.45,80.39,1.0,Theory,Yes,Yes,No,Cloudy,No,6.9,Morning,Provided - user uploaded timetable,Synthetic development data
15-05-2026,Friday,3,11:15,12:15,Full Stack Development,IT22,F_ASP_RSZ,2,MCA,B,403,102,84,82.35,77.45,1.0,Theory,No,No,No,Sunny,No,4.7,Morning,Provided - user uploaded timetable,Synthetic development data
15-05-2026,Friday,4,13:30,14:30,Cyber Security,IT23,F_DPY,2,MCA,B,403,102,64,62.75,82.35,2.25,Theory,No,Yes,No,Cloudy,No,10.6,Afternoon,Provided - user uploaded timetable,Synthetic development data
15-05-2026,Friday,5,14:30,15:30,IRP,IRP2,F_SDM,2,MCA,B,403,102,74,72.55,62.75,1.0,Theory,No,No,No,Rainy,No,11.1,Afternoon,Provided - user uploaded timetable,Synthetic development data
16-05-2026,Saturday,1,11:15,12:15,Training And Placement / Mini Project Training,P201,TBD,2,MCA,B,403,102,58,56.86,72.55,20.75,Project,No,Yes,No,Sunny,No,,Morning,Provided - user uploaded timetable,Synthetic development data
18-05-2026,Monday,1,09:15,10:15,Cyber Security Practical,ITL21-CYBER,F_DPY_MSU_MLK_MST,2,MCA,B,401/402,102,74,72.55,56.86,46.0,Practical,No,No,No,Sunny,No,12.1,Morning,Provided - user uploaded timetable,Synthetic development data
18-05-2026,Monday,2,10:15,11:15,Cyber Security Practical,ITL21-CYBER,F_DPY_MSU_MLK_MST,2,MCA,B,401/402,102,81,79.41,72.55,1.0,Practical,Yes,No,No,Cloudy,No,10.4,Morning,Provided - user uploaded timetable,Synthetic development data
18-05-2026,Monday,3,11:15,12:15,Research Methodology,IT25,F_MLK,2,MCA,B,403,102,62,60.78,79.41,1.0,Theory,No,No,No,Cloudy,No,8.0,Morning,Provided - user uploaded timetable,Synthetic development data
18-05-2026,Monday,4,13:30,14:30,Cyber Security,IT23,F_DPY,2,MCA,B,403,102,59,57.84,60.78,2.25,Theory,No,No,No,Sunny,No,13.1,Afternoon,Provided - user uploaded timetable,Synthetic development data
18-05-2026,Monday,5,14:30,15:30,Club Activities,CLUB,TBD,2,MCA,B,403,102,70,68.63,57.84,1.0,Special Event,No,No,No,Cloudy,Yes,,Afternoon,Provided - user uploaded timetable,Synthetic development data
19-05-2026,Tuesday,1,09:15,10:15,Software Project Management,IT24,F_JSP_MST,2,MCA,B,403,102,73,71.57,68.63,18.75,Theory,No,No,No,Sunny,No,3.5,Morning,Provided - user uploaded timetable,Synthetic development data
19-05-2026,Tuesday,2,10:15,11:15,Full Stack Development,IT22,F_ASP_RSZ,2,MCA,B,403,102,84,82.35,71.57,1.0,Theory,No,Yes,No,Sunny,No,3.3,Morning,Provided - user uploaded timetable,Synthetic development data
19-05-2026,Tuesday,3,11:15,12:15,Research Methodology,IT25,F_MLK,2,MCA,B,403,102,79,77.45,82.35,1.0,Theory,No,No,No,Rainy,No,10.8,Morning,Provided - user uploaded timetable,Synthetic development data
19-05-2026,Tuesday,4,13:30,14:30,Mini Project - Faculty Interaction,ITC21,TBD,2,MCA,B,403,102,69,67.65,77.45,2.25,Project,No,No,No,Cloudy,No,,Afternoon,Provided - user uploaded timetable,Synthetic development data
19-05-2026,Tuesday,5,14:30,15:30,Mini Project - Faculty Interaction,ITC21,TBD,2,MCA,B,403,102,71,69.61,67.65,1.0,Project,No,No,No,Rainy,No,,Afternoon,Provided - user uploaded timetable,Synthetic development data
20-05-2026,Wednesday,1,09:15,10:15,Cyber Security,IT23,F_DPY,2,MCA,B,403,102,71,69.61,69.61,18.75,Theory,No,No,No,Cloudy,No,10.6,Morning,Provided - user uploaded timetable,Synthetic development data
20-05-2026,Wednesday,2,10:15,11:15,Software Project Management,IT24,F_JSP_MST,2,MCA,B,403,102,88,86.27,69.61,1.0,Theory,No,No,No,Rainy,No,13.6,Morning,Provided - user uploaded timetable,Synthetic development data
20-05-2026,Wednesday,3,11:15,12:15,Java Programming,IT21,F_VSN_SDM,2,MCA,B,403,102,83,81.37,86.27,1.0,Theory,No,Yes,No,Sunny,No,8.6,Morning,Provided - user uploaded timetable,Synthetic development data
20-05-2026,Wednesday,4,13:30,14:30,Full Stack Development Practical,ITL21-FSD,F_ASP_RSZ_SP_KSD,2,MCA,B,401/402,102,78,76.47,81.37,2.25,Practical,No,No,No,Sunny,No,3.0,Afternoon,Provided - user uploaded timetable,Synthetic development data
20-05-2026,Wednesday,5,14:30,15:30,Full Stack Development Practical,ITL21-FSD,F_ASP_RSZ_SP_KSD,2,MCA,B,401/402,102,84,82.35,76.47,1.0,Practical,No,No,No,Cloudy,No,2.7,Afternoon,Provided - user uploaded timetable,Synthetic development data
21-05-2026,Thursday,1,09:15,10:15,Java Programming,IT21,F_VSN_SDM,2,MCA,B,403,102,82,80.39,82.35,18.75,Theory,No,No,No,Rainy,No,6.0,Morning,Provided - user uploaded timetable,Synthetic development data
21-05-2026,Thursday,2,10:15,11:15,Research Methodology,IT25,F_MLK,2,MCA,B,403,102,79,77.45,80.39,1.0,Theory,No,No,No,Rainy,No,7.9,Morning,Provided - user uploaded timetable,Synthetic development data
21-05-2026,Thursday,3,11:15,12:15,Full Stack Development,IT22,F_ASP_RSZ,2,MCA,B,403,102,80,78.43,77.45,1.0,Theory,No,No,No,Sunny,No,13.0,Morning,Provided - user uploaded timetable,Synthetic development data
21-05-2026,Thursday,4,13:30,14:30,Java Practical,ITL21-JAVA,F_SDM_VSN_KSD_SSP,2,MCA,B,401/402,102,86,84.31,78.43,2.25,Practical,No,No,No,Rainy,No,8.2,Afternoon,Provided - user uploaded timetable,Synthetic development data
21-05-2026,Thursday,5,14:30,15:30,Java Practical,ITL21-JAVA,F_SDM_VSN_KSD_SSP,2,MCA,B,401/402,102,78,76.47,84.31,1.0,Practical,No,No,No,Sunny,No,3.3,Afternoon,Provided - user uploaded timetable,Synthetic development data
22-05-2026,Friday,1,09:15,10:15,Software Project Management,IT24,F_JSP_MST,2,MCA,B,403,102,80,78.43,76.47,18.75,Theory,No,No,No,Cloudy,No,12.7,Morning,Provided - user uploaded timetable,Synthetic development data
22-05-2026,Friday,2,10:15,11:15,Java Programming,IT21,F_VSN_SDM,2,MCA,B,403,102,76,74.51,78.43,1.0,Theory,No,No,No,Cloudy,No,2.6,Morning,Provided - user uploaded timetable,Synthetic development data
22-05-2026,Friday,3,11:15,12:15,Full Stack Development,IT22,F_ASP_RSZ,2,MCA,B,403,102,74,72.55,74.51,1.0,Theory,No,No,No,Sunny,No,12.0,Morning,Provided - user uploaded timetable,Synthetic development data
22-05-2026,Friday,4,13:30,14:30,Cyber Security,IT23,F_DPY,2,MCA,B,403,102,66,64.71,72.55,2.25,Theory,No,No,No,Rainy,No,3.8,Afternoon,Provided - user uploaded timetable,Synthetic development data
22-05-2026,Friday,5,14:30,15:30,IRP,IRP2,F_SDM,2,MCA,B,403,102,67,65.69,64.71,1.0,Theory,No,No,No,Sunny,No,9.2,Afternoon,Provided - user uploaded timetable,Synthetic development data
23-05-2026,Saturday,1,11:15,12:15,Training And Placement / Mini Project Training,P201,TBD,2,MCA,B,403,102,62,60.78,65.69,20.75,Project,No,No,No,Rainy,No,,Morning,Provided - user uploaded timetable,Synthetic development data
25-05-2026,Monday,1,09:15,10:15,Cyber Security Practical,ITL21-CYBER,F_DPY_MSU_MLK_MST,2,MCA,B,401/402,102,84,82.35,60.78,46.0,Practical,No,No,No,Rainy,No,13.2,Morning,Provided - user uploaded timetable,Synthetic development data
25-05-2026,Monday,2,10:15,11:15,Cyber Security Practical,ITL21-CYBER,F_DPY_MSU_MLK_MST,2,MCA,B,401/402,102,87,85.29,82.35,1.0,Practical,No,No,No,Rainy,No,4.8,Morning,Provided - user uploaded timetable,Synthetic development data
25-05-2026,Monday,3,11:15,12:15,Research Methodology,IT25,F_MLK,2,MCA,B,403,102,69,67.65,85.29,1.0,Theory,No,No,No,Rainy,No,6.5,Morning,Provided - user uploaded timetable,Synthetic development data
25-05-2026,Monday,4,13:30,14:30,Cyber Security,IT23,F_DPY,2,MCA,B,403,102,66,64.71,67.65,2.25,Theory,No,No,No,Rainy,No,14.7,Afternoon,Provided - user uploaded timetable,Synthetic development data
25-05-2026,Monday,5,14:30,15:30,Club Activities,CLUB,TBD,2,MCA,B,403,102,58,56.86,64.71,1.0,Special Event,No,No,No,Rainy,Yes,,Afternoon,Provided - user uploaded timetable,Synthetic development data
26-05-2026,Tuesday,1,09:15,10:15,Software Project Management,IT24,F_JSP_MST,2,MCA,B,403,102,71,69.61,56.86,18.75,Theory,No,No,No,Rainy,No,5.3,Morning,Provided - user uploaded timetable,Synthetic development data
26-05-2026,Tuesday,2,10:15,11:15,Full Stack Development,IT22,F_ASP_RSZ,2,MCA,B,403,102,78,76.47,69.61,1.0,Theory,No,No,No,Cloudy,No,4.7,Morning,Provided - user uploaded timetable,Synthetic development data
26-05-2026,Tuesday,3,11:15,12:15,Research Methodology,IT25,F_MLK,2,MCA,B,403,102,80,78.43,76.47,1.0,Theory,No,No,No,Cloudy,No,3.3,Morning,Provided - user uploaded timetable,Synthetic development data
26-05-2026,Tuesday,4,13:30,14:30,Mini Project - Faculty Interaction,ITC21,TBD,2,MCA,B,403,102,79,77.45,78.43,2.25,Project,No,No,No,Sunny,No,,Afternoon,Provided - user uploaded timetable,Synthetic development data
26-05-2026,Tuesday,5,14:30,15:30,Mini Project - Faculty Interaction,ITC21,TBD,2,MCA,B,403,102,68,66.67,77.45,1.0,Project,No,No,No,Sunny,No,,Afternoon,Provided - user uploaded timetable,Synthetic development data
27-05-2026,Wednesday,1,09:15,10:15,Cyber Security,IT23,F_DPY,2,MCA,B,403,102,64,62.75,66.67,18.75,Theory,No,No,No,Sunny,No,12.1,Morning,Provided - user uploaded timetable,Synthetic development data
27-05-2026,Wednesday,2,10:15,11:15,Software Project Management,IT24,F_JSP_MST,2,MCA,B,403,102,86,84.31,62.75,1.0,Theory,No,No,No,Sunny,No,14.8,Morning,Provided - user uploaded timetable,Synthetic development data
27-05-2026,Wednesday,3,11:15,12:15,Java Programming,IT21,F_VSN_SDM,2,MCA,B,403,102,87,85.29,84.31,1.0,Theory,Yes,No,No,Rainy,No,8.7,Morning,Provided - user uploaded timetable,Synthetic development data
27-05-2026,Wednesday,4,13:30,14:30,Full Stack Development Practical,ITL21-FSD,F_ASP_RSZ_SP_KSD,2,MCA,B,401/402,102,77,75.49,85.29,2.25,Practical,No,No,No,Rainy,No,5.4,Afternoon,Provided - user uploaded timetable,Synthetic development data
27-05-2026,Wednesday,5,14:30,15:30,Full Stack Development Practical,ITL21-FSD,F_ASP_RSZ_SP_KSD,2,MCA,B,401/402,102,83,81.37,75.49,1.0,Practical,No,No,No,Sunny,No,6.3,Afternoon,Provided - user uploaded timetable,Synthetic development data
28-05-2026,Thursday,1,09:15,10:15,Java Programming,IT21,F_VSN_SDM,2,MCA,B,403,102,86,84.31,81.37,18.75,Theory,No,No,No,Cloudy,No,3.2,Morning,Provided - user uploaded timetable,Synthetic development data
28-05-2026,Thursday,2,10:15,11:15,Research Methodology,IT25,F_MLK,2,MCA,B,403,102,77,75.49,84.31,1.0,Theory,No,No,No,Cloudy,No,6.3,Morning,Provided - user uploaded timetable,Synthetic development data
28-05-2026,Thursday,3,11:15,12:15,Full Stack Development,IT22,F_ASP_RSZ,2,MCA,B,403,102,75,73.53,75.49,1.0,Theory,No,No,No,Rainy,No,8.9,Morning,Provided - user uploaded timetable,Synthetic development data
28-05-2026,Thursday,4,13:30,14:30,Java Practical,ITL21-JAVA,F_SDM_VSN_KSD_SSP,2,MCA,B,401/402,102,85,83.33,73.53,2.25,Practical,No,No,No,Rainy,No,2.1,Afternoon,Provided - user uploaded timetable,Synthetic development data
28-05-2026,Thursday,5,14:30,15:30,Java Practical,ITL21-JAVA,F_SDM_VSN_KSD_SSP,2,MCA,B,401/402,102,66,64.71,83.33,1.0,Practical,No,No,No,Rainy,No,10.0,Afternoon,Provided - user uploaded timetable,Synthetic development data
29-05-2026,Friday,1,09:15,10:15,Software Project Management,IT24,F_JSP_MST,2,MCA,B,403,102,84,82.35,64.71,18.75,Theory,No,No,No,Sunny,No,4.2,Morning,Provided - user uploaded timetable,Synthetic development data
29-05-2026,Friday,2,10:15,11:15,Java Programming,IT21,F_VSN_SDM,2,MCA,B,403,102,77,75.49,82.35,1.0,Theory,No,No,No,Sunny,No,10.2,Morning,Provided - user uploaded timetable,Synthetic development data
29-05-2026,Friday,3,11:15,12:15,Full Stack Development,IT22,F_ASP_RSZ,2,MCA,B,403,102,78,76.47,75.49,1.0,Theory,No,No,No,Sunny,No,13.2,Morning,Provided - user uploaded timetable,Synthetic development data
29-05-2026,Friday,4,13:30,14:30,Cyber Security,IT23,F_DPY,2,MCA,B,403,102,67,65.69,76.47,2.25,Theory,No,Yes,No,Rainy,No,12.8,Afternoon,Provided - user uploaded timetable,Synthetic development data
29-05-2026,Friday,5,14:30,15:30,IRP,IRP2,F_SDM,2,MCA,B,403,102,68,66.67,65.69,1.0,Theory,No,No,No,Cloudy,No,10.4,Afternoon,Provided - user uploaded timetable,Synthetic development data
30-05-2026,Saturday,1,11:15,12:15,Training And Placement / Mini Project Training,P201,TBD,2,MCA,B,403,102,59,57.84,66.67,20.75,Project,Yes,No,No,Sunny,No,,Morning,Provided - user uploaded timetable,Synthetic development data
01-06-2026,Monday,1,08:30,09:15,Mobile Application Development,IT31,SSP_Visiting,3,MCA,B,403,102,83,81.37,57.84,45.25,Theory,No,No,No,Rainy,No,5.4,Morning,Provided,Synthetic development data
01-06-2026,Monday,2,09:15,10:15,Mobile Application Development,IT31,SSP_Visiting,3,MCA,B,403,102,79,77.45,81.37,0.75,Theory,No,No,No,Sunny,No,3.1,Morning,Provided,Synthetic development data
01-06-2026,Monday,3,10:15,11:15,Innovation and Entrepreneurship Development,IT34,JSP_Visiting,3,MCA,B,403,102,86,84.31,77.45,1.0,Theory,No,No,No,Sunny,No,13.0,Morning,Provided,Synthetic development data
01-06-2026,Monday,4,11:15,12:15,Innovation and Entrepreneurship Development,IT34,JSP_Visiting,3,MCA,B,403,102,78,76.47,84.31,1.0,Theory,No,No,No,Rainy,No,2.1,Morning,Provided,Synthetic development data
01-06-2026,Monday,5,13:30,15:30,"Practical based on Mobile Application Development, Machine Learning and Software Testing",IT31L,SSP_Visiting_SP_MLK_DPY,3,MCA,B,401/402,102,88,86.27,76.47,2.25,Practical,No,No,No,Rainy,Yes,11.5,Afternoon,Provided,Synthetic development data
02-06-2026,Tuesday,1,08:30,09:15,Mobile Application Development,IT31,SSP_Visiting,3,MCA,B,403,102,76,74.51,86.27,19.0,Theory,No,No,No,Rainy,No,14.8,Morning,Provided,Synthetic development data
02-06-2026,Tuesday,2,09:15,10:15,Mobile Application Development,IT31,SSP_Visiting,3,MCA,B,403,102,76,74.51,74.51,0.75,Theory,No,No,No,Rainy,No,8.3,Morning,Provided,Synthetic development data
02-06-2026,Tuesday,3,10:15,11:15,Data Science and Machine Learning,IT32,SP_MLK,3,MCA,B,403,102,74,72.55,74.51,1.0,Theory,Yes,No,No,Sunny,No,6.8,Morning,Provided,Synthetic development data
02-06-2026,Tuesday,4,11:15,12:15,Principles of Cloud Management and Security,IT35,KSD_SDM,3,MCA,B,403,102,70,68.63,72.55,1.0,Theory,No,No,No,Rainy,No,9.9,Morning,Provided,Synthetic development data
02-06-2026,Tuesday,5,13:30,15:30,Data Science and Machine Learning,IT32,SP_MLK,3,MCA,B,403,102,66,64.71,68.63,2.25,Theory,No,Yes,No,Sunny,No,12.5,Afternoon,Provided,Synthetic development data
03-06-2026,Wednesday,1,08:30,09:15,Mobile Application Development,IT31,SSP_Visiting,3,MCA,B,403,102,73,71.57,64.71,19.0,Theory,No,No,No,Sunny,No,5.1,Morning,Provided,Synthetic development data
03-06-2026,Wednesday,2,09:15,10:15,Mobile Application Development,IT31,SSP_Visiting,3,MCA,B,403,102,84,82.35,71.57,0.75,Theory,No,No,No,Rainy,No,5.3,Morning,Provided,Synthetic development data
03-06-2026,Wednesday,3,10:15,11:15,Data Science and Machine Learning,IT32,SP_MLK,3,MCA,B,403,102,74,72.55,82.35,1.0,Theory,No,No,No,Rainy,No,9.9,Morning,Provided,Synthetic development data
03-06-2026,Wednesday,4,11:15,12:15,Principles of Cloud Management and Security,IT35,KSD_SDM,3,MCA,B,403,102,76,74.51,72.55,1.0,Theory,No,No,No,Cloudy,No,14.2,Morning,Provided,Synthetic development data
03-06-2026,Wednesday,5,13:30,15:30,Innovation and Entrepreneurship Development,IT34,JSP_Visiting,3,MCA,B,403,102,79,77.45,74.51,2.25,Theory,No,No,No,Sunny,No,5.9,Afternoon,Provided,Synthetic development data
04-06-2026,Thursday,1,08:30,09:15,Mobile Application Development,IT31,SSP_Visiting,3,MCA,B,403,102,91,89.22,77.45,19.0,Theory,No,No,No,Rainy,No,6.9,Morning,Provided,Synthetic development data
04-06-2026,Thursday,2,09:15,10:15,Mobile Application Development,IT31,SSP_Visiting,3,MCA,B,403,102,75,73.53,89.22,0.75,Theory,No,Yes,No,Cloudy,No,14.9,Morning,Provided,Synthetic development data
04-06-2026,Thursday,3,10:15,11:15,Data Science and Machine Learning,IT32,SP_MLK,3,MCA,B,403,102,73,71.57,73.53,1.0,Theory,No,Yes,No,Rainy,No,4.3,Morning,Provided,Synthetic development data
04-06-2026,Thursday,4,11:15,12:15,Software Testing and Quality Assurance,IT33,DPY,3,MCA,B,403,102,70,68.63,71.57,1.0,Theory,No,No,No,Sunny,No,3.0,Morning,Provided,Synthetic development data
04-06-2026,Thursday,5,13:30,15:30,"Practical based on Mobile Application Development, Machine Learning and Software Testing",IT31L,SSP_Visiting_SP_MLK_DPY,3,MCA,B,401/402,102,78,76.47,68.63,2.25,Practical,No,No,No,Cloudy,No,9.7,Afternoon,Provided,Synthetic development data
05-06-2026,Friday,1,08:30,09:15,"Practical based on Mobile Application Development, Machine Learning and Software Testing",IT31L,SSP_Visiting_SP_MLK_DPY,3,MCA,B,401/402,102,81,79.41,76.47,19.0,Practical,No,No,No,Cloudy,No,2.3,Morning,Provided,Synthetic development data
05-06-2026,Friday,2,09:15,10:15,"Practical based on Mobile Application Development, Machine Learning and Software Testing",IT31L,SSP_Visiting_SP_MLK_DPY,3,MCA,B,401/402,102,88,86.27,79.41,0.75,Practical,No,Yes,No,Rainy,No,4.3,Morning,Provided,Synthetic development data
05-06-2026,Friday,3,10:15,11:15,Data Science and Machine Learning,IT32,SP_MLK,3,MCA,B,403,102,73,71.57,86.27,1.0,Theory,No,No,No,Rainy,No,10.1,Morning,Provided,Synthetic development data
05-06-2026,Friday,4,11:15,12:15,Principles of Cloud Management and Security,IT35,KSD_SDM,3,MCA,B,403,102,80,78.43,71.57,1.0,Theory,No,No,No,Cloudy,No,10.6,Morning,Provided,Synthetic development data
08-06-2026,Monday,1,08:30,09:15,Mobile Application Development,IT31,SSP_Visiting,3,MCA,B,403,102,77,75.49,78.43,69.25,Theory,Yes,No,No,Cloudy,No,8.6,Morning,Provided,Synthetic development data
08-06-2026,Monday,2,09:15,10:15,Mobile Application Development,IT31,SSP_Visiting,3,MCA,B,403,102,80,78.43,75.49,0.75,Theory,No,No,No,Sunny,No,7.0,Morning,Provided,Synthetic development data
08-06-2026,Monday,3,10:15,11:15,Innovation and Entrepreneurship Development,IT34,JSP_Visiting,3,MCA,B,403,102,82,80.39,78.43,1.0,Theory,No,No,No,Sunny,No,9.5,Morning,Provided,Synthetic development data
08-06-2026,Monday,4,11:15,12:15,Innovation and Entrepreneurship Development,IT34,JSP_Visiting,3,MCA,B,403,102,84,82.35,80.39,1.0,Theory,No,No,No,Cloudy,No,10.4,Morning,Provided,Synthetic development data
08-06-2026,Monday,5,13:30,15:30,"Practical based on Mobile Application Development, Machine Learning and Software Testing",IT31L,SSP_Visiting_SP_MLK_DPY,3,MCA,B,401/402,102,91,89.22,82.35,2.25,Practical,No,No,No,Cloudy,No,12.4,Afternoon,Provided,Synthetic development data
09-06-2026,Tuesday,1,08:30,09:15,Mobile Application Development,IT31,SSP_Visiting,3,MCA,B,403,102,88,86.27,89.22,19.0,Theory,No,No,No,Cloudy,No,12.3,Morning,Provided,Synthetic development data
09-06-2026,Tuesday,2,09:15,10:15,Mobile Application Development,IT31,SSP_Visiting,3,MCA,B,403,102,76,74.51,86.27,0.75,Theory,No,Yes,No,Cloudy,No,10.6,Morning,Provided,Synthetic development data
09-06-2026,Tuesday,3,10:15,11:15,Data Science and Machine Learning,IT32,SP_MLK,3,MCA,B,403,102,77,75.49,74.51,1.0,Theory,No,No,No,Sunny,No,13.6,Morning,Provided,Synthetic development data
09-06-2026,Tuesday,4,11:15,12:15,Principles of Cloud Management and Security,IT35,KSD_SDM,3,MCA,B,403,102,76,74.51,75.49,1.0,Theory,No,No,No,Cloudy,No,12.9,Morning,Provided,Synthetic development data
09-06-2026,Tuesday,5,13:30,15:30,Data Science and Machine Learning,IT32,SP_MLK,3,MCA,B,403,102,76,74.51,74.51,2.25,Theory,No,No,No,Cloudy,No,3.7,Afternoon,Provided,Synthetic development data
10-06-2026,Wednesday,1,08:30,09:15,Mobile Application Development,IT31,SSP_Visiting,3,MCA,B,403,102,88,86.27,74.51,19.0,Theory,No,No,No,Cloudy,No,14.4,Morning,Provided,Synthetic development data
10-06-2026,Wednesday,2,09:15,10:15,Mobile Application Development,IT31,SSP_Visiting,3,MCA,B,403,102,82,80.39,86.27,0.75,Theory,No,No,No,Cloudy,No,13.6,Morning,Provided,Synthetic development data
10-06-2026,Wednesday,3,10:15,11:15,Data Science and Machine Learning,IT32,SP_MLK,3,MCA,B,403,102,74,72.55,80.39,1.0,Theory,No,No,No,Rainy,No,6.2,Morning,Provided,Synthetic development data
10-06-2026,Wednesday,4,11:15,12:15,Principles of Cloud Management and Security,IT35,KSD_SDM,3,MCA,B,403,102,80,78.43,72.55,1.0,Theory,No,No,No,Rainy,No,2.3,Morning,Provided,Synthetic development data
10-06-2026,Wednesday,5,13:30,15:30,Innovation and Entrepreneurship Development,IT34,JSP_Visiting,3,MCA,B,403,102,81,79.41,78.43,2.25,Theory,No,No,No,Cloudy,No,9.9,Afternoon,Provided,Synthetic development data
11-06-2026,Thursday,1,08:30,09:15,Mobile Application Development,IT31,SSP_Visiting,3,MCA,B,403,102,82,80.39,79.41,19.0,Theory,No,No,No,Sunny,No,7.7,Morning,Provided,Synthetic development data
11-06-2026,Thursday,2,09:15,10:15,Mobile Application Development,IT31,SSP_Visiting,3,MCA,B,403,102,78,76.47,80.39,0.75,Theory,No,No,No,Rainy,No,11.7,Morning,Provided,Synthetic development data
11-06-2026,Thursday,3,10:15,11:15,Data Science and Machine Learning,IT32,SP_MLK,3,MCA,B,403,102,76,74.51,76.47,1.0,Theory,Yes,No,No,Cloudy,Yes,8.8,Morning,Provided,Synthetic development data
11-06-2026,Thursday,4,11:15,12:15,Software Testing and Quality Assurance,IT33,DPY,3,MCA,B,403,102,80,78.43,74.51,1.0,Theory,No,No,No,Cloudy,No,3.0,Morning,Provided,Synthetic development data
11-06-2026,Thursday,5,13:30,15:30,"Practical based on Mobile Application Development, Machine Learning and Software Testing",IT31L,SSP_Visiting_SP_MLK_DPY,3,MCA,B,401/402,102,76,74.51,78.43,2.25,Practical,No,No,No,Rainy,No,5.2,Afternoon,Provided,Synthetic development data
12-06-2026,Friday,1,08:30,09:15,"Practical based on Mobile Application Development, Machine Learning and Software Testing",IT31L,SSP_Visiting_SP_MLK_DPY,3,MCA,B,401/402,102,87,85.29,74.51,19.0,Practical,No,Yes,No,Rainy,No,13.5,Morning,Provided,Synthetic development data
12-06-2026,Friday,2,09:15,10:15,"Practical based on Mobile Application Development, Machine Learning and Software Testing",IT31L,SSP_Visiting_SP_MLK_DPY,3,MCA,B,401/402,102,86,84.31,85.29,0.75,Practical,No,No,No,Cloudy,No,2.5,Morning,Provided,Synthetic development data
12-06-2026,Friday,3,10:15,11:15,Data Science and Machine Learning,IT32,SP_MLK,3,MCA,B,403,102,69,67.65,84.31,1.0,Theory,No,Yes,No,Cloudy,No,11.6,Morning,Provided,Synthetic development data
12-06-2026,Friday,4,11:15,12:15,Principles of Cloud Management and Security,IT35,KSD_SDM,3,MCA,B,403,102,80,78.43,67.65,1.0,Theory,No,Yes,No,Sunny,No,5.8,Morning,Provided,Synthetic development data
15-06-2026,Monday,1,08:30,09:15,Mobile Application Development,IT31,SSP_Visiting,3,MCA,B,403,102,87,85.29,78.43,69.25,Theory,No,No,No,Sunny,No,7.9,Morning,Provided,Synthetic development data
15-06-2026,Monday,2,09:15,10:15,Mobile Application Development,IT31,SSP_Visiting,3,MCA,B,403,102,78,76.47,85.29,0.75,Theory,No,Yes,No,Cloudy,No,8.9,Morning,Provided,Synthetic development data
15-06-2026,Monday,3,10:15,11:15,Innovation and Entrepreneurship Development,IT34,JSP_Visiting,3,MCA,B,403,102,82,80.39,76.47,1.0,Theory,No,No,No,Rainy,Yes,5.3,Morning,Provided,Synthetic development data
15-06-2026,Monday,4,11:15,12:15,Innovation and Entrepreneurship Development,IT34,JSP_Visiting,3,MCA,B,403,102,84,82.35,80.39,1.0,Theory,No,No,No,Rainy,No,10.5,Morning,Provided,Synthetic development data
15-06-2026,Monday,5,13:30,15:30,"Practical based on Mobile Application Development, Machine Learning and Software Testing",IT31L,SSP_Visiting_SP_MLK_DPY,3,MCA,B,401/402,102,82,80.39,82.35,2.25,Practical,No,No,No,Cloudy,No,11.0,Afternoon,Provided,Synthetic development data
16-06-2026,Tuesday,1,08:30,09:15,Mobile Application Development,IT31,SSP_Visiting,3,MCA,B,403,102,75,73.53,80.39,19.0,Theory,No,No,No,Rainy,No,3.1,Morning,Provided,Synthetic development data
16-06-2026,Tuesday,2,09:15,10:15,Mobile Application Development,IT31,SSP_Visiting,3,MCA,B,403,102,85,83.33,73.53,0.75,Theory,No,No,No,Rainy,No,6.9,Morning,Provided,Synthetic development data
16-06-2026,Tuesday,3,10:15,11:15,Data Science and Machine Learning,IT32,SP_MLK,3,MCA,B,403,102,68,66.67,83.33,1.0,Theory,No,No,No,Cloudy,No,11.7,Morning,Provided,Synthetic development data
16-06-2026,Tuesday,4,11:15,12:15,Principles of Cloud Management and Security,IT35,KSD_SDM,3,MCA,B,403,102,74,72.55,66.67,1.0,Theory,No,No,No,Cloudy,No,11.4,Morning,Provided,Synthetic development data
16-06-2026,Tuesday,5,13:30,15:30,Data Science and Machine Learning,IT32,SP_MLK,3,MCA,B,403,102,72,70.59,72.55,2.25,Theory,No,No,No,Rainy,No,9.1,Afternoon,Provided,Synthetic development data
17-06-2026,Wednesday,1,08:30,09:15,Mobile Application Development,IT31,SSP_Visiting,3,MCA,B,403,102,67,65.69,70.59,19.0,Theory,No,No,No,Sunny,No,12.1,Morning,Provided,Synthetic development data
17-06-2026,Wednesday,2,09:15,10:15,Mobile Application Development,IT31,SSP_Visiting,3,MCA,B,403,102,81,79.41,65.69,0.75,Theory,No,No,No,Rainy,No,3.4,Morning,Provided,Synthetic development data
17-06-2026,Wednesday,3,10:15,11:15,Data Science and Machine Learning,IT32,SP_MLK,3,MCA,B,403,102,73,71.57,79.41,1.0,Theory,No,No,No,Sunny,No,3.5,Morning,Provided,Synthetic development data
17-06-2026,Wednesday,4,11:15,12:15,Principles of Cloud Management and Security,IT35,KSD_SDM,3,MCA,B,403,102,71,69.61,71.57,1.0,Theory,Yes,No,No,Cloudy,No,10.5,Morning,Provided,Synthetic development data
17-06-2026,Wednesday,5,13:30,15:30,Innovation and Entrepreneurship Development,IT34,JSP_Visiting,3,MCA,B,403,102,79,77.45,69.61,2.25,Theory,No,No,No,Sunny,No,11.0,Afternoon,Provided,Synthetic development data
18-06-2026,Thursday,1,08:30,09:15,Mobile Application Development,IT31,SSP_Visiting,3,MCA,B,403,102,78,76.47,77.45,19.0,Theory,Yes,Yes,No,Sunny,No,12.6,Morning,Provided,Synthetic development data
18-06-2026,Thursday,2,09:15,10:15,Mobile Application Development,IT31,SSP_Visiting,3,MCA,B,403,102,88,86.27,76.47,0.75,Theory,Yes,No,No,Rainy,No,4.4,Morning,Provided,Synthetic development data
18-06-2026,Thursday,3,10:15,11:15,Data Science and Machine Learning,IT32,SP_MLK,3,MCA,B,403,102,70,68.63,86.27,1.0,Theory,No,No,No,Cloudy,No,8.7,Morning,Provided,Synthetic development data
18-06-2026,Thursday,4,11:15,12:15,Software Testing and Quality Assurance,IT33,DPY,3,MCA,B,403,102,66,64.71,68.63,1.0,Theory,No,No,No,Cloudy,No,10.6,Morning,Provided,Synthetic development data
18-06-2026,Thursday,5,13:30,15:30,"Practical based on Mobile Application Development, Machine Learning and Software Testing",IT31L,SSP_Visiting_SP_MLK_DPY,3,MCA,B,401/402,102,77,75.49,64.71,2.25,Practical,No,No,No,Rainy,No,4.9,Afternoon,Provided,Synthetic development data
19-06-2026,Friday,1,08:30,09:15,"Practical based on Mobile Application Development, Machine Learning and Software Testing",IT31L,SSP_Visiting_SP_MLK_DPY,3,MCA,B,401/402,102,79,77.45,75.49,19.0,Practical,No,No,No,Sunny,No,8.7,Morning,Provided,Synthetic development data
19-06-2026,Friday,2,09:15,10:15,"Practical based on Mobile Application Development, Machine Learning and Software Testing",IT31L,SSP_Visiting_SP_MLK_DPY,3,MCA,B,401/402,102,93,91.18,77.45,0.75,Practical,No,No,No,Sunny,No,10.3,Morning,Provided,Synthetic development data
19-06-2026,Friday,3,10:15,11:15,Data Science and Machine Learning,IT32,SP_MLK,3,MCA,B,403,102,75,73.53,91.18,1.0,Theory,No,No,No,Cloudy,No,4.8,Morning,Provided,Synthetic development data
19-06-2026,Friday,4,11:15,12:15,Principles of Cloud Management and Security,IT35,KSD_SDM,3,MCA,B,403,102,82,80.39,73.53,1.0,Theory,No,No,No,Sunny,No,6.9,Morning,Provided,Synthetic development data
22-06-2026,Monday,1,08:30,09:15,Mobile Application Development,IT31,SSP_Visiting,3,MCA,B,403,102,85,83.33,80.39,69.25,Theory,No,No,No,Rainy,No,4.8,Morning,Provided,Synthetic development data
22-06-2026,Monday,2,09:15,10:15,Mobile Application Development,IT31,SSP_Visiting,3,MCA,B,403,102,80,78.43,83.33,0.75,Theory,No,No,No,Sunny,No,13.7,Morning,Provided,Synthetic development data
22-06-2026,Monday,3,10:15,11:15,Innovation and Entrepreneurship Development,IT34,JSP_Visiting,3,MCA,B,403,102,84,82.35,78.43,1.0,Theory,No,Yes,No,Cloudy,No,5.1,Morning,Provided,Synthetic development data
22-06-2026,Monday,4,11:15,12:15,Innovation and Entrepreneurship Development,IT34,JSP_Visiting,3,MCA,B,403,102,80,78.43,82.35,1.0,Theory,No,No,No,Sunny,No,3.6,Morning,Provided,Synthetic development data
22-06-2026,Monday,5,13:30,15:30,"Practical based on Mobile Application Development, Machine Learning and Software Testing",IT31L,SSP_Visiting_SP_MLK_DPY,3,MCA,B,401/402,102,88,86.27,78.43,2.25,Practical,No,No,No,Sunny,No,2.5,Afternoon,Provided,Synthetic development data
23-06-2026,Tuesday,1,08:30,09:15,Mobile Application Development,IT31,SSP_Visiting,3,MCA,B,403,102,75,73.53,86.27,19.0,Theory,Yes,No,No,Cloudy,No,2.6,Morning,Provided,Synthetic development data
23-06-2026,Tuesday,2,09:15,10:15,Mobile Application Development,IT31,SSP_Visiting,3,MCA,B,403,102,83,81.37,73.53,0.75,Theory,No,No,No,Sunny,No,4.5,Morning,Provided,Synthetic development data
23-06-2026,Tuesday,3,10:15,11:15,Data Science and Machine Learning,IT32,SP_MLK,3,MCA,B,403,102,72,70.59,81.37,1.0,Theory,No,No,No,Sunny,No,9.9,Morning,Provided,Synthetic development data
23-06-2026,Tuesday,4,11:15,12:15,Principles of Cloud Management and Security,IT35,KSD_SDM,3,MCA,B,403,102,74,72.55,70.59,1.0,Theory,No,No,No,Rainy,No,2.2,Morning,Provided,Synthetic development data
23-06-2026,Tuesday,5,13:30,15:30,Data Science and Machine Learning,IT32,SP_MLK,3,MCA,B,403,102,61,59.8,72.55,2.25,Theory,No,No,No,Cloudy,No,5.7,Afternoon,Provided,Synthetic development data
24-06-2026,Wednesday,1,08:30,09:15,Mobile Application Development,IT31,SSP_Visiting,3,MCA,B,403,102,81,79.41,59.8,19.0,Theory,No,No,No,Sunny,No,2.8,Morning,Provided,Synthetic development data
24-06-2026,Wednesday,2,09:15,10:15,Mobile Application Development,IT31,SSP_Visiting,3,MCA,B,403,102,74,72.55,79.41,0.75,Theory,No,No,No,Cloudy,No,7.2,Morning,Provided,Synthetic development data
24-06-2026,Wednesday,3,10:15,11:15,Data Science and Machine Learning,IT32,SP_MLK,3,MCA,B,403,102,75,73.53,72.55,1.0,Theory,No,No,No,Cloudy,No,2.6,Morning,Provided,Synthetic development data
24-06-2026,Wednesday,4,11:15,12:15,Principles of Cloud Management and Security,IT35,KSD_SDM,3,MCA,B,403,102,76,74.51,73.53,1.0,Theory,No,No,No,Sunny,No,9.9,Morning,Provided,Synthetic development data
24-06-2026,Wednesday,5,13:30,15:30,Innovation and Entrepreneurship Development,IT34,JSP_Visiting,3,MCA,B,403,102,70,68.63,74.51,2.25,Theory,Yes,No,No,Sunny,No,10.9,Afternoon,Provided,Synthetic development data
25-06-2026,Thursday,1,08:30,09:15,Mobile Application Development,IT31,SSP_Visiting,3,MCA,B,403,102,68,66.67,68.63,19.0,Theory,Yes,Yes,No,Rainy,No,11.5,Morning,Provided,Synthetic development data
25-06-2026,Thursday,2,09:15,10:15,Mobile Application Development,IT31,SSP_Visiting,3,MCA,B,403,102,77,75.49,66.67,0.75,Theory,No,No,No,Sunny,No,4.9,Morning,Provided,Synthetic development data
25-06-2026,Thursday,3,10:15,11:15,Data Science and Machine Learning,IT32,SP_MLK,3,MCA,B,403,102,72,70.59,75.49,1.0,Theory,No,No,No,Sunny,No,13.3,Morning,Provided,Synthetic development data
25-06-2026,Thursday,4,11:15,12:15,Software Testing and Quality Assurance,IT33,DPY,3,MCA,B,403,102,68,66.67,70.59,1.0,Theory,No,No,No,Sunny,No,11.0,Morning,Provided,Synthetic development data
25-06-2026,Thursday,5,13:30,15:30,"Practical based on Mobile Application Development, Machine Learning and Software Testing",IT31L,SSP_Visiting_SP_MLK_DPY,3,MCA,B,401/402,102,79,77.45,66.67,2.25,Practical,No,No,No,Rainy,No,2.7,Afternoon,Provided,Synthetic development data
26-06-2026,Friday,1,08:30,09:15,"Practical based on Mobile Application Development, Machine Learning and Software Testing",IT31L,SSP_Visiting_SP_MLK_DPY,3,MCA,B,401/402,102,93,91.18,77.45,19.0,Practical,No,No,No,Rainy,No,7.7,Morning,Provided,Synthetic development data
26-06-2026,Friday,2,09:15,10:15,"Practical based on Mobile Application Development, Machine Learning and Software Testing",IT31L,SSP_Visiting_SP_MLK_DPY,3,MCA,B,401/402,102,90,88.24,91.18,0.75,Practical,No,No,No,Cloudy,No,12.0,Morning,Provided,Synthetic development data
26-06-2026,Friday,3,10:15,11:15,Data Science and Machine Learning,IT32,SP_MLK,3,MCA,B,403,102,76,74.51,88.24,1.0,Theory,No,No,No,Rainy,No,6.0,Morning,Provided,Synthetic development data
26-06-2026,Friday,4,11:15,12:15,Principles of Cloud Management and Security,IT35,KSD_SDM,3,MCA,B,403,102,73,71.57,74.51,1.0,Theory,No,No,No,Rainy,No,7.0,Morning,Provided,Synthetic development data
29-06-2026,Monday,1,08:30,09:15,Mobile Application Development,IT31,SSP_Visiting,3,MCA,B,403,102,76,74.51,71.57,69.25,Theory,No,No,No,Cloudy,No,10.2,Morning,Provided,Synthetic development data
29-06-2026,Monday,2,09:15,10:15,Mobile Application Development,IT31,SSP_Visiting,3,MCA,B,403,102,85,83.33,74.51,0.75,Theory,No,No,No,Cloudy,No,2.7,Morning,Provided,Synthetic development data
29-06-2026,Monday,3,10:15,11:15,Innovation and Entrepreneurship Development,IT34,JSP_Visiting,3,MCA,B,403,102,82,80.39,83.33,1.0,Theory,No,No,No,Rainy,No,14.6,Morning,Provided,Synthetic development data
29-06-2026,Monday,4,11:15,12:15,Innovation and Entrepreneurship Development,IT34,JSP_Visiting,3,MCA,B,403,102,91,89.22,80.39,1.0,Theory,No,No,No,Cloudy,No,4.3,Morning,Provided,Synthetic development data
29-06-2026,Monday,5,13:30,15:30,"Practical based on Mobile Application Development, Machine Learning and Software Testing",IT31L,SSP_Visiting_SP_MLK_DPY,3,MCA,B,401/402,102,77,75.49,89.22,2.25,Practical,No,No,No,Cloudy,No,2.3,Afternoon,Provided,Synthetic development data
30-06-2026,Tuesday,1,08:30,09:15,Mobile Application Development,IT31,SSP_Visiting,3,MCA,B,403,102,81,79.41,75.49,19.0,Theory,No,No,No,Sunny,No,2.1,Morning,Provided,Synthetic development data
30-06-2026,Tuesday,2,09:15,10:15,Mobile Application Development,IT31,SSP_Visiting,3,MCA,B,403,102,81,79.41,79.41,0.75,Theory,No,No,No,Sunny,No,7.2,Morning,Provided,Synthetic development data
30-06-2026,Tuesday,3,10:15,11:15,Data Science and Machine Learning,IT32,SP_MLK,3,MCA,B,403,102,73,71.57,79.41,1.0,Theory,No,No,No,Rainy,No,13.5,Morning,Provided,Synthetic development data
30-06-2026,Tuesday,4,11:15,12:15,Principles of Cloud Management and Security,IT35,KSD_SDM,3,MCA,B,403,102,76,74.51,71.57,1.0,Theory,No,No,No,Sunny,No,12.7,Morning,Provided,Synthetic development data
30-06-2026,Tuesday,5,13:30,15:30,Data Science and Machine Learning,IT32,SP_MLK,3,MCA,B,403,102,81,79.41,74.51,2.25,Theory,Yes,No,No,Cloudy,No,13.9,Afternoon,Provided,Synthetic development data
01-07-2026,Wednesday,1,08:30,09:15,Mobile Application Development,IT31,SSP_Visiting,3,MCA,B,403,102,73,71.57,79.41,19.0,Theory,No,No,No,Rainy,No,8.9,Morning,Provided,Synthetic development data
01-07-2026,Wednesday,2,09:15,10:15,Mobile Application Development,IT31,SSP_Visiting,3,MCA,B,403,102,77,75.49,71.57,0.75,Theory,Yes,No,No,Sunny,No,7.8,Morning,Provided,Synthetic development data
01-07-2026,Wednesday,3,10:15,11:15,Data Science and Machine Learning,IT32,SP_MLK,3,MCA,B,403,102,67,65.69,75.49,1.0,Theory,No,Yes,No,Sunny,No,7.0,Morning,Provided,Synthetic development data
01-07-2026,Wednesday,4,11:15,12:15,Principles of Cloud Management and Security,IT35,KSD_SDM,3,MCA,B,403,102,79,77.45,65.69,1.0,Theory,No,Yes,No,Sunny,No,2.6,Morning,Provided,Synthetic development data
01-07-2026,Wednesday,5,13:30,15:30,Innovation and Entrepreneurship Development,IT34,JSP_Visiting,3,MCA,B,403,102,79,77.45,77.45,2.25,Theory,No,No,No,Cloudy,No,13.8,Afternoon,Provided,Synthetic development data
02-07-2026,Thursday,1,08:30,09:15,Mobile Application Development,IT31,SSP_Visiting,3,MCA,B,403,102,84,82.35,77.45,19.0,Theory,Yes,No,No,Sunny,No,8.5,Morning,Provided,Synthetic development data
02-07-2026,Thursday,2,09:15,10:15,Mobile Application Development,IT31,SSP_Visiting,3,MCA,B,403,102,87,85.29,82.35,0.75,Theory,No,No,No,Sunny,No,7.9,Morning,Provided,Synthetic development data
02-07-2026,Thursday,3,10:15,11:15,Data Science and Machine Learning,IT32,SP_MLK,3,MCA,B,403,102,73,71.57,85.29,1.0,Theory,No,No,No,Cloudy,No,8.7,Morning,Provided,Synthetic development data
02-07-2026,Thursday,4,11:15,12:15,Software Testing and Quality Assurance,IT33,DPY,3,MCA,B,403,102,79,77.45,71.57,1.0,Theory,No,No,No,Rainy,No,12.3,Morning,Provided,Synthetic development data
02-07-2026,Thursday,5,13:30,15:30,"Practical based on Mobile Application Development, Machine Learning and Software Testing",IT31L,SSP_Visiting_SP_MLK_DPY,3,MCA,B,401/402,102,80,78.43,77.45,2.25,Practical,Yes,No,No,Cloudy,No,4.9,Afternoon,Provided,Synthetic development data
03-07-2026,Friday,1,08:30,09:15,"Practical based on Mobile Application Development, Machine Learning and Software Testing",IT31L,SSP_Visiting_SP_MLK_DPY,3,MCA,B,401/402,102,93,91.18,78.43,19.0,Practical,Yes,No,No,Sunny,No,11.2,Morning,Provided,Synthetic development data
03-07-2026,Friday,2,09:15,10:15,"Practical based on Mobile Application Development, Machine Learning and Software Testing",IT31L,SSP_Visiting_SP_MLK_DPY,3,MCA,B,401/402,102,93,91.18,91.18,0.75,Practical,No,No,No,Cloudy,No,11.2,Morning,Provided,Synthetic development data
03-07-2026,Friday,3,10:15,11:15,Data Science and Machine Learning,IT32,SP_MLK,3,MCA,B,403,102,72,70.59,91.18,1.0,Theory,No,No,No,Rainy,No,13.0,Morning,Provided,Synthetic development data
03-07-2026,Friday,4,11:15,12:15,Principles of Cloud Management and Security,IT35,KSD_SDM,3,MCA,B,403,102,79,77.45,70.59,1.0,Theory,No,No,No,Rainy,No,2.1,Morning,Provided,Synthetic development data
06-07-2026,Monday,1,08:30,09:15,Mobile Application Development,IT31,SSP_Visiting,3,MCA,B,403,102,85,83.33,77.45,69.25,Theory,No,No,No,Sunny,No,4.2,Morning,Provided,Synthetic development data
06-07-2026,Monday,2,09:15,10:15,Mobile Application Development,IT31,SSP_Visiting,3,MCA,B,403,102,81,79.41,83.33,0.75,Theory,No,No,No,Rainy,No,8.1,Morning,Provided,Synthetic development data
06-07-2026,Monday,3,10:15,11:15,Innovation and Entrepreneurship Development,IT34,JSP_Visiting,3,MCA,B,403,102,79,77.45,79.41,1.0,Theory,No,No,No,Sunny,No,13.1,Morning,Provided,Synthetic development data
06-07-2026,Monday,4,11:15,12:15,Innovation and Entrepreneurship Development,IT34,JSP_Visiting,3,MCA,B,403,102,85,83.33,77.45,1.0,Theory,No,No,No,Cloudy,No,14.5,Morning,Provided,Synthetic development data
06-07-2026,Monday,5,13:30,15:30,"Practical based on Mobile Application Development, Machine Learning and Software Testing",IT31L,SSP_Visiting_SP_MLK_DPY,3,MCA,B,401/402,102,66,64.71,83.33,2.25,Practical,No,No,No,Sunny,No,9.7,Afternoon,Provided,Synthetic development data
07-07-2026,Tuesday,1,08:30,09:15,Mobile Application Development,IT31,SSP_Visiting,3,MCA,B,403,102,84,82.35,64.71,19.0,Theory,No,No,No,Rainy,No,4.8,Morning,Provided,Synthetic development data
07-07-2026,Tuesday,2,09:15,10:15,Mobile Application Development,IT31,SSP_Visiting,3,MCA,B,403,102,76,74.51,82.35,0.75,Theory,No,Yes,No,Rainy,No,4.4,Morning,Provided,Synthetic development data
07-07-2026,Tuesday,3,10:15,11:15,Data Science and Machine Learning,IT32,SP_MLK,3,MCA,B,403,102,77,75.49,74.51,1.0,Theory,Yes,No,No,Cloudy,No,10.3,Morning,Provided,Synthetic development data
07-07-2026,Tuesday,4,11:15,12:15,Principles of Cloud Management and Security,IT35,KSD_SDM,3,MCA,B,403,102,76,74.51,75.49,1.0,Theory,No,No,No,Cloudy,No,4.7,Morning,Provided,Synthetic development data
07-07-2026,Tuesday,5,13:30,15:30,Data Science and Machine Learning,IT32,SP_MLK,3,MCA,B,403,102,73,71.57,74.51,2.25,Theory,No,No,No,Sunny,No,9.2,Afternoon,Provided,Synthetic development data
08-07-2026,Wednesday,1,08:30,09:15,Mobile Application Development,IT31,SSP_Visiting,3,MCA,B,403,102,76,74.51,71.57,19.0,Theory,No,Yes,No,Cloudy,No,12.9,Morning,Provided,Synthetic development data
08-07-2026,Wednesday,2,09:15,10:15,Mobile Application Development,IT31,SSP_Visiting,3,MCA,B,403,102,86,84.31,74.51,0.75,Theory,No,No,No,Rainy,No,7.1,Morning,Provided,Synthetic development data
08-07-2026,Wednesday,3,10:15,11:15,Data Science and Machine Learning,IT32,SP_MLK,3,MCA,B,403,102,80,78.43,84.31,1.0,Theory,No,No,No,Rainy,No,6.9,Morning,Provided,Synthetic development data
08-07-2026,Wednesday,4,11:15,12:15,Principles of Cloud Management and Security,IT35,KSD_SDM,3,MCA,B,403,102,75,73.53,78.43,1.0,Theory,No,No,No,Cloudy,No,2.5,Morning,Provided,Synthetic development data
08-07-2026,Wednesday,5,13:30,15:30,Innovation and Entrepreneurship Development,IT34,JSP_Visiting,3,MCA,B,403,102,74,72.55,73.53,2.25,Theory,No,No,No,Cloudy,No,5.3,Afternoon,Provided,Synthetic development data
09-07-2026,Thursday,1,08:30,09:15,Mobile Application Development,IT31,SSP_Visiting,3,MCA,B,403,102,80,78.43,72.55,19.0,Theory,No,No,No,Cloudy,No,11.1,Morning,Provided,Synthetic development data
09-07-2026,Thursday,2,09:15,10:15,Mobile Application Development,IT31,SSP_Visiting,3,MCA,B,403,102,77,75.49,78.43,0.75,Theory,No,No,No,Rainy,No,6.7,Morning,Provided,Synthetic development data
09-07-2026,Thursday,3,10:15,11:15,Data Science and Machine Learning,IT32,SP_MLK,3,MCA,B,403,102,74,72.55,75.49,1.0,Theory,No,Yes,No,Cloudy,No,4.1,Morning,Provided,Synthetic development data
09-07-2026,Thursday,4,11:15,12:15,Software Testing and Quality Assurance,IT33,DPY,3,MCA,B,403,102,73,71.57,72.55,1.0,Theory,No,No,No,Sunny,No,3.4,Morning,Provided,Synthetic development data
09-07-2026,Thursday,5,13:30,15:30,"Practical based on Mobile Application Development, Machine Learning and Software Testing",IT31L,SSP_Visiting_SP_MLK_DPY,3,MCA,B,401/402,102,80,78.43,71.57,2.25,Practical,No,No,No,Sunny,No,3.2,Afternoon,Provided,Synthetic development data
10-07-2026,Friday,1,08:30,09:15,"Practical based on Mobile Application Development, Machine Learning and Software Testing",IT31L,SSP_Visiting_SP_MLK_DPY,3,MCA,B,401/402,102,86,84.31,78.43,19.0,Practical,No,No,No,Sunny,No,10.6,Morning,Provided,Synthetic development data
10-07-2026,Friday,2,09:15,10:15,"Practical based on Mobile Application Development, Machine Learning and Software Testing",IT31L,SSP_Visiting_SP_MLK_DPY,3,MCA,B,401/402,102,75,73.53,84.31,0.75,Practical,No,No,No,Rainy,No,10.0,Morning,Provided,Synthetic development data
10-07-2026,Friday,3,10:15,11:15,Data Science and Machine Learning,IT32,SP_MLK,3,MCA,B,403,102,80,78.43,73.53,1.0,Theory,No,No,No,Cloudy,No,8.7,Morning,Provided,Synthetic development data
10-07-2026,Friday,4,11:15,12:15,Principles of Cloud Management and Security,IT35,KSD_SDM,3,MCA,B,403,102,78,76.47,78.43,1.0,Theory,No,No,No,Rainy,No,8.5,Morning,Provided,Synthetic development data
13-07-2026,Monday,1,08:30,09:15,Mobile Application Development,IT31,SSP_Visiting,3,MCA,B,403,102,73,71.57,76.47,69.25,Theory,No,No,No,Cloudy,No,4.0,Morning,Provided,Synthetic development data
13-07-2026,Monday,2,09:15,10:15,Mobile Application Development,IT31,SSP_Visiting,3,MCA,B,403,102,82,80.39,71.57,0.75,Theory,No,No,No,Cloudy,No,8.5,Morning,Provided,Synthetic development data
13-07-2026,Monday,3,10:15,11:15,Innovation and Entrepreneurship Development,IT34,JSP_Visiting,3,MCA,B,403,102,75,73.53,80.39,1.0,Theory,No,No,No,Sunny,No,2.8,Morning,Provided,Synthetic development data
13-07-2026,Monday,4,11:15,12:15,Innovation and Entrepreneurship Development,IT34,JSP_Visiting,3,MCA,B,403,102,77,75.49,73.53,1.0,Theory,No,No,No,Rainy,No,14.0,Morning,Provided,Synthetic development data
13-07-2026,Monday,5,13:30,15:30,"Practical based on Mobile Application Development, Machine Learning and Software Testing",IT31L,SSP_Visiting_SP_MLK_DPY,3,MCA,B,401/402,102,90,88.24,75.49,2.25,Practical,No,No,No,Cloudy,No,2.8,Afternoon,Provided,Synthetic development data
14-07-2026,Tuesday,1,08:30,09:15,Mobile Application Development,IT31,SSP_Visiting,3,MCA,B,403,102,80,78.43,88.24,19.0,Theory,Yes,No,No,Cloudy,No,7.5,Morning,Provided,Synthetic development data
14-07-2026,Tuesday,2,09:15,10:15,Mobile Application Development,IT31,SSP_Visiting,3,MCA,B,403,102,91,89.22,78.43,0.75,Theory,Yes,No,No,Cloudy,No,2.0,Morning,Provided,Synthetic development data
14-07-2026,Tuesday,3,10:15,11:15,Data Science and Machine Learning,IT32,SP_MLK,3,MCA,B,403,102,75,73.53,89.22,1.0,Theory,No,No,No,Cloudy,No,12.2,Morning,Provided,Synthetic development data
14-07-2026,Tuesday,4,11:15,12:15,Principles of Cloud Management and Security,IT35,KSD_SDM,3,MCA,B,403,102,78,76.47,73.53,1.0,Theory,No,No,No,Rainy,No,4.2,Morning,Provided,Synthetic development data
14-07-2026,Tuesday,5,13:30,15:30,Data Science and Machine Learning,IT32,SP_MLK,3,MCA,B,403,102,76,74.51,76.47,2.25,Theory,Yes,No,No,Sunny,No,14.0,Afternoon,Provided,Synthetic development data
15-07-2026,Wednesday,1,08:30,09:15,Mobile Application Development,IT31,SSP_Visiting,3,MCA,B,403,102,73,71.57,74.51,19.0,Theory,No,No,No,Cloudy,No,2.6,Morning,Provided,Synthetic development data
15-07-2026,Wednesday,2,09:15,10:15,Mobile Application Development,IT31,SSP_Visiting,3,MCA,B,403,102,80,78.43,71.57,0.75,Theory,Yes,No,No,Rainy,No,12.7,Morning,Provided,Synthetic development data
15-07-2026,Wednesday,3,10:15,11:15,Data Science and Machine Learning,IT32,SP_MLK,3,MCA,B,403,102,72,70.59,78.43,1.0,Theory,No,No,No,Cloudy,No,10.5,Morning,Provided,Synthetic development data
15-07-2026,Wednesday,4,11:15,12:15,Principles of Cloud Management and Security,IT35,KSD_SDM,3,MCA,B,403,102,76,74.51,70.59,1.0,Theory,No,No,No,Rainy,No,5.2,Morning,Provided,Synthetic development data
15-07-2026,Wednesday,5,13:30,15:30,Innovation and Entrepreneurship Development,IT34,JSP_Visiting,3,MCA,B,403,102,77,75.49,74.51,2.25,Theory,No,Yes,No,Sunny,No,4.6,Afternoon,Provided,Synthetic development data
16-07-2026,Thursday,1,08:30,09:15,Mobile Application Development,IT31,SSP_Visiting,3,MCA,B,403,102,83,81.37,75.49,19.0,Theory,Yes,No,No,Sunny,No,6.6,Morning,Provided,Synthetic development data
16-07-2026,Thursday,2,09:15,10:15,Mobile Application Development,IT31,SSP_Visiting,3,MCA,B,403,102,85,83.33,81.37,0.75,Theory,No,No,No,Cloudy,No,12.8,Morning,Provided,Synthetic development data
16-07-2026,Thursday,3,10:15,11:15,Data Science and Machine Learning,IT32,SP_MLK,3,MCA,B,403,102,69,67.65,83.33,1.0,Theory,No,No,No,Rainy,No,13.2,Morning,Provided,Synthetic development data
16-07-2026,Thursday,4,11:15,12:15,Software Testing and Quality Assurance,IT33,DPY,3,MCA,B,403,102,76,74.51,67.65,1.0,Theory,No,No,No,Sunny,No,4.3,Morning,Provided,Synthetic development data
16-07-2026,Thursday,5,13:30,15:30,"Practical based on Mobile Application Development, Machine Learning and Software Testing",IT31L,SSP_Visiting_SP_MLK_DPY,3,MCA,B,401/402,102,84,82.35,74.51,2.25,Practical,No,No,No,Rainy,No,6.6,Afternoon,Provided,Synthetic development data
17-07-2026,Friday,1,08:30,09:15,"Practical based on Mobile Application Development, Machine Learning and Software Testing",IT31L,SSP_Visiting_SP_MLK_DPY,3,MCA,B,401/402,102,85,83.33,82.35,19.0,Practical,No,No,No,Sunny,No,5.1,Morning,Provided,Synthetic development data
17-07-2026,Friday,2,09:15,10:15,"Practical based on Mobile Application Development, Machine Learning and Software Testing",IT31L,SSP_Visiting_SP_MLK_DPY,3,MCA,B,401/402,102,86,84.31,83.33,0.75,Practical,No,No,No,Rainy,No,3.6,Morning,Provided,Synthetic development data
17-07-2026,Friday,3,10:15,11:15,Data Science and Machine Learning,IT32,SP_MLK,3,MCA,B,403,102,70,68.63,84.31,1.0,Theory,No,No,No,Cloudy,No,10.4,Morning,Provided,Synthetic development data
17-07-2026,Friday,4,11:15,12:15,Principles of Cloud Management and Security,IT35,KSD_SDM,3,MCA,B,403,102,69,67.65,68.63,1.0,Theory,No,No,No,Rainy,No,6.5,Morning,Provided,Synthetic development data
20-07-2026,Monday,1,08:30,09:15,Mobile Application Development,IT31,SSP_Visiting,3,MCA,B,403,102,72,70.59,67.65,69.25,Theory,No,No,No,Cloudy,No,4.9,Morning,Provided,Synthetic development data
20-07-2026,Monday,2,09:15,10:15,Mobile Application Development,IT31,SSP_Visiting,3,MCA,B,403,102,87,85.29,70.59,0.75,Theory,No,No,No,Rainy,Yes,13.3,Morning,Provided,Synthetic development data
20-07-2026,Monday,3,10:15,11:15,Innovation and Entrepreneurship Development,IT34,JSP_Visiting,3,MCA,B,403,102,86,84.31,85.29,1.0,Theory,No,No,No,Sunny,No,11.7,Morning,Provided,Synthetic development data
20-07-2026,Monday,4,11:15,12:15,Innovation and Entrepreneurship Development,IT34,JSP_Visiting,3,MCA,B,403,102,77,75.49,84.31,1.0,Theory,No,No,No,Cloudy,No,12.1,Morning,Provided,Synthetic development data
20-07-2026,Monday,5,13:30,15:30,"Practical based on Mobile Application Development, Machine Learning and Software Testing",IT31L,SSP_Visiting_SP_MLK_DPY,3,MCA,B,401/402,102,92,90.2,75.49,2.25,Practical,No,No,No,Cloudy,No,2.5,Afternoon,Provided,Synthetic development data
21-07-2026,Tuesday,1,08:30,09:15,Mobile Application Development,IT31,SSP_Visiting,3,MCA,B,403,102,70,68.63,90.2,19.0,Theory,No,No,No,Rainy,No,13.9,Morning,Provided,Synthetic development data
21-07-2026,Tuesday,2,09:15,10:15,Mobile Application Development,IT31,SSP_Visiting,3,MCA,B,403,102,84,82.35,68.63,0.75,Theory,No,No,No,Sunny,No,9.5,Morning,Provided,Synthetic development data
21-07-2026,Tuesday,3,10:15,11:15,Data Science and Machine Learning,IT32,SP_MLK,3,MCA,B,403,102,88,86.27,82.35,1.0,Theory,No,No,No,Rainy,No,8.5,Morning,Provided,Synthetic development data
21-07-2026,Tuesday,4,11:15,12:15,Principles of Cloud Management and Security,IT35,KSD_SDM,3,MCA,B,403,102,84,82.35,86.27,1.0,Theory,No,No,No,Sunny,No,2.1,Morning,Provided,Synthetic development data
21-07-2026,Tuesday,5,13:30,15:30,Data Science and Machine Learning,IT32,SP_MLK,3,MCA,B,403,102,73,71.57,82.35,2.25,Theory,No,No,No,Cloudy,No,13.7,Afternoon,Provided,Synthetic development data
22-07-2026,Wednesday,1,08:30,09:15,Mobile Application Development,IT31,SSP_Visiting,3,MCA,B,403,102,78,76.47,71.57,19.0,Theory,No,No,No,Sunny,No,9.1,Morning,Provided,Synthetic development data
22-07-2026,Wednesday,2,09:15,10:15,Mobile Application Development,IT31,SSP_Visiting,3,MCA,B,403,102,75,73.53,76.47,0.75,Theory,No,No,No,Sunny,No,12.7,Morning,Provided,Synthetic development data
22-07-2026,Wednesday,3,10:15,11:15,Data Science and Machine Learning,IT32,SP_MLK,3,MCA,B,403,102,74,72.55,73.53,1.0,Theory,No,No,No,Cloudy,No,10.5,Morning,Provided,Synthetic development data
22-07-2026,Wednesday,4,11:15,12:15,Principles of Cloud Management and Security,IT35,KSD_SDM,3,MCA,B,403,102,68,66.67,72.55,1.0,Theory,No,No,No,Sunny,No,12.4,Morning,Provided,Synthetic development data
22-07-2026,Wednesday,5,13:30,15:30,Innovation and Entrepreneurship Development,IT34,JSP_Visiting,3,MCA,B,403,102,75,73.53,66.67,2.25,Theory,No,No,No,Rainy,No,11.0,Afternoon,Provided,Synthetic development data
23-07-2026,Thursday,1,08:30,09:15,Mobile Application Development,IT31,SSP_Visiting,3,MCA,B,403,102,71,69.61,73.53,19.0,Theory,No,No,No,Rainy,Yes,14.0,Morning,Provided,Synthetic development data
23-07-2026,Thursday,2,09:15,10:15,Mobile Application Development,IT31,SSP_Visiting,3,MCA,B,403,102,73,71.57,69.61,0.75,Theory,Yes,No,No,Cloudy,No,4.9,Morning,Provided,Synthetic development data
23-07-2026,Thursday,3,10:15,11:15,Data Science and Machine Learning,IT32,SP_MLK,3,MCA,B,403,102,80,78.43,71.57,1.0,Theory,No,No,No,Cloudy,No,4.6,Morning,Provided,Synthetic development data
23-07-2026,Thursday,4,11:15,12:15,Software Testing and Quality Assurance,IT33,DPY,3,MCA,B,403,102,68,66.67,78.43,1.0,Theory,No,No,No,Cloudy,No,11.3,Morning,Provided,Synthetic development data
23-07-2026,Thursday,5,13:30,15:30,"Practical based on Mobile Application Development, Machine Learning and Software Testing",IT31L,SSP_Visiting_SP_MLK_DPY,3,MCA,B,401/402,102,79,77.45,66.67,2.25,Practical,No,No,No,Cloudy,No,8.5,Afternoon,Provided,Synthetic development data
24-07-2026,Friday,1,08:30,09:15,"Practical based on Mobile Application Development, Machine Learning and Software Testing",IT31L,SSP_Visiting_SP_MLK_DPY,3,MCA,B,401/402,102,83,81.37,77.45,19.0,Practical,No,No,No,Cloudy,No,9.8,Morning,Provided,Synthetic development data
24-07-2026,Friday,2,09:15,10:15,"Practical based on Mobile Application Development, Machine Learning and Software Testing",IT31L,SSP_Visiting_SP_MLK_DPY,3,MCA,B,401/402,102,87,85.29,81.37,0.75,Practical,No,No,No,Sunny,No,11.2,Morning,Provided,Synthetic development data
24-07-2026,Friday,3,10:15,11:15,Data Science and Machine Learning,IT32,SP_MLK,3,MCA,B,403,102,67,65.69,85.29,1.0,Theory,No,No,No,Rainy,No,9.1,Morning,Provided,Synthetic development data
24-07-2026,Friday,4,11:15,12:15,Principles of Cloud Management and Security,IT35,KSD_SDM,3,MCA,B,403,102,79,77.45,65.69,1.0,Theory,No,No,No,Rainy,No,12.2,Morning,Provided,Synthetic development data
27-07-2026,Monday,1,08:30,09:15,Mobile Application Development,IT31,SSP_Visiting,3,MCA,B,403,102,76,74.51,77.45,69.25,Theory,Yes,No,No,Cloudy,No,6.1,Morning,Provided,Synthetic development data
27-07-2026,Monday,2,09:15,10:15,Mobile Application Development,IT31,SSP_Visiting,3,MCA,B,403,102,79,77.45,74.51,0.75,Theory,No,No,No,Rainy,No,13.2,Morning,Provided,Synthetic development data
27-07-2026,Monday,3,10:15,11:15,Innovation and Entrepreneurship Development,IT34,JSP_Visiting,3,MCA,B,403,102,83,81.37,77.45,1.0,Theory,No,No,No,Cloudy,No,3.4,Morning,Provided,Synthetic development data
27-07-2026,Monday,4,11:15,12:15,Innovation and Entrepreneurship Development,IT34,JSP_Visiting,3,MCA,B,403,102,81,79.41,81.37,1.0,Theory,No,No,No,Sunny,No,10.2,Morning,Provided,Synthetic development data
27-07-2026,Monday,5,13:30,15:30,"Practical based on Mobile Application Development, Machine Learning and Software Testing",IT31L,SSP_Visiting_SP_MLK_DPY,3,MCA,B,401/402,102,81,79.41,79.41,2.25,Practical,No,No,No,Cloudy,No,13.6,Afternoon,Provided,Synthetic development data
28-07-2026,Tuesday,1,08:30,09:15,Mobile Application Development,IT31,SSP_Visiting,3,MCA,B,403,102,75,73.53,79.41,19.0,Theory,No,No,No,Cloudy,No,5.3,Morning,Provided,Synthetic development data
28-07-2026,Tuesday,2,09:15,10:15,Mobile Application Development,IT31,SSP_Visiting,3,MCA,B,403,102,75,73.53,73.53,0.75,Theory,No,No,No,Sunny,No,6.2,Morning,Provided,Synthetic development data
28-07-2026,Tuesday,3,10:15,11:15,Data Science and Machine Learning,IT32,SP_MLK,3,MCA,B,403,102,80,78.43,73.53,1.0,Theory,No,No,No,Cloudy,No,6.0,Morning,Provided,Synthetic development data
28-07-2026,Tuesday,4,11:15,12:15,Principles of Cloud Management and Security,IT35,KSD_SDM,3,MCA,B,403,102,75,73.53,78.43,1.0,Theory,No,No,No,Rainy,No,9.3,Morning,Provided,Synthetic development data
28-07-2026,Tuesday,5,13:30,15:30,Data Science and Machine Learning,IT32,SP_MLK,3,MCA,B,403,102,77,75.49,73.53,2.25,Theory,No,No,No,Cloudy,No,7.4,Afternoon,Provided,Synthetic development data
29-07-2026,Wednesday,1,08:30,09:15,Mobile Application Development,IT31,SSP_Visiting,3,MCA,B,403,102,80,78.43,75.49,19.0,Theory,No,No,No,Cloudy,No,3.4,Morning,Provided,Synthetic development data
29-07-2026,Wednesday,2,09:15,10:15,Mobile Application Development,IT31,SSP_Visiting,3,MCA,B,403,102,82,80.39,78.43,0.75,Theory,No,No,No,Cloudy,No,13.6,Morning,Provided,Synthetic development data
29-07-2026,Wednesday,3,10:15,11:15,Data Science and Machine Learning,IT32,SP_MLK,3,MCA,B,403,102,78,76.47,80.39,1.0,Theory,No,No,No,Sunny,No,4.7,Morning,Provided,Synthetic development data
29-07-2026,Wednesday,4,11:15,12:15,Principles of Cloud Management and Security,IT35,KSD_SDM,3,MCA,B,403,102,76,74.51,76.47,1.0,Theory,No,No,No,Rainy,No,8.9,Morning,Provided,Synthetic development data
29-07-2026,Wednesday,5,13:30,15:30,Innovation and Entrepreneurship Development,IT34,JSP_Visiting,3,MCA,B,403,102,75,73.53,74.51,2.25,Theory,No,No,No,Sunny,No,9.7,Afternoon,Provided,Synthetic development data
30-07-2026,Thursday,1,08:30,09:15,Mobile Application Development,IT31,SSP_Visiting,3,MCA,B,403,102,72,70.59,73.53,19.0,Theory,No,No,No,Cloudy,No,2.5,Morning,Provided,Synthetic development data
30-07-2026,Thursday,2,09:15,10:15,Mobile Application Development,IT31,SSP_Visiting,3,MCA,B,403,102,78,76.47,70.59,0.75,Theory,No,No,No,Rainy,No,3.2,Morning,Provided,Synthetic development data
30-07-2026,Thursday,3,10:15,11:15,Data Science and Machine Learning,IT32,SP_MLK,3,MCA,B,403,102,89,87.25,76.47,1.0,Theory,No,No,No,Cloudy,No,14.6,Morning,Provided,Synthetic development data
30-07-2026,Thursday,4,11:15,12:15,Software Testing and Quality Assurance,IT33,DPY,3,MCA,B,403,102,69,67.65,87.25,1.0,Theory,No,No,No,Rainy,No,10.6,Morning,Provided,Synthetic development data
30-07-2026,Thursday,5,13:30,15:30,"Practical based on Mobile Application Development, Machine Learning and Software Testing",IT31L,SSP_Visiting_SP_MLK_DPY,3,MCA,B,401/402,102,89,87.25,67.65,2.25,Practical,No,No,No,Cloudy,No,2.4,Afternoon,Provided,Synthetic development data
31-07-2026,Friday,1,08:30,09:15,"Practical based on Mobile Application Development, Machine Learning and Software Testing",IT31L,SSP_Visiting_SP_MLK_DPY,3,MCA,B,401/402,102,84,82.35,87.25,19.0,Practical,Yes,No,No,Cloudy,Yes,12.3,Morning,Provided,Synthetic development data
31-07-2026,Friday,2,09:15,10:15,"Practical based on Mobile Application Development, Machine Learning and Software Testing",IT31L,SSP_Visiting_SP_MLK_DPY,3,MCA,B,401/402,102,85,83.33,82.35,0.75,Practical,No,Yes,No,Sunny,No,8.6,Morning,Provided,Synthetic development data
31-07-2026,Friday,3,10:15,11:15,Data Science and Machine Learning,IT32,SP_MLK,3,MCA,B,403,102,73,71.57,83.33,1.0,Theory,No,No,No,Sunny,No,3.0,Morning,Provided,Synthetic development data
31-07-2026,Friday,4,11:15,12:15,Principles of Cloud Management and Security,IT35,KSD_SDM,3,MCA,B,403,102,71,69.61,71.57,1.0,Theory,No,No,No,Rainy,No,10.8,Morning,Provided,Synthetic development data
03-08-2026,Monday,1,08:30,09:15,Mobile Application Development,IT31,SSP_Visiting,3,MCA,B,403,102,71,69.61,69.61,69.25,Theory,No,No,No,Rainy,No,8.5,Morning,Provided,Synthetic development data
03-08-2026,Monday,2,09:15,10:15,Mobile Application Development,IT31,SSP_Visiting,3,MCA,B,403,102,80,78.43,69.61,0.75,Theory,No,No,No,Cloudy,No,4.7,Morning,Provided,Synthetic development data
03-08-2026,Monday,3,10:15,11:15,Innovation and Entrepreneurship Development,IT34,JSP_Visiting,3,MCA,B,403,102,85,83.33,78.43,1.0,Theory,No,No,No,Sunny,No,13.4,Morning,Provided,Synthetic development data
03-08-2026,Monday,4,11:15,12:15,Innovation and Entrepreneurship Development,IT34,JSP_Visiting,3,MCA,B,403,102,70,68.63,83.33,1.0,Theory,No,No,No,Rainy,No,5.8,Morning,Provided,Synthetic development data
03-08-2026,Monday,5,13:30,15:30,"Practical based on Mobile Application Development, Machine Learning and Software Testing",IT31L,SSP_Visiting_SP_MLK_DPY,3,MCA,B,401/402,102,82,80.39,68.63,2.25,Practical,No,No,No,Sunny,No,5.7,Afternoon,Provided,Synthetic development data
04-08-2026,Tuesday,1,08:30,09:15,Mobile Application Development,IT31,SSP_Visiting,3,MCA,B,403,102,78,76.47,80.39,19.0,Theory,No,No,No,Cloudy,No,5.5,Morning,Provided,Synthetic development data
04-08-2026,Tuesday,2,09:15,10:15,Mobile Application Development,IT31,SSP_Visiting,3,MCA,B,403,102,81,79.41,76.47,0.75,Theory,No,No,No,Cloudy,No,12.0,Morning,Provided,Synthetic development data
04-08-2026,Tuesday,3,10:15,11:15,Data Science and Machine Learning,IT32,SP_MLK,3,MCA,B,403,102,76,74.51,79.41,1.0,Theory,No,No,No,Rainy,No,11.2,Morning,Provided,Synthetic development data
04-08-2026,Tuesday,4,11:15,12:15,Principles of Cloud Management and Security,IT35,KSD_SDM,3,MCA,B,403,102,79,77.45,74.51,1.0,Theory,No,No,No,Rainy,No,13.7,Morning,Provided,Synthetic development data
04-08-2026,Tuesday,5,13:30,15:30,Data Science and Machine Learning,IT32,SP_MLK,3,MCA,B,403,102,66,64.71,77.45,2.25,Theory,No,No,No,Cloudy,No,5.0,Afternoon,Provided,Synthetic development data
05-08-2026,Wednesday,1,08:30,09:15,Mobile Application Development,IT31,SSP_Visiting,3,MCA,B,403,102,85,83.33,64.71,19.0,Theory,No,No,No,Cloudy,No,12.2,Morning,Provided,Synthetic development data
05-08-2026,Wednesday,2,09:15,10:15,Mobile Application Development,IT31,SSP_Visiting,3,MCA,B,403,102,84,82.35,83.33,0.75,Theory,No,No,No,Cloudy,No,9.4,Morning,Provided,Synthetic development data
05-08-2026,Wednesday,3,10:15,11:15,Data Science and Machine Learning,IT32,SP_MLK,3,MCA,B,403,102,79,77.45,82.35,1.0,Theory,No,No,No,Rainy,No,6.0,Morning,Provided,Synthetic development data
05-08-2026,Wednesday,4,11:15,12:15,Principles of Cloud Management and Security,IT35,KSD_SDM,3,MCA,B,403,102,71,69.61,77.45,1.0,Theory,No,No,No,Rainy,No,2.5,Morning,Provided,Synthetic development data
05-08-2026,Wednesday,5,13:30,15:30,Innovation and Entrepreneurship Development,IT34,JSP_Visiting,3,MCA,B,403,102,74,72.55,69.61,2.25,Theory,No,No,No,Cloudy,No,12.6,Afternoon,Provided,Synthetic development data
06-08-2026,Thursday,1,08:30,09:15,Mobile Application Development,IT31,SSP_Visiting,3,MCA,B,403,102,77,75.49,72.55,19.0,Theory,No,No,No,Rainy,No,5.1,Morning,Provided,Synthetic development data
06-08-2026,Thursday,2,09:15,10:15,Mobile Application Development,IT31,SSP_Visiting,3,MCA,B,403,102,79,77.45,75.49,0.75,Theory,No,No,No,Rainy,No,10.2,Morning,Provided,Synthetic development data
06-08-2026,Thursday,3,10:15,11:15,Data Science and Machine Learning,IT32,SP_MLK,3,MCA,B,403,102,75,73.53,77.45,1.0,Theory,No,No,No,Cloudy,No,9.1,Morning,Provided,Synthetic development data
06-08-2026,Thursday,4,11:15,12:15,Software Testing and Quality Assurance,IT33,DPY,3,MCA,B,403,102,77,75.49,73.53,1.0,Theory,No,No,No,Sunny,No,2.1,Morning,Provided,Synthetic development data
06-08-2026,Thursday,5,13:30,15:30,"Practical based on Mobile Application Development, Machine Learning and Software Testing",IT31L,SSP_Visiting_SP_MLK_DPY,3,MCA,B,401/402,102,85,83.33,75.49,2.25,Practical,No,No,No,Rainy,No,14.9,Afternoon,Provided,Synthetic development data
07-08-2026,Friday,1,08:30,09:15,"Practical based on Mobile Application Development, Machine Learning and Software Testing",IT31L,SSP_Visiting_SP_MLK_DPY,3,MCA,B,401/402,102,80,78.43,83.33,19.0,Practical,No,No,No,Rainy,No,12.6,Morning,Provided,Synthetic development data
07-08-2026,Friday,2,09:15,10:15,"Practical based on Mobile Application Development, Machine Learning and Software Testing",IT31L,SSP_Visiting_SP_MLK_DPY,3,MCA,B,401/402,102,75,73.53,78.43,0.75,Practical,No,Yes,No,Sunny,No,8.3,Morning,Provided,Synthetic development data
07-08-2026,Friday,3,10:15,11:15,Data Science and Machine Learning,IT32,SP_MLK,3,MCA,B,403,102,77,75.49,73.53,1.0,Theory,No,No,No,Cloudy,No,10.8,Morning,Provided,Synthetic development data
07-08-2026,Friday,4,11:15,12:15,Principles of Cloud Management and Security,IT35,KSD_SDM,3,MCA,B,403,102,89,87.25,75.49,1.0,Theory,No,No,No,Sunny,No,8.2,Morning,Provided,Synthetic development data
10-08-2026,Monday,1,08:30,09:15,Mobile Application Development,IT31,SSP_Visiting,3,MCA,B,403,102,77,75.49,87.25,69.25,Theory,No,Yes,No,Sunny,No,11.7,Morning,Provided,Synthetic development data
10-08-2026,Monday,2,09:15,10:15,Mobile Application Development,IT31,SSP_Visiting,3,MCA,B,403,102,80,78.43,75.49,0.75,Theory,Yes,No,No,Cloudy,No,3.7,Morning,Provided,Synthetic development data
10-08-2026,Monday,3,10:15,11:15,Innovation and Entrepreneurship Development,IT34,JSP_Visiting,3,MCA,B,403,102,82,80.39,78.43,1.0,Theory,No,No,No,Cloudy,No,7.8,Morning,Provided,Synthetic development data
10-08-2026,Monday,4,11:15,12:15,Innovation and Entrepreneurship Development,IT34,JSP_Visiting,3,MCA,B,403,102,77,75.49,80.39,1.0,Theory,No,Yes,No,Cloudy,Yes,6.4,Morning,Provided,Synthetic development data
10-08-2026,Monday,5,13:30,15:30,"Practical based on Mobile Application Development, Machine Learning and Software Testing",IT31L,SSP_Visiting_SP_MLK_DPY,3,MCA,B,401/402,102,86,84.31,75.49,2.25,Practical,No,No,No,Cloudy,No,8.0,Afternoon,Provided,Synthetic development data
11-08-2026,Tuesday,1,08:30,09:15,Mobile Application Development,IT31,SSP_Visiting,3,MCA,B,403,102,78,76.47,84.31,19.0,Theory,No,No,No,Rainy,No,7.9,Morning,Provided,Synthetic development data
11-08-2026,Tuesday,2,09:15,10:15,Mobile Application Development,IT31,SSP_Visiting,3,MCA,B,403,102,84,82.35,76.47,0.75,Theory,No,No,No,Sunny,No,3.9,Morning,Provided,Synthetic development data
11-08-2026,Tuesday,3,10:15,11:15,Data Science and Machine Learning,IT32,SP_MLK,3,MCA,B,403,102,78,76.47,82.35,1.0,Theory,No,No,No,Sunny,No,14.7,Morning,Provided,Synthetic development data
11-08-2026,Tuesday,4,11:15,12:15,Principles of Cloud Management and Security,IT35,KSD_SDM,3,MCA,B,403,102,76,74.51,76.47,1.0,Theory,No,No,No,Sunny,No,2.2,Morning,Provided,Synthetic development data
11-08-2026,Tuesday,5,13:30,15:30,Data Science and Machine Learning,IT32,SP_MLK,3,MCA,B,403,102,75,73.53,74.51,2.25,Theory,No,No,No,Sunny,No,2.1,Afternoon,Provided,Synthetic development data
12-08-2026,Wednesday,1,08:30,09:15,Mobile Application Development,IT31,SSP_Visiting,3,MCA,B,403,102,77,75.49,73.53,19.0,Theory,No,No,No,Cloudy,No,6.9,Morning,Provided,Synthetic development data
12-08-2026,Wednesday,2,09:15,10:15,Mobile Application Development,IT31,SSP_Visiting,3,MCA,B,403,102,75,73.53,75.49,0.75,Theory,No,No,No,Rainy,No,10.1,Morning,Provided,Synthetic development data
12-08-2026,Wednesday,3,10:15,11:15,Data Science and Machine Learning,IT32,SP_MLK,3,MCA,B,403,102,75,73.53,73.53,1.0,Theory,No,No,No,Sunny,No,4.3,Morning,Provided,Synthetic development data
12-08-2026,Wednesday,4,11:15,12:15,Principles of Cloud Management and Security,IT35,KSD_SDM,3,MCA,B,403,102,77,75.49,73.53,1.0,Theory,No,No,No,Sunny,No,8.9,Morning,Provided,Synthetic development data
12-08-2026,Wednesday,5,13:30,15:30,Innovation and Entrepreneurship Development,IT34,JSP_Visiting,3,MCA,B,403,102,78,76.47,75.49,2.25,Theory,No,No,No,Cloudy,No,11.4,Afternoon,Provided,Synthetic development data
13-08-2026,Thursday,1,08:30,09:15,Mobile Application Development,IT31,SSP_Visiting,3,MCA,B,403,102,78,76.47,76.47,19.0,Theory,No,No,No,Sunny,No,3.2,Morning,Provided,Synthetic development data
13-08-2026,Thursday,2,09:15,10:15,Mobile Application Development,IT31,SSP_Visiting,3,MCA,B,403,102,72,70.59,76.47,0.75,Theory,No,No,No,Cloudy,No,14.8,Morning,Provided,Synthetic development data
13-08-2026,Thursday,3,10:15,11:15,Data Science and Machine Learning,IT32,SP_MLK,3,MCA,B,403,102,79,77.45,70.59,1.0,Theory,No,No,No,Cloudy,No,6.4,Morning,Provided,Synthetic development data
13-08-2026,Thursday,4,11:15,12:15,Software Testing and Quality Assurance,IT33,DPY,3,MCA,B,403,102,81,79.41,77.45,1.0,Theory,Yes,No,No,Rainy,No,10.4,Morning,Provided,Synthetic development data
13-08-2026,Thursday,5,13:30,15:30,"Practical based on Mobile Application Development, Machine Learning and Software Testing",IT31L,SSP_Visiting_SP_MLK_DPY,3,MCA,B,401/402,102,87,85.29,79.41,2.25,Practical,No,No,No,Rainy,No,3.4,Afternoon,Provided,Synthetic development data
