Date,Day of Week,Lecture Number,Start Time,Subject,Faculty ID,Semester,Branch,Section,Classroom,Total Enrolled Students,Students Present,Attendance Percentage,Previous Lecture Attendance,Gap Since Previous Lecture,Practical/Theory,Internal Test Week,Assignment Due,Holiday Before/After,Weather,Special Event,Faculty Experience
03-08-2026,Monday,2,10:00,Database Management Systems,F_002,5,CSE,A,Room 401,60,49,81.67,83.6,72.0,Theory,No,No,No,Sunny,No,12
03-08-2026,Monday,3,11:15,Python Programming,F_001,5,CSE,A,Room 401,60,46,76.67,73.42,1.0,Theory,No,No,No,Sunny,No,8
03-08-2026,Monday,6,14:45,Database Management Systems,F_002,5,CSE,A,Room 401,60,44,73.33,81.67,1.0,Theory,No,No,No,Sunny,No,12
03-08-2026,Monday,2,10:00,Python Lab,F_001,5,CSE,B,Lab 1,62,59,95.16,92.44,48.0,Practical,No,No,No,Sunny,No,8
03-08-2026,Monday,4,12:15,Operating Systems,F_003,5,CSE,B,Room 402,62,45,72.58,70.3,1.0,Theory,No,No,No,Sunny,No,5
03-08-2026,Monday,5,13:45,Operating Systems,F_003,5,CSE,B,Room 402,62,42,67.74,72.58,1.0,Theory,No,No,No,Sunny,No,5
03-08-2026,Monday,6,14:45,Operating Systems,F_003,5,CSE,B,Room 402,62,44,70.97,67.74,1.0,Theory,No,No,No,Sunny,No,5
03-08-2026,Monday,7,15:45,Python Lab,F_001,5,CSE,B,Lab 1,62,48,77.42,95.16,1.0,Practical,No,No,No,Sunny,No,8
03-08-2026,Monday,2,10:00,Web Technologies,F_005,5,IT,A,Room 301,58,45,77.59,75.91,24.0,Theory,No,No,No,Sunny,No,6
03-08-2026,Monday,3,11:15,Database Management Systems,F_002,5,IT,A,Room 301,58,47,81.03,80.66,1.0,Theory,No,No,No,Sunny,No,12
03-08-2026,Monday,5,13:45,Software Engineering,F_006,5,IT,A,Room 301,58,40,68.97,70.33,1.0,Theory,No,No,No,Sunny,No,10
03-08-2026,Monday,6,14:45,Web Technologies,F_005,5,IT,A,Room 301,58,39,67.24,77.59,1.0,Theory,No,No,No,Sunny,No,6
03-08-2026,Monday,7,15:45,Database Management Systems,F_002,5,IT,A,Room 301,58,42,72.41,81.03,1.0,Theory,No,No,No,Sunny,No,12
03-08-2026,Monday,1,09:00,Machine Learning,F_007,7,CSE,A,Room 501,55,36,65.45,61.98,72.0,Theory,No,No,No,Sunny,No,14
03-08-2026,Monday,2,10:00,Information Security,F_009,7,CSE,A,Room 501,55,41,74.55,77.63,1.0,Theory,No,No,No,Sunny,No,11
03-08-2026,Monday,3,11:15,ML Project Lab,F_007,7,CSE,A,Lab 1,55,49,89.09,89.4,1.0,Practical,No,No,No,Sunny,No,14
03-08-2026,Monday,4,12:15,ML Project Lab,F_007,7,CSE,A,Lab 1,55,43,78.18,89.09,1.0,Practical,No,No,No,Sunny,No,14
03-08-2026,Monday,5,13:45,Cloud Computing,F_008,7,CSE,A,Room 501,55,39,70.91,67.29,1.0,Theory,No,No,No,Sunny,No,9
03-08-2026,Monday,2,10:00,DSA Lab,F_010,3,AI-DS,A,Lab 1,64,53,82.81,82.55,48.0,Practical,No,No,No,Sunny,No,6
03-08-2026,Monday,6,14:45,Data Structures & Algorithms,F_010,3,AI-DS,A,Room 201,64,40,62.5,65.58,1.0,Theory,No,No,No,Sunny,No,6
03-08-2026,Monday,7,15:45,Object Oriented Programming,F_001,3,AI-DS,A,Room 201,64,47,73.44,71.79,1.0,Theory,No,No,No,Sunny,No,8
04-08-2026,Tuesday,1,09:00,Python Lab,F_001,5,CSE,A,Lab 1,60,51,85.0,86.11,72.0,Practical,No,No,No,Sunny,No,8
04-08-2026,Tuesday,2,10:00,Database Management Systems,F_002,5,CSE,A,Room 401,60,53,88.33,73.33,1.0,Theory,No,No,No,Sunny,No,12
04-08-2026,Tuesday,3,11:15,Python Lab,F_001,5,CSE,A,Lab 1,60,55,91.67,85.0,1.0,Practical,No,No,No,Sunny,No,8
04-08-2026,Tuesday,6,14:45,Operating Systems,F_003,5,CSE,A,Room 401,60,44,73.33,71.79,1.0,Theory,No,No,No,Sunny,No,5
04-08-2026,Tuesday,1,09:00,Python Programming,F_001,5,CSE,B,Room 402,62,49,79.03,82.85,72.0,Theory,No,No,No,Sunny,No,8
04-08-2026,Tuesday,2,10:00,Database Management Systems,F_002,5,CSE,B,Room 402,62,52,83.87,84.27,1.0,Theory,No,No,No,Sunny,No,12
04-08-2026,Tuesday,5,13:45,Operating Systems,F_003,5,CSE,B,Room 402,62,47,75.81,70.97,1.0,Theory,No,No,No,Sunny,No,5
04-08-2026,Tuesday,2,10:00,Software Engineering,F_006,5,IT,A,Room 301,58,50,86.21,68.97,24.0,Theory,No,No,No,Sunny,No,10
04-08-2026,Tuesday,3,11:15,Web Technologies,F_005,5,IT,A,Room 301,58,49,84.48,67.24,1.0,Theory,No,No,No,Sunny,No,6
04-08-2026,Tuesday,5,13:45,Database Management Systems,F_002,5,IT,A,Room 301,58,43,74.14,72.41,1.0,Theory,No,No,No,Sunny,No,12
04-08-2026,Tuesday,6,14:45,Web Technologies,F_005,5,IT,A,Room 301,58,48,82.76,84.48,1.0,Theory,No,No,No,Sunny,No,6
04-08-2026,Tuesday,7,15:45,Database Management Systems,F_002,5,IT,A,Room 301,58,45,77.59,74.14,1.0,Theory,No,No,No,Sunny,No,12
04-08-2026,Tuesday,2,10:00,ML Project Lab,F_007,7,CSE,A,Lab 1,55,50,90.91,78.18,48.0,Practical,No,No,No,Sunny,No,14
04-08-2026,Tuesday,4,12:15,Machine Learning,F_007,7,CSE,A,Room 501,55,49,89.09,65.45,1.0,Theory,No,No,No,Sunny,No,14
04-08-2026,Tuesday,5,13:45,Machine Learning,F_007,7,CSE,A,Room 501,55,40,72.73,89.09,1.0,Theory,No,No,No,Sunny,No,14
04-08-2026,Tuesday,6,14:45,Machine Learning,F_007,7,CSE,A,Room 501,55,44,80.0,72.73,1.0,Theory,No,No,No,Sunny,No,14
04-08-2026,Tuesday,7,15:45,ML Project Lab,F_007,7,CSE,A,Lab 1,55,45,81.82,90.91,1.0,Practical,No,No,No,Sunny,No,14
04-08-2026,Tuesday,1,09:00,Discrete Mathematics,F_011,3,AI-DS,A,Room 201,64,49,76.56,74.27,48.0,Theory,No,No,No,Sunny,No,15
04-08-2026,Tuesday,4,12:15,Data Structures & Algorithms,F_010,3,AI-DS,A,Room 201,64,52,81.25,62.5,1.0,Theory,No,No,No,Sunny,No,6
04-08-2026,Tuesday,5,13:45,DSA Lab,F_010,3,AI-DS,A,Lab 1,64,54,84.38,82.81,1.0,Practical,No,No,No,Sunny,No,6
04-08-2026,Tuesday,6,14:45,DSA Lab,F_010,3,AI-DS,A,Lab 1,64,55,85.94,84.38,1.0,Practical,No,No,No,Sunny,No,6
04-08-2026,Tuesday,7,15:45,Data Structures & Algorithms,F_010,3,AI-DS,A,Room 201,64,50,78.12,81.25,1.0,Theory,No,No,No,Sunny,No,6
05-08-2026,Wednesday,1,09:00,Python Programming,F_001,5,CSE,A,Room 401,60,42,70.0,76.67,72.0,Theory,No,No,No,Rainy,No,8
05-08-2026,Wednesday,2,10:00,Database Management Systems,F_002,5,CSE,A,Room 401,60,46,76.67,88.33,1.0,Theory,No,No,No,Rainy,No,12
05-08-2026,Wednesday,4,12:15,Python Lab,F_001,5,CSE,A,Lab 1,60,50,83.33,91.67,1.0,Practical,No,No,No,Rainy,No,8
05-08-2026,Wednesday,5,13:45,Database Management Systems,F_002,5,CSE,A,Room 401,60,41,68.33,76.67,1.0,Theory,No,No,No,Rainy,No,12
05-08-2026,Wednesday,6,14:45,Python Programming,F_001,5,CSE,A,Room 401,60,41,68.33,70.0,1.0,Theory,No,No,No,Rainy,No,8
05-08-2026,Wednesday,2,10:00,Python Programming,F_001,5,CSE,B,Room 402,62,51,82.26,79.03,72.0,Theory,No,No,No,Rainy,No,8
05-08-2026,Wednesday,3,11:15,Operating Systems,F_003,5,CSE,B,Room 402,62,44,70.97,75.81,1.0,Theory,No,No,No,Rainy,No,5
05-08-2026,Wednesday,4,12:15,Python Lab,F_001,5,CSE,B,Lab 1,62,50,80.65,77.42,1.0,Practical,No,No,No,Rainy,No,8
05-08-2026,Wednesday,5,13:45,Python Programming,F_001,5,CSE,B,Room 402,62,43,69.35,82.26,1.0,Theory,No,No,No,Rainy,No,8
05-08-2026,Wednesday,7,15:45,Database Management Systems,F_002,5,CSE,B,Room 402,62,42,67.74,83.87,1.0,Theory,No,No,No,Rainy,No,12
05-08-2026,Wednesday,1,09:00,Software Engineering,F_006,5,IT,A,Room 301,58,43,74.14,86.21,24.0,Theory,No,No,No,Rainy,No,10
05-08-2026,Wednesday,3,11:15,Computer Networks,F_004,5,IT,A,Room 301,58,49,84.48,81.08,1.0,Theory,No,No,No,Rainy,No,7
05-08-2026,Wednesday,4,12:15,Database Management Systems,F_002,5,IT,A,Room 301,58,44,75.86,77.59,1.0,Theory,No,No,No,Rainy,No,12
05-08-2026,Wednesday,6,14:45,Database Management Systems,F_002,5,IT,A,Room 301,58,40,68.97,75.86,1.0,Theory,No,No,No,Rainy,No,12
05-08-2026,Wednesday,2,10:00,Machine Learning,F_007,7,CSE,A,Room 501,55,42,76.36,80.0,72.0,Theory,No,No,No,Rainy,No,14
05-08-2026,Wednesday,3,11:15,Cloud Computing,F_008,7,CSE,A,Room 501,55,45,81.82,70.91,1.0,Theory,No,No,No,Rainy,No,9
05-08-2026,Wednesday,6,14:45,Cloud Computing,F_008,7,CSE,A,Room 501,55,40,72.73,81.82,1.0,Theory,No,No,No,Rainy,No,9
05-08-2026,Wednesday,2,10:00,Discrete Mathematics,F_011,3,AI-DS,A,Room 201,64,49,76.56,76.56,24.0,Theory,No,No,No,Rainy,No,15
05-08-2026,Wednesday,3,11:15,Discrete Mathematics,F_011,3,AI-DS,A,Room 201,64,53,82.81,76.56,1.0,Theory,No,No,No,Rainy,No,15
05-08-2026,Wednesday,6,14:45,Discrete Mathematics,F_011,3,AI-DS,A,Room 201,64,42,65.62,82.81,1.0,Theory,No,No,No,Rainy,No,15
05-08-2026,Wednesday,7,15:45,Data Structures & Algorithms,F_010,3,AI-DS,A,Room 201,64,41,64.06,78.12,1.0,Theory,No,No,No,Rainy,No,6
06-08-2026,Thursday,1,09:00,Python Lab,F_001,5,CSE,A,Lab 1,60,49,81.67,83.33,48.0,Practical,No,No,No,Rainy,No,8
06-08-2026,Thursday,2,10:00,Computer Networks,F_004,5,CSE,A,Room 401,60,50,83.33,83.94,1.0,Theory,No,No,No,Rainy,No,7
06-08-2026,Thursday,3,11:15,Operating Systems,F_003,5,CSE,A,Room 401,60,45,75.0,73.33,1.0,Theory,No,No,No,Rainy,No,5
06-08-2026,Thursday,7,15:45,DBMS Lab,F_002,5,CSE,A,Lab 1,60,49,81.67,78.23,1.0,Practical,No,No,No,Rainy,No,12
06-08-2026,Thursday,1,09:00,Operating Systems,F_003,5,CSE,B,Room 402,62,44,70.97,70.97,72.0,Theory,No,No,No,Rainy,No,5
06-08-2026,Thursday,3,11:15,Database Management Systems,F_002,5,CSE,B,Room 402,62,48,77.42,67.74,1.0,Theory,No,No,No,Rainy,No,12
06-08-2026,Thursday,5,13:45,Database Management Systems,F_002,5,CSE,B,Room 402,62,44,70.97,77.42,1.0,Theory,No,No,No,Rainy,No,12
06-08-2026,Thursday,6,14:45,Operating Systems,F_003,5,CSE,B,Room 402,62,43,69.35,70.97,1.0,Theory,No,No,No,Rainy,No,5
06-08-2026,Thursday,7,15:45,Computer Networks,F_004,5,CSE,B,Room 402,62,42,67.74,70.95,1.0,Theory,No,No,No,Rainy,No,7
06-08-2026,Thursday,1,09:00,Web Tech Lab,F_005,5,IT,A,Lab 1,58,47,81.03,78.83,24.0,Practical,No,No,No,Rainy,No,6
06-08-2026,Thursday,2,10:00,Database Management Systems,F_002,5,IT,A,Room 301,58,40,68.97,68.97,1.0,Theory,No,No,No,Rainy,No,12
06-08-2026,Thursday,3,11:15,Web Technologies,F_005,5,IT,A,Room 301,58,47,81.03,82.76,1.0,Theory,No,No,No,Rainy,No,6
06-08-2026,Thursday,4,12:15,Computer Networks,F_004,5,IT,A,Room 301,58,44,75.86,84.48,1.0,Theory,No,No,No,Rainy,No,7
06-08-2026,Thursday,6,14:45,Web Technologies,F_005,5,IT,A,Room 301,58,37,63.79,81.03,1.0,Theory,No,No,No,Rainy,No,6
06-08-2026,Thursday,2,10:00,ML Project Lab,F_007,7,CSE,A,Lab 1,55,49,89.09,81.82,72.0,Practical,No,No,No,Rainy,No,14
06-08-2026,Thursday,5,13:45,Information Security,F_009,7,CSE,A,Room 501,55,34,61.82,74.55,1.0,Theory,No,No,No,Rainy,No,11
06-08-2026,Thursday,6,14:45,ML Project Lab,F_007,7,CSE,A,Lab 1,55,43,78.18,89.09,1.0,Practical,No,No,No,Rainy,No,14
06-08-2026,Thursday,2,10:00,Discrete Mathematics,F_011,3,AI-DS,A,Room 201,64,52,81.25,65.62,48.0,Theory,No,No,No,Rainy,No,15
06-08-2026,Thursday,3,11:15,Data Structures & Algorithms,F_010,3,AI-DS,A,Room 201,64,51,79.69,64.06,1.0,Theory,No,No,No,Rainy,No,6
06-08-2026,Thursday,4,12:15,Data Structures & Algorithms,F_010,3,AI-DS,A,Room 201,64,46,71.88,79.69,1.0,Theory,No,No,No,Rainy,No,6
06-08-2026,Thursday,7,15:45,Data Structures & Algorithms,F_010,3,AI-DS,A,Room 201,64,39,60.94,71.88,1.0,Theory,No,No,No,Rainy,No,6
07-08-2026,Friday,1,09:00,Computer Networks,F_004,5,CSE,A,Room 401,60,39,65.0,83.33,72.0,Theory,No,No,Yes,Sunny,No,7
07-08-2026,Friday,2,10:00,DBMS Lab,F_002,5,CSE,A,Lab 1,60,54,90.0,81.67,1.0,Practical,No,No,Yes,Sunny,No,12
07-08-2026,Friday,3,11:15,Computer Networks,F_004,5,CSE,A,Room 401,60,48,80.0,65.0,1.0,Theory,No,No,Yes,Sunny,No,7
07-08-2026,Friday,4,12:15,Computer Networks,F_004,5,CSE,A,Room 401,60,43,71.67,80.0,1.0,Theory,No,No,Yes,Sunny,No,7
07-08-2026,Friday,7,15:45,Database Management Systems,F_002,5,CSE,A,Room 401,60,42,70.0,68.33,1.0,Theory,No,No,Yes,Sunny,No,12
07-08-2026,Friday,1,09:00,Computer Networks,F_004,5,CSE,B,Room 402,62,45,72.58,67.74,48.0,Theory,No,No,Yes,Sunny,No,7
07-08-2026,Friday,3,11:15,Operating Systems,F_003,5,CSE,B,Room 402,62,51,82.26,69.35,1.0,Theory,No,No,Yes,Sunny,No,5
07-08-2026,Friday,5,13:45,Computer Networks,F_004,5,CSE,B,Room 402,62,40,64.52,72.58,1.0,Theory,No,No,Yes,Sunny,No,7
07-08-2026,Friday,6,14:45,Python Programming,F_001,5,CSE,B,Room 402,62,41,66.13,69.35,1.0,Theory,No,No,Yes,Sunny,No,8
07-08-2026,Friday,7,15:45,Operating Systems,F_003,5,CSE,B,Room 402,62,42,67.74,82.26,1.0,Theory,No,No,Yes,Sunny,No,5
07-08-2026,Friday,1,09:00,Database Management Systems,F_002,5,IT,A,Room 301,58,38,65.52,68.97,48.0,Theory,No,No,Yes,Sunny,No,12
07-08-2026,Friday,2,10:00,Web Technologies,F_005,5,IT,A,Room 301,58,45,77.59,63.79,1.0,Theory,No,No,Yes,Sunny,No,6
07-08-2026,Friday,7,15:45,Software Engineering,F_006,5,IT,A,Room 301,58,41,70.69,74.14,1.0,Theory,No,No,Yes,Sunny,No,10
07-08-2026,Friday,2,10:00,Machine Learning,F_007,7,CSE,A,Room 501,55,45,81.82,76.36,48.0,Theory,No,No,Yes,Sunny,No,14
07-08-2026,Friday,3,11:15,ML Project Lab,F_007,7,CSE,A,Lab 1,55,47,85.45,78.18,1.0,Practical,No,No,Yes,Sunny,No,14
07-08-2026,Friday,7,15:45,Cloud Computing,F_008,7,CSE,A,Room 501,55,35,63.64,72.73,1.0,Theory,No,No,Yes,Sunny,No,9
07-08-2026,Friday,1,09:00,DSA Lab,F_010,3,AI-DS,A,Lab 1,64,50,78.12,85.94,48.0,Practical,No,No,Yes,Sunny,No,6
07-08-2026,Friday,2,10:00,DSA Lab,F_010,3,AI-DS,A,Lab 1,64,56,87.5,78.12,1.0,Practical,No,No,Yes,Sunny,No,6
07-08-2026,Friday,5,13:45,Discrete Mathematics,F_011,3,AI-DS,A,Room 201,64,43,67.19,81.25,1.0,Theory,No,No,Yes,Sunny,No,15
07-08-2026,Friday,6,14:45,Object Oriented Programming,F_001,3,AI-DS,A,Room 201,64,42,65.62,73.44,1.0,Theory,No,No,Yes,Sunny,No,8
07-08-2026,Friday,7,15:45,DSA Lab,F_010,3,AI-DS,A,Lab 1,64,48,75.0,87.5,1.0,Practical,No,No,Yes,Sunny,No,6
08-08-2026,Saturday,2,10:00,Operating Systems,F_003,5,CSE,A,Room 401,60,49,81.67,75.0,24.0,Theory,No,No,Yes,Sunny,No,5
08-08-2026,Saturday,4,12:15,Operating Systems,F_003,5,CSE,A,Room 401,60,39,65.0,81.67,1.0,Theory,No,No,Yes,Sunny,No,5
08-08-2026,Saturday,5,13:45,Python Lab,F_001,5,CSE,A,Lab 1,60,41,68.33,81.67,1.0,Practical,No,No,Yes,Sunny,No,8
08-08-2026,Saturday,7,15:45,Python Programming,F_001,5,CSE,A,Room 401,60,38,63.33,68.33,1.0,Theory,No,No,Yes,Sunny,No,8
08-08-2026,Saturday,4,12:15,Computer Networks,F_004,5,CSE,B,Room 402,62,37,59.68,64.52,24.0,Theory,No,No,Yes,Sunny,No,7
08-08-2026,Saturday,6,14:45,Computer Networks,F_004,5,CSE,B,Room 402,62,38,61.29,59.68,1.0,Theory,No,No,Yes,Sunny,No,7
08-08-2026,Saturday,7,15:45,Computer Networks,F_004,5,CSE,B,Room 402,62,39,62.9,61.29,1.0,Theory,No,No,Yes,Sunny,No,7
08-08-2026,Saturday,2,10:00,Software Engineering,F_006,5,IT,A,Room 301,58,49,84.48,70.69,72.0,Theory,No,No,Yes,Sunny,No,10
08-08-2026,Saturday,3,11:15,Web Tech Lab,F_005,5,IT,A,Lab 1,58,44,75.86,81.03,1.0,Practical,No,No,Yes,Sunny,No,6
08-08-2026,Saturday,4,12:15,Software Engineering,F_006,5,IT,A,Room 301,58,40,68.97,84.48,1.0,Theory,No,No,Yes,Sunny,No,10
08-08-2026,Saturday,6,14:45,Web Tech Lab,F_005,5,IT,A,Lab 1,58,40,68.97,75.86,1.0,Practical,No,No,Yes,Sunny,No,6
08-08-2026,Saturday,7,15:45,Software Engineering,F_006,5,IT,A,Room 301,58,36,62.07,68.97,1.0,Theory,No,No,Yes,Sunny,No,10
08-08-2026,Saturday,1,09:00,Cloud Computing,F_008,7,CSE,A,Room 501,55,37,67.27,63.64,24.0,Theory,No,No,Yes,Sunny,No,9
08-08-2026,Saturday,3,11:15,Information Security,F_009,7,CSE,A,Room 501,55,42,76.36,61.82,1.0,Theory,No,No,Yes,Sunny,No,11
08-08-2026,Saturday,5,13:45,Machine Learning,F_007,7,CSE,A,Room 501,55,37,67.27,81.82,1.0,Theory,No,No,Yes,Sunny,No,14
08-08-2026,Saturday,7,15:45,Machine Learning,F_007,7,CSE,A,Room 501,55,35,63.64,67.27,1.0,Theory,No,No,Yes,Sunny,No,14
08-08-2026,Saturday,2,10:00,Object Oriented Programming,F_001,3,AI-DS,A,Room 201,64,51,79.69,65.62,48.0,Theory,No,No,Yes,Sunny,No,8
08-08-2026,Saturday,5,13:45,Discrete Mathematics,F_011,3,AI-DS,A,Room 201,64,38,59.38,67.19,1.0,Theory,No,No,Yes,Sunny,No,15
08-08-2026,Saturday,7,15:45,Object Oriented Programming,F_001,3,AI-DS,A,Room 201,64,38,59.38,79.69,1.0,Theory,No,No,Yes,Sunny,No,8
10-08-2026,Monday,1,09:00,Database Management Systems,F_002,5,CSE,A,Room 401,60,44,73.33,70.0,72.0,Theory,No,No,No,Rainy,No,12
10-08-2026,Monday,5,13:45,Python Programming,F_001,5,CSE,A,Room 401,60,34,56.67,63.33,1.0,Theory,No,No,No,Rainy,No,8
10-08-2026,Monday,6,14:45,Python Programming,F_001,5,CSE,A,Room 401,60,34,56.67,56.67,1.0,Theory,No,No,No,Rainy,No,8
10-08-2026,Monday,2,10:00,Python Programming,F_001,5,CSE,B,Room 402,62,42,67.74,66.13,24.0,Theory,No,No,No,Rainy,No,8
10-08-2026,Monday,3,11:15,Python Programming,F_001,5,CSE,B,Room 402,62,42,67.74,67.74,1.0,Theory,No,No,No,Rainy,No,8
10-08-2026,Monday,4,12:15,Operating Systems,F_003,5,CSE,B,Room 402,62,37,59.68,67.74,1.0,Theory,No,No,No,Rainy,No,5
10-08-2026,Monday,5,13:45,Computer Networks,F_004,5,CSE,B,Room 402,62,36,58.06,62.9,1.0,Theory,No,No,No,Rainy,No,7
10-08-2026,Monday,7,15:45,Python Programming,F_001,5,CSE,B,Room 402,62,32,51.61,67.74,1.0,Theory,No,No,No,Rainy,No,8
10-08-2026,Monday,5,13:45,Web Technologies,F_005,5,IT,A,Room 301,58,34,58.62,77.59,24.0,Theory,No,No,No,Rainy,No,6
10-08-2026,Monday,6,14:45,Computer Networks,F_004,5,IT,A,Room 301,58,33,56.9,75.86,1.0,Theory,No,No,No,Rainy,No,7
10-08-2026,Monday,7,15:45,Computer Networks,F_004,5,IT,A,Room 301,58,38,65.52,56.9,1.0,Theory,No,No,No,Rainy,No,7
10-08-2026,Monday,1,09:00,Information Security,F_009,7,CSE,A,Room 501,55,33,60.0,76.36,72.0,Theory,No,No,No,Rainy,No,11
10-08-2026,Monday,2,10:00,Machine Learning,F_007,7,CSE,A,Room 501,55,39,70.91,63.64,1.0,Theory,No,No,No,Rainy,No,14
10-08-2026,Monday,3,11:15,ML Project Lab,F_007,7,CSE,A,Lab 1,55,43,78.18,85.45,1.0,Practical,No,No,No,Rainy,No,14
10-08-2026,Monday,6,14:45,Machine Learning,F_007,7,CSE,A,Room 501,55,32,58.18,70.91,1.0,Theory,No,No,No,Rainy,No,14
10-08-2026,Monday,2,10:00,Discrete Mathematics,F_011,3,AI-DS,A,Room 201,64,45,70.31,59.38,72.0,Theory,No,No,No,Rainy,No,15
10-08-2026,Monday,3,11:15,Discrete Mathematics,F_011,3,AI-DS,A,Room 201,64,50,78.12,70.31,1.0,Theory,No,No,No,Rainy,No,15
10-08-2026,Monday,5,13:45,Discrete Mathematics,F_011,3,AI-DS,A,Room 201,64,34,53.12,78.12,1.0,Theory,No,No,No,Rainy,No,15
11-08-2026,Tuesday,3,11:15,Computer Networks,F_004,5,CSE,A,Room 401,60,54,90.0,71.67,72.0,Theory,No,No,No,Sunny,No,7
11-08-2026,Tuesday,5,13:45,Database Management Systems,F_002,5,CSE,A,Room 401,60,46,76.67,73.33,1.0,Theory,No,No,No,Sunny,No,12
11-08-2026,Tuesday,6,14:45,Database Management Systems,F_002,5,CSE,A,Room 401,60,50,83.33,76.67,1.0,Theory,No,No,No,Sunny,No,12
11-08-2026,Tuesday,7,15:45,Computer Networks,F_004,5,CSE,A,Room 401,60,42,70.0,90.0,1.0,Theory,No,No,No,Sunny,No,7
11-08-2026,Tuesday,3,11:15,Python Lab,F_001,5,CSE,B,Lab 1,62,58,93.55,80.65,48.0,Practical,No,No,No,Sunny,No,8
11-08-2026,Tuesday,6,14:45,Operating Systems,F_003,5,CSE,B,Room 402,62,47,75.81,59.68,1.0,Theory,No,No,No,Sunny,No,5
11-08-2026,Tuesday,7,15:45,Operating Systems,F_003,5,CSE,B,Room 402,62,47,75.81,75.81,1.0,Theory,No,No,No,Sunny,No,5
11-08-2026,Tuesday,1,09:00,Computer Networks,F_004,5,IT,A,Room 301,58,46,79.31,65.52,72.0,Theory,No,No,No,Sunny,No,7
11-08-2026,Tuesday,2,10:00,Database Management Systems,F_002,5,IT,A,Room 301,58,51,87.93,65.52,1.0,Theory,No,No,No,Sunny,No,12
11-08-2026,Tuesday,3,11:15,Web Tech Lab,F_005,5,IT,A,Lab 1,58,53,91.38,68.97,1.0,Practical,No,No,No,Sunny,No,6
11-08-2026,Tuesday,4,12:15,Computer Networks,F_004,5,IT,A,Room 301,58,47,81.03,79.31,1.0,Theory,No,No,No,Sunny,No,7
11-08-2026,Tuesday,1,09:00,ML Project Lab,F_007,7,CSE,A,Lab 1,55,50,90.91,78.18,48.0,Practical,No,No,No,Sunny,No,14
11-08-2026,Tuesday,2,10:00,Information Security,F_009,7,CSE,A,Room 501,55,48,87.27,60.0,1.0,Theory,No,No,No,Sunny,No,11
11-08-2026,Tuesday,3,11:15,Machine Learning,F_007,7,CSE,A,Room 501,55,53,96.36,58.18,1.0,Theory,No,No,No,Sunny,No,14
11-08-2026,Tuesday,4,12:15,Information Security,F_009,7,CSE,A,Room 501,55,48,87.27,87.27,1.0,Theory,No,No,No,Sunny,No,11
11-08-2026,Tuesday,7,15:45,ML Project Lab,F_007,7,CSE,A,Lab 1,55,46,83.64,90.91,1.0,Practical,No,No,No,Sunny,No,14
11-08-2026,Tuesday,1,09:00,Data Structures & Algorithms,F_010,3,AI-DS,A,Room 201,64,52,81.25,60.94,48.0,Theory,No,No,No,Sunny,No,6
11-08-2026,Tuesday,3,11:15,Discrete Mathematics,F_011,3,AI-DS,A,Room 201,64,55,85.94,53.12,1.0,Theory,No,No,No,Sunny,No,15
11-08-2026,Tuesday,6,14:45,Discrete Mathematics,F_011,3,AI-DS,A,Room 201,64,53,82.81,85.94,1.0,Theory,No,No,No,Sunny,No,15
12-08-2026,Wednesday,1,09:00,Computer Networks,F_004,5,CSE,A,Room 401,60,44,73.33,70.0,48.0,Theory,No,No,No,Rainy,No,7
12-08-2026,Wednesday,2,10:00,Operating Systems,F_003,5,CSE,A,Room 401,60,44,73.33,65.0,1.0,Theory,No,No,No,Rainy,No,5
12-08-2026,Wednesday,4,12:15,Python Lab,F_001,5,CSE,A,Lab 1,60,51,85.0,68.33,1.0,Practical,No,No,No,Rainy,No,8
12-08-2026,Wednesday,5,13:45,Operating Systems,F_003,5,CSE,A,Room 401,60,41,68.33,73.33,1.0,Theory,No,No,No,Rainy,No,5
12-08-2026,Wednesday,7,15:45,Python Lab,F_001,5,CSE,A,Lab 1,60,50,83.33,85.0,1.0,Practical,No,No,No,Rainy,No,8
12-08-2026,Wednesday,1,09:00,Python Lab,F_001,5,CSE,B,Lab 1,62,52,83.87,93.55,48.0,Practical,No,No,No,Rainy,No,8
12-08-2026,Wednesday,3,11:15,Database Management Systems,F_002,5,CSE,B,Room 402,62,49,79.03,70.97,1.0,Theory,No,No,No,Rainy,No,12
12-08-2026,Wednesday,5,13:45,DBMS Lab,F_002,5,CSE,B,Lab 1,62,46,74.19,70.51,1.0,Practical,No,No,No,Rainy,No,12
12-08-2026,Wednesday,6,14:45,Computer Networks,F_004,5,CSE,B,Room 402,62,41,66.13,58.06,1.0,Theory,No,No,No,Rainy,No,7
12-08-2026,Wednesday,2,10:00,Database Management Systems,F_002,5,IT,A,Room 301,58,46,79.31,87.93,48.0,Theory,No,No,No,Rainy,No,12
12-08-2026,Wednesday,4,12:15,Database Management Systems,F_002,5,IT,A,Room 301,58,42,72.41,79.31,1.0,Theory,No,No,No,Rainy,No,12
12-08-2026,Wednesday,5,13:45,Software Engineering,F_006,5,IT,A,Room 301,58,43,74.14,62.07,1.0,Theory,No,No,No,Rainy,No,10
12-08-2026,Wednesday,6,14:45,Database Management Systems,F_002,5,IT,A,Room 301,58,41,70.69,72.41,1.0,Theory,No,No,No,Rainy,No,12
12-08-2026,Wednesday,1,09:00,ML Project Lab,F_007,7,CSE,A,Lab 1,55,44,80.0,83.64,72.0,Practical,No,No,No,Rainy,No,14
12-08-2026,Wednesday,3,11:15,ML Project Lab,F_007,7,CSE,A,Lab 1,55,50,90.91,80.0,1.0,Practical,No,No,No,Rainy,No,14
12-08-2026,Wednesday,5,13:45,Information Security,F_009,7,CSE,A,Room 501,55,43,78.18,87.27,1.0,Theory,No,No,No,Rainy,No,11
12-08-2026,Wednesday,7,15:45,Information Security,F_009,7,CSE,A,Room 501,55,40,72.73,78.18,1.0,Theory,No,No,No,Rainy,No,11
12-08-2026,Wednesday,1,09:00,DSA Lab,F_010,3,AI-DS,A,Lab 1,64,54,84.38,75.0,72.0,Practical,No,No,No,Rainy,No,6
12-08-2026,Wednesday,2,10:00,Discrete Mathematics,F_011,3,AI-DS,A,Room 201,64,53,82.81,82.81,1.0,Theory,No,No,No,Rainy,No,15
12-08-2026,Wednesday,5,13:45,Object Oriented Programming,F_001,3,AI-DS,A,Room 201,64,41,64.06,59.38,1.0,Theory,No,No,No,Rainy,No,8
12-08-2026,Wednesday,7,15:45,Object Oriented Programming,F_001,3,AI-DS,A,Room 201,64,40,62.5,64.06,1.0,Theory,No,No,No,Rainy,No,8
13-08-2026,Thursday,2,10:00,Python Programming,F_001,5,CSE,A,Room 401,60,55,91.67,56.67,24.0,Theory,No,No,No,Sunny,No,8
13-08-2026,Thursday,3,11:15,DBMS Lab,F_002,5,CSE,A,Lab 1,60,58,96.67,90.0,1.0,Practical,No,No,No,Sunny,No,12
13-08-2026,Thursday,4,12:15,Database Management Systems,F_002,5,CSE,A,Room 401,60,53,88.33,83.33,1.0,Theory,No,No,No,Sunny,No,12
13-08-2026,Thursday,2,10:00,Database Management Systems,F_002,5,CSE,B,Room 402,62,57,91.94,79.03,24.0,Theory,No,No,No,Sunny,No,12
13-08-2026,Thursday,4,12:15,Database Management Systems,F_002,5,CSE,B,Room 402,62,52,83.87,91.94,1.0,Theory,No,No,No,Sunny,No,12
13-08-2026,Thursday,5,13:45,Python Programming,F_001,5,CSE,B,Room 402,62,47,75.81,51.61,1.0,Theory,No,No,No,Sunny,No,8
13-08-2026,Thursday,6,14:45,Database Management Systems,F_002,5,CSE,B,Room 402,62,47,75.81,83.87,1.0,Theory,No,No,No,Sunny,No,12
13-08-2026,Thursday,7,15:45,Database Management Systems,F_002,5,CSE,B,Room 402,62,48,77.42,75.81,1.0,Theory,No,No,No,Sunny,No,12
13-08-2026,Thursday,1,09:00,Computer Networks,F_004,5,IT,A,Room 301,58,47,81.03,81.03,72.0,Theory,No,No,No,Sunny,No,7
13-08-2026,Thursday,3,11:15,Web Tech Lab,F_005,5,IT,A,Lab 1,58,54,93.1,91.38,1.0,Practical,No,No,No,Sunny,No,6
13-08-2026,Thursday,4,12:15,Computer Networks,F_004,5,IT,A,Room 301,58,45,77.59,81.03,1.0,Theory,No,No,No,Sunny,No,7
13-08-2026,Thursday,5,13:45,Computer Networks,F_004,5,IT,A,Room 301,58,45,77.59,77.59,1.0,Theory,No,No,No,Sunny,No,7
13-08-2026,Thursday,2,10:00,Information Security,F_009,7,CSE,A,Room 501,55,49,89.09,72.73,72.0,Theory,No,No,No,Sunny,No,11
13-08-2026,Thursday,3,11:15,ML Project Lab,F_007,7,CSE,A,Lab 1,55,52,94.55,90.91,1.0,Practical,No,No,No,Sunny,No,14
13-08-2026,Thursday,5,13:45,Cloud Computing,F_008,7,CSE,A,Room 501,55,42,76.36,67.27,1.0,Theory,No,No,No,Sunny,No,9
13-08-2026,Thursday,1,09:00,DSA Lab,F_010,3,AI-DS,A,Lab 1,64,57,89.06,84.38,48.0,Practical,No,No,No,Sunny,No,6
13-08-2026,Thursday,3,11:15,Data Structures & Algorithms,F_010,3,AI-DS,A,Room 201,64,51,79.69,81.25,1.0,Theory,No,No,No,Sunny,No,6
13-08-2026,Thursday,4,12:15,Object Oriented Programming,F_001,3,AI-DS,A,Room 201,64,54,84.38,62.5,1.0,Theory,No,No,No,Sunny,No,8
13-08-2026,Thursday,7,15:45,Object Oriented Programming,F_001,3,AI-DS,A,Room 201,64,51,79.69,84.38,1.0,Theory,No,No,No,Sunny,No,8
14-08-2026,Friday,1,09:00,Python Programming,F_001,5,CSE,A,Room 401,60,45,75.0,91.67,24.0,Theory,No,No,Yes,Cloudy,No,8
14-08-2026,Friday,2,10:00,Python Programming,F_001,5,CSE,A,Room 401,60,50,83.33,75.0,1.0,Theory,No,No,Yes,Cloudy,No,8
14-08-2026,Friday,3,11:15,Operating Systems,F_003,5,CSE,A,Room 401,60,44,73.33,68.33,1.0,Theory,No,No,Yes,Cloudy,No,5
14-08-2026,Friday,5,13:45,Python Lab,F_001,5,CSE,A,Lab 1,60,42,70.0,83.33,1.0,Practical,No,No,Yes,Cloudy,No,8
14-08-2026,Friday,6,14:45,DBMS Lab,F_002,5,CSE,A,Lab 1,60,50,83.33,96.67,1.0,Practical,No,No,Yes,Cloudy,No,12
14-08-2026,Friday,1,09:00,Python Lab,F_001,5,CSE,B,Lab 1,62,51,82.26,83.87,24.0,Practical,No,No,Yes,Cloudy,No,8
14-08-2026,Friday,2,10:00,DBMS Lab,F_002,5,CSE,B,Lab 1,62,55,88.71,74.19,1.0,Practical,No,No,Yes,Cloudy,No,12
14-08-2026,Friday,3,11:15,Operating Systems,F_003,5,CSE,B,Room 402,62,56,90.32,75.81,1.0,Theory,No,No,Yes,Cloudy,No,5
14-08-2026,Friday,5,13:45,Python Programming,F_001,5,CSE,B,Room 402,62,43,69.35,75.81,1.0,Theory,No,No,Yes,Cloudy,No,8
14-08-2026,Friday,1,09:00,Computer Networks,F_004,5,IT,A,Room 301,58,43,74.14,77.59,48.0,Theory,No,No,Yes,Cloudy,No,7
14-08-2026,Friday,3,11:15,Database Management Systems,F_002,5,IT,A,Room 301,58,47,81.03,70.69,1.0,Theory,No,No,Yes,Cloudy,No,12
14-08-2026,Friday,6,14:45,Software Engineering,F_006,5,IT,A,Room 301,58,41,70.69,74.14,1.0,Theory,No,No,Yes,Cloudy,No,10
14-08-2026,Friday,1,09:00,Machine Learning,F_007,7,CSE,A,Room 501,55,40,72.73,96.36,48.0,Theory,No,No,Yes,Cloudy,No,14
14-08-2026,Friday,2,10:00,Information Security,F_009,7,CSE,A,Room 501,55,45,81.82,89.09,1.0,Theory,No,No,Yes,Cloudy,No,11
14-08-2026,Friday,4,12:15,Cloud Computing,F_008,7,CSE,A,Room 501,55,40,72.73,76.36,1.0,Theory,No,No,Yes,Cloudy,No,9
14-08-2026,Friday,7,15:45,Cloud Computing,F_008,7,CSE,A,Room 501,55,37,67.27,72.73,1.0,Theory,No,No,Yes,Cloudy,No,9
14-08-2026,Friday,1,09:00,DSA Lab,F_010,3,AI-DS,A,Lab 1,64,50,78.12,89.06,72.0,Practical,No,No,Yes,Cloudy,No,6
14-08-2026,Friday,4,12:15,DSA Lab,F_010,3,AI-DS,A,Lab 1,64,52,81.25,78.12,1.0,Practical,No,No,Yes,Cloudy,No,6
14-08-2026,Friday,6,14:45,Data Structures & Algorithms,F_010,3,AI-DS,A,Room 201,64,48,75.0,79.69,1.0,Theory,No,No,Yes,Cloudy,No,6
15-08-2026,Saturday,1,09:00,Computer Networks,F_004,5,CSE,A,Room 401,60,34,56.67,73.33,48.0,Theory,No,No,Yes,Cloudy,No,7
15-08-2026,Saturday,3,11:15,DBMS Lab,F_002,5,CSE,A,Lab 1,60,50,83.33,83.33,1.0,Practical,No,No,Yes,Cloudy,No,12
15-08-2026,Saturday,4,12:15,Python Programming,F_001,5,CSE,A,Room 401,60,37,61.67,83.33,1.0,Theory,No,No,Yes,Cloudy,No,8
15-08-2026,Saturday,5,13:45,Operating Systems,F_003,5,CSE,A,Room 401,60,35,58.33,73.33,1.0,Theory,No,No,Yes,Cloudy,No,5
15-08-2026,Saturday,6,14:45,Database Management Systems,F_002,5,CSE,A,Room 401,60,42,70.0,88.33,1.0,Theory,No,No,Yes,Cloudy,No,12
15-08-2026,Saturday,1,09:00,Computer Networks,F_004,5,CSE,B,Room 402,62,40,64.52,66.13,72.0,Theory,No,No,Yes,Cloudy,No,7
15-08-2026,Saturday,2,10:00,Python Lab,F_001,5,CSE,B,Lab 1,62,48,77.42,82.26,1.0,Practical,No,No,Yes,Cloudy,No,8
15-08-2026,Saturday,3,11:15,Operating Systems,F_003,5,CSE,B,Room 402,62,43,69.35,90.32,1.0,Theory,No,No,Yes,Cloudy,No,5
15-08-2026,Saturday,6,14:45,Operating Systems,F_003,5,CSE,B,Room 402,62,38,61.29,69.35,1.0,Theory,No,No,Yes,Cloudy,No,5
15-08-2026,Saturday,7,15:45,Python Programming,F_001,5,CSE,B,Room 402,62,38,61.29,69.35,1.0,Theory,No,No,Yes,Cloudy,No,8
15-08-2026,Saturday,1,09:00,Computer Networks,F_004,5,IT,A,Room 301,58,37,63.79,74.14,24.0,Theory,No,No,Yes,Cloudy,No,7
15-08-2026,Saturday,4,12:15,Computer Networks,F_004,5,IT,A,Room 301,58,38,65.52,63.79,1.0,Theory,No,No,Yes,Cloudy,No,7
15-08-2026,Saturday,6,14:45,Database Management Systems,F_002,5,IT,A,Room 301,58,36,62.07,81.03,1.0,Theory,No,No,Yes,Cloudy,No,12
15-08-2026,Saturday,7,15:45,Web Technologies,F_005,5,IT,A,Room 301,58,39,67.24,58.62,1.0,Theory,No,No,Yes,Cloudy,No,6
15-08-2026,Saturday,1,09:00,ML Project Lab,F_007,7,CSE,A,Lab 1,55,41,74.55,94.55,48.0,Practical,No,No,Yes,Cloudy,No,14
15-08-2026,Saturday,2,10:00,ML Project Lab,F_007,7,CSE,A,Lab 1,55,42,76.36,74.55,1.0,Practical,No,No,Yes,Cloudy,No,14
15-08-2026,Saturday,4,12:15,Information Security,F_009,7,CSE,A,Room 501,55,40,72.73,81.82,1.0,Theory,No,No,Yes,Cloudy,No,11
15-08-2026,Saturday,5,13:45,ML Project Lab,F_007,7,CSE,A,Lab 1,55,39,70.91,76.36,1.0,Practical,No,No,Yes,Cloudy,No,14
15-08-2026,Saturday,7,15:45,Cloud Computing,F_008,7,CSE,A,Room 501,55,36,65.45,67.27,1.0,Theory,No,No,Yes,Cloudy,No,9
15-08-2026,Saturday,2,10:00,Data Structures & Algorithms,F_010,3,AI-DS,A,Room 201,64,45,70.31,75.0,24.0,Theory,No,No,Yes,Cloudy,No,6
15-08-2026,Saturday,3,11:15,Data Structures & Algorithms,F_010,3,AI-DS,A,Room 201,64,45,70.31,70.31,1.0,Theory,No,No,Yes,Cloudy,No,6
15-08-2026,Saturday,4,12:15,Object Oriented Programming,F_001,3,AI-DS,A,Room 201,64,46,71.88,79.69,1.0,Theory,No,No,Yes,Cloudy,No,8
15-08-2026,Saturday,6,14:45,Object Oriented Programming,F_001,3,AI-DS,A,Room 201,64,40,62.5,71.88,1.0,Theory,No,No,Yes,Cloudy,No,8
17-08-2026,Monday,1,09:00,Python Lab,F_001,5,CSE,A,Lab 1,60,44,73.33,70.0,48.0,Practical,No,No,No,Sunny,No,8
17-08-2026,Monday,3,11:15,Python Lab,F_001,5,CSE,A,Lab 1,60,51,85.0,73.33,1.0,Practical,No,No,No,Sunny,No,8
17-08-2026,Monday,7,15:45,Python Lab,F_001,5,CSE,A,Lab 1,60,45,75.0,85.0,1.0,Practical,No,No,No,Sunny,No,8
17-08-2026,Monday,2,10:00,Computer Networks,F_004,5,CSE,B,Room 402,62,47,75.81,64.52,48.0,Theory,No,No,No,Sunny,No,7
17-08-2026,Monday,3,11:15,Database Management Systems,F_002,5,CSE,B,Room 402,62,55,88.71,77.42,1.0,Theory,No,No,No,Sunny,No,12
17-08-2026,Monday,4,12:15,Computer Networks,F_004,5,CSE,B,Room 402,62,46,74.19,75.81,1.0,Theory,No,No,No,Sunny,No,7
17-08-2026,Monday,5,13:45,Python Lab,F_001,5,CSE,B,Lab 1,62,44,70.97,77.42,1.0,Practical,No,No,No,Sunny,No,8
17-08-2026,Monday,6,14:45,Database Management Systems,F_002,5,CSE,B,Room 402,62,45,72.58,88.71,1.0,Theory,No,No,No,Sunny,No,12
17-08-2026,Monday,1,09:00,Software Engineering,F_006,5,IT,A,Room 301,58,47,81.03,70.69,72.0,Theory,No,No,No,Sunny,No,10
17-08-2026,Monday,5,13:45,Database Management Systems,F_002,5,IT,A,Room 301,58,43,74.14,62.07,1.0,Theory,No,No,No,Sunny,No,12
17-08-2026,Monday,6,14:45,Computer Networks,F_004,5,IT,A,Room 301,58,34,58.62,65.52,1.0,Theory,No,No,No,Sunny,No,7
17-08-2026,Monday,7,15:45,Computer Networks,F_004,5,IT,A,Room 301,58,39,67.24,58.62,1.0,Theory,No,No,No,Sunny,No,7
17-08-2026,Monday,1,09:00,Information Security,F_009,7,CSE,A,Room 501,55,42,76.36,72.73,48.0,Theory,No,No,No,Sunny,No,11
17-08-2026,Monday,2,10:00,Cloud Computing,F_008,7,CSE,A,Room 501,55,42,76.36,65.45,1.0,Theory,No,No,No,Sunny,No,9
17-08-2026,Monday,3,11:15,Machine Learning,F_007,7,CSE,A,Room 501,55,46,83.64,72.73,1.0,Theory,No,No,No,Sunny,No,14
17-08-2026,Monday,6,14:45,ML Project Lab,F_007,7,CSE,A,Lab 1,55,46,83.64,70.91,1.0,Practical,No,No,No,Sunny,No,14
17-08-2026,Monday,1,09:00,Data Structures & Algorithms,F_010,3,AI-DS,A,Room 201,64,42,65.62,70.31,72.0,Theory,No,No,No,Sunny,No,6
17-08-2026,Monday,4,12:15,Discrete Mathematics,F_011,3,AI-DS,A,Room 201,64,49,76.56,82.81,1.0,Theory,No,No,No,Sunny,No,15
17-08-2026,Monday,5,13:45,Data Structures & Algorithms,F_010,3,AI-DS,A,Room 201,64,36,56.25,65.62,1.0,Theory,No,No,No,Sunny,No,6
17-08-2026,Monday,6,14:45,Data Structures & Algorithms,F_010,3,AI-DS,A,Room 201,64,41,64.06,56.25,1.0,Theory,No,No,No,Sunny,No,6
18-08-2026,Tuesday,1,09:00,Computer Networks,F_004,5,CSE,A,Room 401,60,41,68.33,56.67,48.0,Theory,No,No,No,Rainy,No,7
18-08-2026,Tuesday,2,10:00,Python Programming,F_001,5,CSE,A,Room 401,60,44,73.33,61.67,1.0,Theory,No,No,No,Rainy,No,8
18-08-2026,Tuesday,5,13:45,DBMS Lab,F_002,5,CSE,A,Lab 1,60,51,85.0,83.33,1.0,Practical,No,No,No,Rainy,No,12
18-08-2026,Tuesday,6,14:45,DBMS Lab,F_002,5,CSE,A,Lab 1,60,42,70.0,85.0,1.0,Practical,No,No,No,Rainy,No,12
18-08-2026,Tuesday,7,15:45,Computer Networks,F_004,5,CSE,A,Room 401,60,38,63.33,68.33,1.0,Theory,No,No,No,Rainy,No,7
18-08-2026,Tuesday,3,11:15,Operating Systems,F_003,5,CSE,B,Room 402,62,48,77.42,61.29,24.0,Theory,No,No,No,Rainy,No,5
18-08-2026,Tuesday,4,12:15,DBMS Lab,F_002,5,CSE,B,Lab 1,62,54,87.1,88.71,1.0,Practical,No,No,No,Rainy,No,12
18-08-2026,Tuesday,5,13:45,DBMS Lab,F_002,5,CSE,B,Lab 1,62,44,70.97,87.1,1.0,Practical,No,No,No,Rainy,No,12
18-08-2026,Tuesday,6,14:45,Operating Systems,F_003,5,CSE,B,Room 402,62,43,69.35,77.42,1.0,Theory,No,No,No,Rainy,No,5
18-08-2026,Tuesday,2,10:00,Web Tech Lab,F_005,5,IT,A,Lab 1,58,49,84.48,93.1,72.0,Practical,No,No,No,Rainy,No,6
18-08-2026,Tuesday,4,12:15,Computer Networks,F_004,5,IT,A,Room 301,58,40,68.97,67.24,1.0,Theory,No,No,No,Rainy,No,7
18-08-2026,Tuesday,5,13:45,Software Engineering,F_006,5,IT,A,Room 301,58,41,70.69,81.03,1.0,Theory,No,No,No,Rainy,No,10
18-08-2026,Tuesday,1,09:00,Information Security,F_009,7,CSE,A,Room 501,55,40,72.73,76.36,72.0,Theory,No,No,No,Rainy,No,11
18-08-2026,Tuesday,4,12:15,ML Project Lab,F_007,7,CSE,A,Lab 1,55,42,76.36,83.64,1.0,Practical,No,No,No,Rainy,No,14
18-08-2026,Tuesday,6,14:45,ML Project Lab,F_007,7,CSE,A,Lab 1,55,44,80.0,76.36,1.0,Practical,No,No,No,Rainy,No,14
18-08-2026,Tuesday,1,09:00,Object Oriented Programming,F_001,3,AI-DS,A,Room 201,64,45,70.31,62.5,72.0,Theory,No,No,No,Rainy,No,8
18-08-2026,Tuesday,2,10:00,Discrete Mathematics,F_011,3,AI-DS,A,Room 201,64,52,81.25,76.56,1.0,Theory,No,No,No,Rainy,No,15
18-08-2026,Tuesday,5,13:45,Object Oriented Programming,F_001,3,AI-DS,A,Room 201,64,46,71.88,70.31,1.0,Theory,No,No,No,Rainy,No,8
18-08-2026,Tuesday,7,15:45,DSA Lab,F_010,3,AI-DS,A,Lab 1,64,52,81.25,81.25,1.0,Practical,No,No,No,Rainy,No,6
19-08-2026,Wednesday,1,09:00,Python Lab,F_001,5,CSE,A,Lab 1,60,53,88.33,75.0,24.0,Practical,No,Yes,No,Sunny,No,8
19-08-2026,Wednesday,3,11:15,Operating Systems,F_003,5,CSE,A,Room 401,60,58,96.67,58.33,1.0,Theory,No,Yes,No,Sunny,No,5
19-08-2026,Wednesday,5,13:45,Computer Networks,F_004,5,CSE,A,Room 401,60,44,73.33,63.33,1.0,Theory,No,Yes,No,Sunny,No,7
19-08-2026,Wednesday,6,14:45,Python Lab,F_001,5,CSE,A,Lab 1,60,51,85.0,88.33,1.0,Practical,No,Yes,No,Sunny,No,8
19-08-2026,Wednesday,7,15:45,Computer Networks,F_004,5,CSE,A,Room 401,60,51,85.0,73.33,1.0,Theory,No,Yes,No,Sunny,No,7
19-08-2026,Wednesday,1,09:00,DBMS Lab,F_002,5,CSE,B,Lab 1,62,61,98.39,70.97,24.0,Practical,No,Yes,No,Sunny,No,12
19-08-2026,Wednesday,4,12:15,Computer Networks,F_004,5,CSE,B,Room 402,62,54,87.1,74.19,1.0,Theory,No,Yes,No,Sunny,No,7
19-08-2026,Wednesday,5,13:45,Python Lab,F_001,5,CSE,B,Lab 1,62,56,90.32,70.97,1.0,Practical,No,Yes,No,Sunny,No,8
19-08-2026,Wednesday,6,14:45,Python Lab,F_001,5,CSE,B,Lab 1,62,55,88.71,90.32,1.0,Practical,No,Yes,No,Sunny,No,8
19-08-2026,Wednesday,3,11:15,Web Tech Lab,F_005,5,IT,A,Lab 1,58,57,98.28,84.48,72.0,Practical,No,Yes,No,Sunny,No,6
19-08-2026,Wednesday,5,13:45,Web Tech Lab,F_005,5,IT,A,Lab 1,58,52,89.66,98.0,1.0,Practical,No,Yes,No,Sunny,No,6
19-08-2026,Wednesday,6,14:45,Web Tech Lab,F_005,5,IT,A,Lab 1,58,54,93.1,89.66,1.0,Practical,No,Yes,No,Sunny,No,6
19-08-2026,Wednesday,1,09:00,ML Project Lab,F_007,7,CSE,A,Lab 1,55,51,92.73,80.0,24.0,Practical,No,Yes,No,Sunny,No,14
19-08-2026,Wednesday,3,11:15,Information Security,F_009,7,CSE,A,Room 501,55,54,98.18,72.73,1.0,Theory,No,Yes,No,Sunny,No,11
19-08-2026,Wednesday,4,12:15,Information Security,F_009,7,CSE,A,Room 501,55,50,90.91,98.0,1.0,Theory,No,Yes,No,Sunny,No,11
19-08-2026,Wednesday,5,13:45,Machine Learning,F_007,7,CSE,A,Room 501,55,48,87.27,83.64,1.0,Theory,No,Yes,No,Sunny,No,14
19-08-2026,Wednesday,6,14:45,Machine Learning,F_007,7,CSE,A,Room 501,55,47,85.45,87.27,1.0,Theory,No,Yes,No,Sunny,No,14
19-08-2026,Wednesday,3,11:15,Object Oriented Programming,F_001,3,AI-DS,A,Room 201,64,58,90.62,71.88,48.0,Theory,No,Yes,No,Sunny,No,8
19-08-2026,Wednesday,5,13:45,DSA Lab,F_010,3,AI-DS,A,Lab 1,64,55,85.94,81.25,1.0,Practical,No,Yes,No,Sunny,No,6
19-08-2026,Wednesday,7,15:45,Object Oriented Programming,F_001,3,AI-DS,A,Room 201,64,55,85.94,90.62,1.0,Theory,No,Yes,No,Sunny,No,8
20-08-2026,Thursday,1,09:00,Database Management Systems,F_002,5,CSE,A,Room 401,60,50,83.33,70.0,48.0,Theory,No,No,Yes,Cloudy,No,12
20-08-2026,Thursday,4,12:15,Python Programming,F_001,5,CSE,A,Room 401,60,49,81.67,73.33,1.0,Theory,No,No,Yes,Cloudy,No,8
20-08-2026,Thursday,5,13:45,Database Management Systems,F_002,5,CSE,A,Room 401,60,47,78.33,83.33,1.0,Theory,No,No,Yes,Cloudy,No,12
20-08-2026,Thursday,6,14:45,Computer Networks,F_004,5,CSE,A,Room 401,60,49,81.67,85.0,1.0,Theory,No,No,Yes,Cloudy,No,7
20-08-2026,Thursday,1,09:00,Operating Systems,F_003,5,CSE,B,Room 402,62,48,77.42,69.35,24.0,Theory,No,No,Yes,Cloudy,No,5
20-08-2026,Thursday,2,10:00,Database Management Systems,F_002,5,CSE,B,Room 402,62,56,90.32,72.58,1.0,Theory,No,No,Yes,Cloudy,No,12
20-08-2026,Thursday,5,13:45,Python Programming,F_001,5,CSE,B,Room 402,62,47,75.81,61.29,1.0,Theory,No,No,Yes,Cloudy,No,8
20-08-2026,Thursday,6,14:45,Computer Networks,F_004,5,CSE,B,Room 402,62,45,72.58,87.1,1.0,Theory,No,No,Yes,Cloudy,No,7
20-08-2026,Thursday,7,15:45,Python Lab,F_001,5,CSE,B,Lab 1,62,55,88.71,88.71,1.0,Practical,No,No,Yes,Cloudy,No,8
20-08-2026,Thursday,3,11:15,Web Tech Lab,F_005,5,IT,A,Lab 1,58,56,96.55,93.1,48.0,Practical,No,No,Yes,Cloudy,No,6
20-08-2026,Thursday,4,12:15,Web Tech Lab,F_005,5,IT,A,Lab 1,58,54,93.1,96.55,1.0,Practical,No,No,Yes,Cloudy,No,6
20-08-2026,Thursday,5,13:45,Web Technologies,F_005,5,IT,A,Room 301,58,47,81.03,67.24,1.0,Theory,No,No,Yes,Cloudy,No,6
20-08-2026,Thursday,6,14:45,Web Tech Lab,F_005,5,IT,A,Lab 1,58,49,84.48,93.1,1.0,Practical,No,No,Yes,Cloudy,No,6
20-08-2026,Thursday,7,15:45,Web Tech Lab,F_005,5,IT,A,Lab 1,58,52,89.66,84.48,1.0,Practical,No,No,Yes,Cloudy,No,6
20-08-2026,Thursday,1,09:00,Information Security,F_009,7,CSE,A,Room 501,55,44,80.0,90.91,72.0,Theory,No,No,Yes,Cloudy,No,11
20-08-2026,Thursday,2,10:00,ML Project Lab,F_007,7,CSE,A,Lab 1,55,54,98.18,92.73,1.0,Practical,No,No,Yes,Cloudy,No,14
20-08-2026,Thursday,5,13:45,Cloud Computing,F_008,7,CSE,A,Room 501,55,41,74.55,76.36,1.0,Theory,No,No,Yes,Cloudy,No,9
20-08-2026,Thursday,6,14:45,ML Project Lab,F_007,7,CSE,A,Lab 1,55,49,89.09,98.0,1.0,Practical,No,No,Yes,Cloudy,No,14
20-08-2026,Thursday,7,15:45,Information Security,F_009,7,CSE,A,Room 501,55,43,78.18,80.0,1.0,Theory,No,No,Yes,Cloudy,No,11
20-08-2026,Thursday,1,09:00,Object Oriented Programming,F_001,3,AI-DS,A,Room 201,64,49,76.56,85.94,48.0,Theory,No,No,Yes,Cloudy,No,8
20-08-2026,Thursday,2,10:00,Object Oriented Programming,F_001,3,AI-DS,A,Room 201,64,61,95.31,76.56,1.0,Theory,No,No,Yes,Cloudy,No,8
20-08-2026,Thursday,3,11:15,DSA Lab,F_010,3,AI-DS,A,Lab 1,64,59,92.19,85.94,1.0,Practical,No,No,Yes,Cloudy,No,6
20-08-2026,Thursday,4,12:15,Data Structures & Algorithms,F_010,3,AI-DS,A,Room 201,64,50,78.12,64.06,1.0,Theory,No,No,Yes,Cloudy,No,6
20-08-2026,Thursday,5,13:45,DSA Lab,F_010,3,AI-DS,A,Lab 1,64,57,89.06,92.19,1.0,Practical,No,No,Yes,Cloudy,No,6
21-08-2026,Friday,1,09:00,Computer Networks,F_004,5,CSE,A,Room 401,60,44,73.33,81.67,72.0,Theory,No,No,Yes,Sunny,No,7
21-08-2026,Friday,3,11:15,DBMS Lab,F_002,5,CSE,A,Lab 1,60,55,91.67,70.0,1.0,Practical,No,No,Yes,Sunny,No,12
21-08-2026,Friday,4,12:15,Python Programming,F_001,5,CSE,A,Room 401,60,45,75.0,81.67,1.0,Theory,No,No,Yes,Sunny,No,8
21-08-2026,Friday,5,13:45,DBMS Lab,F_002,5,CSE,A,Lab 1,60,48,80.0,91.67,1.0,Practical,No,No,Yes,Sunny,No,12
21-08-2026,Friday,6,14:45,DBMS Lab,F_002,5,CSE,A,Lab 1,60,45,75.0,80.0,1.0,Practical,No,No,Yes,Sunny,No,12
21-08-2026,Friday,2,10:00,Operating Systems,F_003,5,CSE,B,Room 402,62,49,79.03,77.42,24.0,Theory,No,No,Yes,Sunny,No,5
21-08-2026,Friday,4,12:15,DBMS Lab,F_002,5,CSE,B,Lab 1,62,50,80.65,98.0,1.0,Practical,No,No,Yes,Sunny,No,12
21-08-2026,Friday,6,14:45,Python Programming,F_001,5,CSE,B,Room 402,62,44,70.97,75.81,1.0,Theory,No,No,Yes,Sunny,No,8
21-08-2026,Friday,7,15:45,Database Management Systems,F_002,5,CSE,B,Room 402,62,43,69.35,90.32,1.0,Theory,No,No,Yes,Sunny,No,12
21-08-2026,Friday,1,09:00,Web Technologies,F_005,5,IT,A,Room 301,58,39,67.24,81.03,48.0,Theory,No,No,Yes,Sunny,No,6
21-08-2026,Friday,2,10:00,Software Engineering,F_006,5,IT,A,Room 301,58,46,79.31,70.69,1.0,Theory,No,No,Yes,Sunny,No,10
21-08-2026,Friday,3,11:15,Database Management Systems,F_002,5,IT,A,Room 301,58,47,81.03,74.14,1.0,Theory,No,No,Yes,Sunny,No,12
21-08-2026,Friday,6,14:45,Web Technologies,F_005,5,IT,A,Room 301,58,38,65.52,67.24,1.0,Theory,No,No,Yes,Sunny,No,6
21-08-2026,Friday,1,09:00,Cloud Computing,F_008,7,CSE,A,Room 501,55,38,69.09,74.55,48.0,Theory,No,No,Yes,Sunny,No,9
21-08-2026,Friday,2,10:00,Information Security,F_009,7,CSE,A,Room 501,55,46,83.64,78.18,1.0,Theory,No,No,Yes,Sunny,No,11
21-08-2026,Friday,3,11:15,Cloud Computing,F_008,7,CSE,A,Room 501,55,45,81.82,69.09,1.0,Theory,No,No,Yes,Sunny,No,9
21-08-2026,Friday,4,12:15,ML Project Lab,F_007,7,CSE,A,Lab 1,55,47,85.45,89.09,1.0,Practical,No,No,Yes,Sunny,No,14
21-08-2026,Friday,5,13:45,Information Security,F_009,7,CSE,A,Room 501,55,37,67.27,83.64,1.0,Theory,No,No,Yes,Sunny,No,11
21-08-2026,Friday,1,09:00,DSA Lab,F_010,3,AI-DS,A,Lab 1,64,51,79.69,89.06,72.0,Practical,No,No,Yes,Sunny,No,6
21-08-2026,Friday,2,10:00,Object Oriented Programming,F_001,3,AI-DS,A,Room 201,64,47,73.44,95.31,1.0,Theory,No,No,Yes,Sunny,No,8
21-08-2026,Friday,5,13:45,Object Oriented Programming,F_001,3,AI-DS,A,Room 201,64,41,64.06,73.44,1.0,Theory,No,No,Yes,Sunny,No,8
21-08-2026,Friday,6,14:45,Discrete Mathematics,F_011,3,AI-DS,A,Room 201,64,43,67.19,81.25,1.0,Theory,No,No,Yes,Sunny,No,15
22-08-2026,Saturday,2,10:00,DBMS Lab,F_002,5,CSE,A,Lab 1,60,42,70.0,75.0,24.0,Practical,No,No,Yes,Rainy,No,12
22-08-2026,Saturday,5,13:45,Python Lab,F_001,5,CSE,A,Lab 1,60,40,66.67,85.0,1.0,Practical,No,No,Yes,Rainy,No,8
22-08-2026,Saturday,6,14:45,Database Management Systems,F_002,5,CSE,A,Room 401,60,38,63.33,78.33,1.0,Theory,No,No,Yes,Rainy,No,12
22-08-2026,Saturday,7,15:45,Python Lab,F_001,5,CSE,A,Lab 1,60,39,65.0,66.67,1.0,Practical,No,No,Yes,Rainy,No,8
22-08-2026,Saturday,1,09:00,DBMS Lab,F_002,5,CSE,B,Lab 1,62,37,59.68,80.65,72.0,Practical,No,No,Yes,Rainy,No,12
22-08-2026,Saturday,4,12:15,Python Programming,F_001,5,CSE,B,Room 402,62,39,62.9,70.97,1.0,Theory,No,No,Yes,Rainy,No,8
22-08-2026,Saturday,5,13:45,Python Programming,F_001,5,CSE,B,Room 402,62,29,46.77,62.9,1.0,Theory,No,No,Yes,Rainy,No,8
22-08-2026,Saturday,7,15:45,Computer Networks,F_004,5,CSE,B,Room 402,62,34,54.84,72.58,1.0,Theory,No,No,Yes,Rainy,No,7
22-08-2026,Saturday,3,11:15,Computer Networks,F_004,5,IT,A,Room 301,58,37,63.79,68.97,48.0,Theory,No,No,Yes,Rainy,No,7
22-08-2026,Saturday,4,12:15,Web Technologies,F_005,5,IT,A,Room 301,58,36,62.07,65.52,1.0,Theory,No,No,Yes,Rainy,No,6
22-08-2026,Saturday,5,13:45,Database Management Systems,F_002,5,IT,A,Room 301,58,27,46.55,81.03,1.0,Theory,No,No,Yes,Rainy,No,12
22-08-2026,Saturday,6,14:45,Web Tech Lab,F_005,5,IT,A,Lab 1,58,36,62.07,89.66,1.0,Practical,No,No,Yes,Rainy,No,6
22-08-2026,Saturday,1,09:00,ML Project Lab,F_007,7,CSE,A,Lab 1,55,40,72.73,85.45,72.0,Practical,No,No,Yes,Rainy,No,14
22-08-2026,Saturday,6,14:45,Machine Learning,F_007,7,CSE,A,Room 501,55,29,52.73,85.45,1.0,Theory,No,No,Yes,Rainy,No,14
22-08-2026,Saturday,7,15:45,Machine Learning,F_007,7,CSE,A,Room 501,55,33,60.0,52.73,1.0,Theory,No,No,Yes,Rainy,No,14
22-08-2026,Saturday,2,10:00,Discrete Mathematics,F_011,3,AI-DS,A,Room 201,64,44,68.75,67.19,72.0,Theory,No,No,Yes,Rainy,No,15
22-08-2026,Saturday,3,11:15,Object Oriented Programming,F_001,3,AI-DS,A,Room 201,64,40,62.5,64.06,1.0,Theory,No,No,Yes,Rainy,No,8
22-08-2026,Saturday,5,13:45,DSA Lab,F_010,3,AI-DS,A,Lab 1,64,41,64.06,79.69,1.0,Practical,No,No,Yes,Rainy,No,6
24-08-2026,Monday,1,09:00,Operating Systems,F_003,5,CSE,A,Room 401,60,47,78.33,96.67,72.0,Theory,Yes,No,No,Cloudy,No,5
24-08-2026,Monday,3,11:15,Computer Networks,F_004,5,CSE,A,Room 401,60,55,91.67,73.33,1.0,Theory,Yes,No,No,Cloudy,No,7
24-08-2026,Monday,4,12:15,Computer Networks,F_004,5,CSE,A,Room 401,60,48,80.0,91.67,1.0,Theory,Yes,No,No,Cloudy,No,7
24-08-2026,Monday,5,13:45,Python Lab,F_001,5,CSE,A,Lab 1,60,51,85.0,65.0,1.0,Practical,Yes,No,No,Cloudy,No,8
24-08-2026,Monday,7,15:45,Computer Networks,F_004,5,CSE,A,Room 401,60,49,81.67,80.0,1.0,Theory,Yes,No,No,Cloudy,No,7
24-08-2026,Monday,1,09:00,Python Programming,F_001,5,CSE,B,Room 402,62,55,88.71,46.77,48.0,Theory,Yes,No,No,Cloudy,No,8
24-08-2026,Monday,4,12:15,Database Management Systems,F_002,5,CSE,B,Room 402,62,54,87.1,69.35,1.0,Theory,Yes,No,No,Cloudy,No,12
24-08-2026,Monday,5,13:45,Python Programming,F_001,5,CSE,B,Room 402,62,56,90.32,88.71,1.0,Theory,Yes,No,No,Cloudy,No,8
24-08-2026,Monday,6,14:45,Computer Networks,F_004,5,CSE,B,Room 402,62,46,74.19,54.84,1.0,Theory,Yes,No,No,Cloudy,No,7
24-08-2026,Monday,3,11:15,Computer Networks,F_004,5,IT,A,Room 301,58,53,91.38,63.79,48.0,Theory,Yes,No,No,Cloudy,No,7
24-08-2026,Monday,5,13:45,Computer Networks,F_004,5,IT,A,Room 301,58,46,79.31,91.38,1.0,Theory,Yes,No,No,Cloudy,No,7
24-08-2026,Monday,6,14:45,Database Management Systems,F_002,5,IT,A,Room 301,58,52,89.66,46.55,1.0,Theory,Yes,No,No,Cloudy,No,12
24-08-2026,Monday,1,09:00,ML Project Lab,F_007,7,CSE,A,Lab 1,55,50,90.91,72.73,72.0,Practical,Yes,No,No,Cloudy,No,14
24-08-2026,Monday,3,11:15,Information Security,F_009,7,CSE,A,Room 501,55,51,92.73,67.27,1.0,Theory,Yes,No,No,Cloudy,No,11
24-08-2026,Monday,5,13:45,ML Project Lab,F_007,7,CSE,A,Lab 1,55,46,83.64,90.91,1.0,Practical,Yes,No,No,Cloudy,No,14
24-08-2026,Monday,1,09:00,Data Structures & Algorithms,F_010,3,AI-DS,A,Room 201,64,48,75.0,78.12,24.0,Theory,Yes,No,No,Cloudy,No,6
24-08-2026,Monday,5,13:45,DSA Lab,F_010,3,AI-DS,A,Lab 1,64,52,81.25,64.06,1.0,Practical,Yes,No,No,Cloudy,No,6
24-08-2026,Monday,6,14:45,DSA Lab,F_010,3,AI-DS,A,Lab 1,64,54,84.38,81.25,1.0,Practical,Yes,No,No,Cloudy,No,6
25-08-2026,Tuesday,1,09:00,Computer Networks,F_004,5,CSE,A,Room 401,60,52,86.67,81.67,24.0,Theory,Yes,No,No,Cloudy,No,7
25-08-2026,Tuesday,5,13:45,Python Lab,F_001,5,CSE,A,Lab 1,60,59,98.33,85.0,1.0,Practical,Yes,No,No,Cloudy,No,8
25-08-2026,Tuesday,6,14:45,Python Programming,F_001,5,CSE,A,Room 401,60,58,96.67,75.0,1.0,Theory,Yes,No,No,Cloudy,No,8
25-08-2026,Tuesday,1,09:00,Computer Networks,F_004,5,CSE,B,Room 402,62,59,95.16,74.19,24.0,Theory,Yes,No,No,Cloudy,No,7
25-08-2026,Tuesday,3,11:15,DBMS Lab,F_002,5,CSE,B,Lab 1,62,61,98.39,59.68,1.0,Practical,Yes,No,No,Cloudy,No,12
25-08-2026,Tuesday,4,12:15,Computer Networks,F_004,5,CSE,B,Room 402,62,53,85.48,95.16,1.0,Theory,Yes,No,No,Cloudy,No,7
25-08-2026,Tuesday,7,15:45,Computer Networks,F_004,5,CSE,B,Room 402,62,55,88.71,85.48,1.0,Theory,Yes,No,No,Cloudy,No,7
25-08-2026,Tuesday,1,09:00,Database Management Systems,F_002,5,IT,A,Room 301,58,51,87.93,89.66,24.0,Theory,Yes,No,No,Cloudy,No,12
25-08-2026,Tuesday,2,10:00,Software Engineering,F_006,5,IT,A,Room 301,58,57,98.28,79.31,1.0,Theory,Yes,No,No,Cloudy,No,10
25-08-2026,Tuesday,5,13:45,Software Engineering,F_006,5,IT,A,Room 301,58,52,89.66,98.0,1.0,Theory,Yes,No,No,Cloudy,No,10
25-08-2026,Tuesday,1,09:00,ML Project Lab,F_007,7,CSE,A,Lab 1,55,54,98.18,83.64,72.0,Practical,Yes,No,No,Cloudy,No,14
25-08-2026,Tuesday,2,10:00,Machine Learning,F_007,7,CSE,A,Room 501,55,51,92.73,60.0,1.0,Theory,Yes,No,No,Cloudy,No,14
25-08-2026,Tuesday,3,11:15,Machine Learning,F_007,7,CSE,A,Room 501,55,54,98.18,92.73,1.0,Theory,Yes,No,No,Cloudy,No,14
25-08-2026,Tuesday,5,13:45,Information Security,F_009,7,CSE,A,Room 501,55,50,90.91,92.73,1.0,Theory,Yes,No,No,Cloudy,No,11
25-08-2026,Tuesday,2,10:00,DSA Lab,F_010,3,AI-DS,A,Lab 1,64,63,98.44,84.38,24.0,Practical,Yes,No,No,Cloudy,No,6
25-08-2026,Tuesday,4,12:15,DSA Lab,F_010,3,AI-DS,A,Lab 1,64,63,98.44,98.0,1.0,Practical,Yes,No,No,Cloudy,No,6
25-08-2026,Tuesday,5,13:45,Data Structures & Algorithms,F_010,3,AI-DS,A,Room 201,64,52,81.25,75.0,1.0,Theory,Yes,No,No,Cloudy,No,6
25-08-2026,Tuesday,6,14:45,Data Structures & Algorithms,F_010,3,AI-DS,A,Room 201,64,56,87.5,81.25,1.0,Theory,Yes,No,No,Cloudy,No,6
26-08-2026,Wednesday,1,09:00,Python Lab,F_001,5,CSE,A,Lab 1,60,57,95.0,98.0,48.0,Practical,Yes,No,No,Cloudy,No,8
26-08-2026,Wednesday,3,11:15,Python Programming,F_001,5,CSE,A,Room 401,60,59,98.33,96.67,1.0,Theory,Yes,No,No,Cloudy,No,8
26-08-2026,Wednesday,7,15:45,Python Lab,F_001,5,CSE,A,Lab 1,60,57,95.0,95.0,1.0,Practical,Yes,No,No,Cloudy,No,8
26-08-2026,Wednesday,2,10:00,Computer Networks,F_004,5,CSE,B,Room 402,62,58,93.55,88.71,72.0,Theory,Yes,No,No,Cloudy,No,7
26-08-2026,Wednesday,3,11:15,DBMS Lab,F_002,5,CSE,B,Lab 1,62,61,98.39,98.0,1.0,Practical,Yes,No,No,Cloudy,No,12
26-08-2026,Wednesday,4,12:15,Computer Networks,F_004,5,CSE,B,Room 402,62,58,93.55,93.55,1.0,Theory,Yes,No,No,Cloudy,No,7
26-08-2026,Wednesday,2,10:00,Software Engineering,F_006,5,IT,A,Room 301,58,57,98.28,89.66,48.0,Theory,Yes,No,No,Cloudy,No,10
26-08-2026,Wednesday,3,11:15,Software Engineering,F_006,5,IT,A,Room 301,58,57,98.28,98.0,1.0,Theory,Yes,No,No,Cloudy,No,10
26-08-2026,Wednesday,4,12:15,Database Management Systems,F_002,5,IT,A,Room 301,58,52,89.66,87.93,1.0,Theory,Yes,No,No,Cloudy,No,12
26-08-2026,Wednesday,7,15:45,Software Engineering,F_006,5,IT,A,Room 301,58,48,82.76,98.0,1.0,Theory,Yes,No,No,Cloudy,No,10
26-08-2026,Wednesday,1,09:00,Cloud Computing,F_008,7,CSE,A,Room 501,55,53,96.36,81.82,48.0,Theory,Yes,No,No,Cloudy,No,9
26-08-2026,Wednesday,3,11:15,ML Project Lab,F_007,7,CSE,A,Lab 1,55,54,98.18,98.0,1.0,Practical,Yes,No,No,Cloudy,No,14
26-08-2026,Wednesday,4,12:15,ML Project Lab,F_007,7,CSE,A,Lab 1,55,54,98.18,98.0,1.0,Practical,Yes,No,No,Cloudy,No,14
26-08-2026,Wednesday,5,13:45,ML Project Lab,F_007,7,CSE,A,Lab 1,55,54,98.18,98.0,1.0,Practical,Yes,No,No,Cloudy,No,14
26-08-2026,Wednesday,7,15:45,Machine Learning,F_007,7,CSE,A,Room 501,55,50,90.91,98.0,1.0,Theory,Yes,No,No,Cloudy,No,14
26-08-2026,Wednesday,1,09:00,Data Structures & Algorithms,F_010,3,AI-DS,A,Room 201,64,59,92.19,87.5,72.0,Theory,Yes,No,No,Cloudy,No,6
26-08-2026,Wednesday,2,10:00,Discrete Mathematics,F_011,3,AI-DS,A,Room 201,64,63,98.44,68.75,1.0,Theory,Yes,No,No,Cloudy,No,15
26-08-2026,Wednesday,3,11:15,Discrete Mathematics,F_011,3,AI-DS,A,Room 201,64,63,98.44,98.0,1.0,Theory,Yes,No,No,Cloudy,No,15
26-08-2026,Wednesday,4,12:15,Data Structures & Algorithms,F_010,3,AI-DS,A,Room 201,64,63,98.44,92.19,1.0,Theory,Yes,No,No,Cloudy,No,6
26-08-2026,Wednesday,5,13:45,Object Oriented Programming,F_001,3,AI-DS,A,Room 201,64,55,85.94,62.5,1.0,Theory,Yes,No,No,Cloudy,No,8
27-08-2026,Thursday,3,11:15,Python Programming,F_001,5,CSE,A,Room 401,60,59,98.33,98.0,72.0,Theory,Yes,No,No,Sunny,No,8
27-08-2026,Thursday,4,12:15,Python Programming,F_001,5,CSE,A,Room 401,60,57,95.0,98.0,1.0,Theory,Yes,No,No,Sunny,No,8
27-08-2026,Thursday,6,14:45,Database Management Systems,F_002,5,CSE,A,Room 401,60,56,93.33,63.33,1.0,Theory,Yes,No,No,Sunny,No,12
27-08-2026,Thursday,7,15:45,Computer Networks,F_004,5,CSE,A,Room 401,60,49,81.67,86.67,1.0,Theory,Yes,No,No,Sunny,No,7
27-08-2026,Thursday,1,09:00,Computer Networks,F_004,5,CSE,B,Room 402,62,58,93.55,93.55,72.0,Theory,Yes,No,No,Sunny,No,7
27-08-2026,Thursday,2,10:00,Python Programming,F_001,5,CSE,B,Room 402,62,61,98.39,90.32,1.0,Theory,Yes,No,No,Sunny,No,8
27-08-2026,Thursday,4,12:15,Database Management Systems,F_002,5,CSE,B,Room 402,62,54,87.1,87.1,1.0,Theory,Yes,No,No,Sunny,No,12
27-08-2026,Thursday,5,13:45,Python Lab,F_001,5,CSE,B,Lab 1,62,57,91.94,88.71,1.0,Practical,Yes,No,No,Sunny,No,8
27-08-2026,Thursday,2,10:00,Software Engineering,F_006,5,IT,A,Room 301,58,55,94.83,82.76,24.0,Theory,Yes,No,No,Sunny,No,10
27-08-2026,Thursday,4,12:15,Software Engineering,F_006,5,IT,A,Room 301,58,53,91.38,94.83,1.0,Theory,Yes,No,No,Sunny,No,10
27-08-2026,Thursday,5,13:45,Computer Networks,F_004,5,IT,A,Room 301,58,52,89.66,79.31,1.0,Theory,Yes,No,No,Sunny,No,7
27-08-2026,Thursday,7,15:45,Web Tech Lab,F_005,5,IT,A,Lab 1,58,57,98.28,62.07,1.0,Practical,Yes,No,No,Sunny,No,6
27-08-2026,Thursday,2,10:00,Machine Learning,F_007,7,CSE,A,Room 501,55,54,98.18,90.91,48.0,Theory,Yes,No,No,Sunny,No,14
27-08-2026,Thursday,3,11:15,ML Project Lab,F_007,7,CSE,A,Lab 1,55,54,98.18,98.0,1.0,Practical,Yes,No,No,Sunny,No,14
27-08-2026,Thursday,4,12:15,Machine Learning,F_007,7,CSE,A,Room 501,55,50,90.91,98.0,1.0,Theory,Yes,No,No,Sunny,No,14
27-08-2026,Thursday,2,10:00,DSA Lab,F_010,3,AI-DS,A,Lab 1,64,63,98.44,98.0,48.0,Practical,Yes,No,No,Sunny,No,6
27-08-2026,Thursday,3,11:15,Object Oriented Programming,F_001,3,AI-DS,A,Room 201,64,63,98.44,85.94,1.0,Theory,Yes,No,No,Sunny,No,8
27-08-2026,Thursday,5,13:45,Discrete Mathematics,F_011,3,AI-DS,A,Room 201,64,62,96.88,98.0,1.0,Theory,Yes,No,No,Sunny,No,15
28-08-2026,Friday,3,11:15,Python Programming,F_001,5,CSE,A,Room 401,60,47,78.33,95.0,72.0,Theory,Yes,No,Yes,Sunny,Yes,8
28-08-2026,Friday,4,12:15,DBMS Lab,F_002,5,CSE,A,Lab 1,60,46,76.67,70.0,1.0,Practical,Yes,No,Yes,Sunny,Yes,12
28-08-2026,Friday,6,14:45,Database Management Systems,F_002,5,CSE,A,Room 401,60,37,61.67,93.33,1.0,Theory,Yes,No,Yes,Sunny,Yes,12
28-08-2026,Friday,3,11:15,Operating Systems,F_003,5,CSE,B,Room 402,62,41,66.13,79.03,24.0,Theory,Yes,No,Yes,Sunny,Yes,5
28-08-2026,Friday,6,14:45,Computer Networks,F_004,5,CSE,B,Room 402,62,41,66.13,93.55,1.0,Theory,Yes,No,Yes,Sunny,Yes,7
28-08-2026,Friday,7,15:45,Database Management Systems,F_002,5,CSE,B,Room 402,62,40,64.52,87.1,1.0,Theory,Yes,No,Yes,Sunny,Yes,12
28-08-2026,Friday,3,11:15,Computer Networks,F_004,5,IT,A,Room 301,58,40,68.97,89.66,72.0,Theory,Yes,No,Yes,Sunny,Yes,7
28-08-2026,Friday,5,13:45,Software Engineering,F_006,5,IT,A,Room 301,58,35,60.34,91.38,1.0,Theory,Yes,No,Yes,Sunny,Yes,10
28-08-2026,Friday,6,14:45,Web Technologies,F_005,5,IT,A,Room 301,58,35,60.34,62.07,1.0,Theory,Yes,No,Yes,Sunny,Yes,6
28-08-2026,Friday,2,10:00,Information Security,F_009,7,CSE,A,Room 501,55,43,78.18,90.91,48.0,Theory,Yes,No,Yes,Sunny,Yes,11
28-08-2026,Friday,4,12:15,Machine Learning,F_007,7,CSE,A,Room 501,55,41,74.55,90.91,1.0,Theory,Yes,No,Yes,Sunny,Yes,14
28-08-2026,Friday,5,13:45,Cloud Computing,F_008,7,CSE,A,Room 501,55,37,67.27,96.36,1.0,Theory,Yes,No,Yes,Sunny,Yes,9
28-08-2026,Friday,6,14:45,Cloud Computing,F_008,7,CSE,A,Room 501,55,35,63.64,67.27,1.0,Theory,Yes,No,Yes,Sunny,Yes,9
28-08-2026,Friday,7,15:45,Information Security,F_009,7,CSE,A,Room 501,55,38,69.09,78.18,1.0,Theory,Yes,No,Yes,Sunny,Yes,11
28-08-2026,Friday,2,10:00,Data Structures & Algorithms,F_010,3,AI-DS,A,Room 201,64,45,70.31,98.0,72.0,Theory,Yes,No,Yes,Sunny,Yes,6
28-08-2026,Friday,4,12:15,DSA Lab,F_010,3,AI-DS,A,Lab 1,64,49,76.56,98.0,1.0,Practical,Yes,No,Yes,Sunny,Yes,6
28-08-2026,Friday,6,14:45,Discrete Mathematics,F_011,3,AI-DS,A,Room 201,64,38,59.38,96.88,1.0,Theory,Yes,No,Yes,Sunny,Yes,15
28-08-2026,Friday,7,15:45,Object Oriented Programming,F_001,3,AI-DS,A,Room 201,64,39,60.94,98.0,1.0,Theory,Yes,No,Yes,Sunny,Yes,8
29-08-2026,Saturday,1,09:00,Python Lab,F_001,5,CSE,A,Lab 1,60,48,80.0,95.0,48.0,Practical,Yes,No,Yes,Sunny,No,8
29-08-2026,Saturday,5,13:45,Python Lab,F_001,5,CSE,A,Lab 1,60,49,81.67,80.0,1.0,Practical,Yes,No,Yes,Sunny,No,8
29-08-2026,Saturday,7,15:45,Python Lab,F_001,5,CSE,A,Lab 1,60,49,81.67,81.67,1.0,Practical,Yes,No,Yes,Sunny,No,8
29-08-2026,Saturday,1,09:00,Python Programming,F_001,5,CSE,B,Room 402,62,43,69.35,98.0,72.0,Theory,Yes,No,Yes,Sunny,No,8
29-08-2026,Saturday,2,10:00,Database Management Systems,F_002,5,CSE,B,Room 402,62,50,80.65,64.52,1.0,Theory,Yes,No,Yes,Sunny,No,12
29-08-2026,Saturday,3,11:15,Database Management Systems,F_002,5,CSE,B,Room 402,62,52,83.87,80.65,1.0,Theory,Yes,No,Yes,Sunny,No,12
29-08-2026,Saturday,4,12:15,Python Lab,F_001,5,CSE,B,Lab 1,62,50,80.65,91.94,1.0,Practical,Yes,No,Yes,Sunny,No,8
29-08-2026,Saturday,5,13:45,Computer Networks,F_004,5,CSE,B,Room 402,62,44,70.97,66.13,1.0,Theory,Yes,No,Yes,Sunny,No,7
29-08-2026,Saturday,1,09:00,Web Technologies,F_005,5,IT,A,Room 301,58,45,77.59,60.34,72.0,Theory,Yes,No,Yes,Sunny,No,6
29-08-2026,Saturday,5,13:45,Software Engineering,F_006,5,IT,A,Room 301,58,41,70.69,60.34,1.0,Theory,Yes,No,Yes,Sunny,No,10
29-08-2026,Saturday,6,14:45,Web Technologies,F_005,5,IT,A,Room 301,58,39,67.24,77.59,1.0,Theory,Yes,No,Yes,Sunny,No,6
29-08-2026,Saturday,7,15:45,Web Technologies,F_005,5,IT,A,Room 301,58,43,74.14,67.24,1.0,Theory,Yes,No,Yes,Sunny,No,6
29-08-2026,Saturday,1,09:00,ML Project Lab,F_007,7,CSE,A,Lab 1,55,39,70.91,98.0,48.0,Practical,Yes,No,Yes,Sunny,No,14
29-08-2026,Saturday,3,11:15,Machine Learning,F_007,7,CSE,A,Room 501,55,46,83.64,74.55,1.0,Theory,Yes,No,Yes,Sunny,No,14
29-08-2026,Saturday,5,13:45,Cloud Computing,F_008,7,CSE,A,Room 501,55,45,81.82,63.64,1.0,Theory,Yes,No,Yes,Sunny,No,9
29-08-2026,Saturday,6,14:45,Information Security,F_009,7,CSE,A,Room 501,55,47,85.45,69.09,1.0,Theory,Yes,No,Yes,Sunny,No,11
29-08-2026,Saturday,1,09:00,DSA Lab,F_010,3,AI-DS,A,Lab 1,64,55,85.94,76.56,48.0,Practical,Yes,No,Yes,Sunny,No,6
29-08-2026,Saturday,3,11:15,Object Oriented Programming,F_001,3,AI-DS,A,Room 201,64,56,87.5,60.94,1.0,Theory,Yes,No,Yes,Sunny,No,8
29-08-2026,Saturday,7,15:45,Data Structures & Algorithms,F_010,3,AI-DS,A,Room 201,64,44,68.75,70.31,1.0,Theory,Yes,No,Yes,Sunny,No,6
31-08-2026,Monday,1,09:00,Python Programming,F_001,5,CSE,A,Room 401,60,49,81.67,78.33,24.0,Theory,No,No,No,Sunny,No,8
31-08-2026,Monday,2,10:00,Python Lab,F_001,5,CSE,A,Lab 1,60,54,90.0,81.67,1.0,Practical,No,No,No,Sunny,No,8
31-08-2026,Monday,7,15:45,Database Management Systems,F_002,5,CSE,A,Room 401,60,41,68.33,61.67,1.0,Theory,No,No,No,Sunny,No,12
31-08-2026,Monday,1,09:00,Python Lab,F_001,5,CSE,B,Lab 1,62,46,74.19,80.65,24.0,Practical,No,No,No,Sunny,No,8
31-08-2026,Monday,3,11:15,Computer Networks,F_004,5,CSE,B,Room 402,62,46,74.19,70.97,1.0,Theory,No,No,No,Sunny,No,7
31-08-2026,Monday,5,13:45,Operating Systems,F_003,5,CSE,B,Room 402,62,42,67.74,66.13,1.0,Theory,No,No,No,Sunny,No,5
31-08-2026,Monday,3,11:15,Web Tech Lab,F_005,5,IT,A,Lab 1,58,50,86.21,98.0,24.0,Practical,No,No,No,Sunny,No,6
31-08-2026,Monday,5,13:45,Web Tech Lab,F_005,5,IT,A,Lab 1,58,40,68.97,86.21,1.0,Practical,No,No,No,Sunny,No,6
31-08-2026,Monday,7,15:45,Database Management Systems,F_002,5,IT,A,Room 301,58,39,67.24,89.66,1.0,Theory,No,No,No,Sunny,No,12
31-08-2026,Monday,1,09:00,Information Security,F_009,7,CSE,A,Room 501,55,38,69.09,85.45,48.0,Theory,No,No,No,Sunny,No,11
31-08-2026,Monday,3,11:15,Machine Learning,F_007,7,CSE,A,Room 501,55,46,83.64,83.64,1.0,Theory,No,No,No,Sunny,No,14
31-08-2026,Monday,4,12:15,Machine Learning,F_007,7,CSE,A,Room 501,55,43,78.18,83.64,1.0,Theory,No,No,No,Sunny,No,14
31-08-2026,Monday,3,11:15,Data Structures & Algorithms,F_010,3,AI-DS,A,Room 201,64,50,78.12,68.75,48.0,Theory,No,No,No,Sunny,No,6
31-08-2026,Monday,4,12:15,Data Structures & Algorithms,F_010,3,AI-DS,A,Room 201,64,50,78.12,78.12,1.0,Theory,No,No,No,Sunny,No,6
31-08-2026,Monday,5,13:45,Discrete Mathematics,F_011,3,AI-DS,A,Room 201,64,47,73.44,59.38,1.0,Theory,No,No,No,Sunny,No,15
31-08-2026,Monday,6,14:45,DSA Lab,F_010,3,AI-DS,A,Lab 1,64,45,70.31,85.94,1.0,Practical,No,No,No,Sunny,No,6
31-08-2026,Monday,7,15:45,Data Structures & Algorithms,F_010,3,AI-DS,A,Room 201,64,46,71.88,78.12,1.0,Theory,No,No,No,Sunny,No,6
01-09-2026,Tuesday,1,09:00,Computer Networks,F_004,5,CSE,A,Room 401,60,49,81.67,81.67,24.0,Theory,No,No,No,Sunny,No,7
01-09-2026,Tuesday,2,10:00,Computer Networks,F_004,5,CSE,A,Room 401,60,49,81.67,81.67,1.0,Theory,No,No,No,Sunny,No,7
01-09-2026,Tuesday,4,12:15,Database Management Systems,F_002,5,CSE,A,Room 401,60,51,85.0,68.33,1.0,Theory,No,No,No,Sunny,No,12
01-09-2026,Tuesday,1,09:00,Database Management Systems,F_002,5,CSE,B,Room 402,62,48,77.42,83.87,72.0,Theory,No,No,No,Sunny,No,12
01-09-2026,Tuesday,2,10:00,Python Programming,F_001,5,CSE,B,Room 402,62,51,82.26,69.35,1.0,Theory,No,No,No,Sunny,No,8
01-09-2026,Tuesday,4,12:15,Python Programming,F_001,5,CSE,B,Room 402,62,54,87.1,82.26,1.0,Theory,No,No,No,Sunny,No,8
01-09-2026,Tuesday,5,13:45,Python Lab,F_001,5,CSE,B,Lab 1,62,58,93.55,74.19,1.0,Practical,No,No,No,Sunny,No,8
01-09-2026,Tuesday,6,14:45,Database Management Systems,F_002,5,CSE,B,Room 402,62,46,74.19,77.42,1.0,Theory,No,No,No,Sunny,No,12
01-09-2026,Tuesday,2,10:00,Software Engineering,F_006,5,IT,A,Room 301,58,53,91.38,70.69,72.0,Theory,No,No,No,Sunny,No,10
01-09-2026,Tuesday,4,12:15,Software Engineering,F_006,5,IT,A,Room 301,58,48,82.76,91.38,1.0,Theory,No,No,No,Sunny,No,10
01-09-2026,Tuesday,7,15:45,Web Technologies,F_005,5,IT,A,Room 301,58,42,72.41,74.14,1.0,Theory,No,No,No,Sunny,No,6
01-09-2026,Tuesday,1,09:00,Machine Learning,F_007,7,CSE,A,Room 501,55,45,81.82,78.18,48.0,Theory,No,No,No,Sunny,No,14
01-09-2026,Tuesday,3,11:15,ML Project Lab,F_007,7,CSE,A,Lab 1,55,52,94.55,70.91,1.0,Practical,No,No,No,Sunny,No,14
01-09-2026,Tuesday,7,15:45,Cloud Computing,F_008,7,CSE,A,Room 501,55,42,76.36,81.82,1.0,Theory,No,No,No,Sunny,No,9
01-09-2026,Tuesday,2,10:00,DSA Lab,F_010,3,AI-DS,A,Lab 1,64,58,90.62,70.31,48.0,Practical,No,No,No,Sunny,No,6
01-09-2026,Tuesday,3,11:15,Discrete Mathematics,F_011,3,AI-DS,A,Room 201,64,59,92.19,73.44,1.0,Theory,No,No,No,Sunny,No,15
01-09-2026,Tuesday,5,13:45,Data Structures & Algorithms,F_010,3,AI-DS,A,Room 201,64,49,76.56,71.88,1.0,Theory,No,No,No,Sunny,No,6
01-09-2026,Tuesday,6,14:45,DSA Lab,F_010,3,AI-DS,A,Lab 1,64,52,81.25,90.62,1.0,Practical,No,No,No,Sunny,No,6
01-09-2026,Tuesday,7,15:45,Data Structures & Algorithms,F_010,3,AI-DS,A,Room 201,64,47,73.44,76.56,1.0,Theory,No,No,No,Sunny,No,6
02-09-2026,Wednesday,4,12:15,Operating Systems,F_003,5,CSE,A,Room 401,60,53,88.33,78.33,24.0,Theory,No,Yes,No,Sunny,No,5
02-09-2026,Wednesday,5,13:45,Database Management Systems,F_002,5,CSE,A,Room 401,60,54,90.0,85.0,1.0,Theory,No,Yes,No,Sunny,No,12
02-09-2026,Wednesday,7,15:45,Python Programming,F_001,5,CSE,A,Room 401,60,50,83.33,81.67,1.0,Theory,No,Yes,No,Sunny,No,8
02-09-2026,Wednesday,2,10:00,Python Lab,F_001,5,CSE,B,Lab 1,62,61,98.39,93.55,48.0,Practical,No,Yes,No,Sunny,No,8
02-09-2026,Wednesday,3,11:15,Python Lab,F_001,5,CSE,B,Lab 1,62,61,98.39,98.0,1.0,Practical,No,Yes,No,Sunny,No,8
02-09-2026,Wednesday,5,13:45,Computer Networks,F_004,5,CSE,B,Room 402,62,52,83.87,74.19,1.0,Theory,No,Yes,No,Sunny,No,7
02-09-2026,Wednesday,6,14:45,Python Lab,F_001,5,CSE,B,Lab 1,62,52,83.87,98.0,1.0,Practical,No,Yes,No,Sunny,No,8
02-09-2026,Wednesday,2,10:00,Software Engineering,F_006,5,IT,A,Room 301,58,55,94.83,82.76,24.0,Theory,No,Yes,No,Sunny,No,10
02-09-2026,Wednesday,3,11:15,Web Tech Lab,F_005,5,IT,A,Lab 1,58,57,98.28,68.97,1.0,Practical,No,Yes,No,Sunny,No,6
02-09-2026,Wednesday,6,14:45,Web Technologies,F_005,5,IT,A,Room 301,58,50,86.21,72.41,1.0,Theory,No,Yes,No,Sunny,No,6
02-09-2026,Wednesday,3,11:15,Cloud Computing,F_008,7,CSE,A,Room 501,55,51,92.73,76.36,48.0,Theory,No,Yes,No,Sunny,No,9
02-09-2026,Wednesday,4,12:15,Cloud Computing,F_008,7,CSE,A,Room 501,55,46,83.64,92.73,1.0,Theory,No,Yes,No,Sunny,No,9
02-09-2026,Wednesday,6,14:45,Information Security,F_009,7,CSE,A,Room 501,55,43,78.18,69.09,1.0,Theory,No,Yes,No,Sunny,No,11
02-09-2026,Wednesday,7,15:45,ML Project Lab,F_007,7,CSE,A,Lab 1,55,51,92.73,94.55,1.0,Practical,No,Yes,No,Sunny,No,14
02-09-2026,Wednesday,1,09:00,Discrete Mathematics,F_011,3,AI-DS,A,Room 201,64,57,89.06,92.19,72.0,Theory,No,Yes,No,Sunny,No,15
02-09-2026,Wednesday,2,10:00,Data Structures & Algorithms,F_010,3,AI-DS,A,Room 201,64,59,92.19,73.44,1.0,Theory,No,Yes,No,Sunny,No,6
02-09-2026,Wednesday,5,13:45,Data Structures & Algorithms,F_010,3,AI-DS,A,Room 201,64,53,82.81,92.19,1.0,Theory,No,Yes,No,Sunny,No,6
02-09-2026,Wednesday,6,14:45,Data Structures & Algorithms,F_010,3,AI-DS,A,Room 201,64,50,78.12,82.81,1.0,Theory,No,Yes,No,Sunny,No,6
02-09-2026,Wednesday,7,15:45,Discrete Mathematics,F_011,3,AI-DS,A,Room 201,64,55,85.94,89.06,1.0,Theory,No,Yes,No,Sunny,No,15
03-09-2026,Thursday,2,10:00,Computer Networks,F_004,5,CSE,A,Room 401,60,49,81.67,81.67,48.0,Theory,No,No,No,Sunny,No,7
03-09-2026,Thursday,5,13:45,Operating Systems,F_003,5,CSE,A,Room 401,60,46,76.67,88.33,1.0,Theory,No,No,No,Sunny,No,5
03-09-2026,Thursday,6,14:45,Computer Networks,F_004,5,CSE,A,Room 401,60,46,76.67,81.67,1.0,Theory,No,No,No,Sunny,No,7
03-09-2026,Thursday,7,15:45,Python Programming,F_001,5,CSE,A,Room 401,60,43,71.67,83.33,1.0,Theory,No,No,No,Sunny,No,8
03-09-2026,Thursday,1,09:00,Python Programming,F_001,5,CSE,B,Room 402,62,48,77.42,87.1,72.0,Theory,No,No,No,Sunny,No,8
03-09-2026,Thursday,2,10:00,Python Lab,F_001,5,CSE,B,Lab 1,62,61,98.39,83.87,1.0,Practical,No,No,No,Sunny,No,8
03-09-2026,Thursday,4,12:15,Database Management Systems,F_002,5,CSE,B,Room 402,62,50,80.65,74.19,1.0,Theory,No,No,No,Sunny,No,12
03-09-2026,Thursday,6,14:45,Python Lab,F_001,5,CSE,B,Lab 1,62,55,88.71,98.0,1.0,Practical,No,No,No,Sunny,No,8
03-09-2026,Thursday,7,15:45,Operating Systems,F_003,5,CSE,B,Room 402,62,45,72.58,67.74,1.0,Theory,No,No,No,Sunny,No,5
03-09-2026,Thursday,1,09:00,Software Engineering,F_006,5,IT,A,Room 301,58,48,82.76,94.83,48.0,Theory,No,No,No,Sunny,No,10
03-09-2026,Thursday,2,10:00,Computer Networks,F_004,5,IT,A,Room 301,58,54,93.1,68.97,1.0,Theory,No,No,No,Sunny,No,7
03-09-2026,Thursday,6,14:45,Web Tech Lab,F_005,5,IT,A,Lab 1,58,43,74.14,98.0,1.0,Practical,No,No,No,Sunny,No,6
03-09-2026,Thursday,3,11:15,Information Security,F_009,7,CSE,A,Room 501,55,46,83.64,78.18,72.0,Theory,No,No,No,Sunny,No,11
03-09-2026,Thursday,4,12:15,Machine Learning,F_007,7,CSE,A,Room 501,55,47,85.45,81.82,1.0,Theory,No,No,No,Sunny,No,14
03-09-2026,Thursday,6,14:45,ML Project Lab,F_007,7,CSE,A,Lab 1,55,48,87.27,92.73,1.0,Practical,No,No,No,Sunny,No,14
03-09-2026,Thursday,2,10:00,Object Oriented Programming,F_001,3,AI-DS,A,Room 201,64,57,89.06,87.5,72.0,Theory,No,No,No,Sunny,No,8
03-09-2026,Thursday,4,12:15,Discrete Mathematics,F_011,3,AI-DS,A,Room 201,64,53,82.81,85.94,1.0,Theory,No,No,No,Sunny,No,15
03-09-2026,Thursday,5,13:45,Discrete Mathematics,F_011,3,AI-DS,A,Room 201,64,53,82.81,82.81,1.0,Theory,No,No,No,Sunny,No,15
03-09-2026,Thursday,6,14:45,Discrete Mathematics,F_011,3,AI-DS,A,Room 201,64,50,78.12,82.81,1.0,Theory,No,No,No,Sunny,No,15
03-09-2026,Thursday,7,15:45,DSA Lab,F_010,3,AI-DS,A,Lab 1,64,54,84.38,81.25,1.0,Practical,No,No,No,Sunny,No,6
04-09-2026,Friday,1,09:00,Computer Networks,F_004,5,CSE,A,Room 401,60,42,70.0,76.67,24.0,Theory,No,No,Yes,Sunny,No,7
04-09-2026,Friday,3,11:15,DBMS Lab,F_002,5,CSE,A,Lab 1,60,53,88.33,76.67,1.0,Practical,No,No,Yes,Sunny,No,12
04-09-2026,Friday,4,12:15,Database Management Systems,F_002,5,CSE,A,Room 401,60,44,73.33,90.0,1.0,Theory,No,No,Yes,Sunny,No,12
04-09-2026,Friday,6,14:45,Python Programming,F_001,5,CSE,A,Room 401,60,39,65.0,71.67,1.0,Theory,No,No,Yes,Sunny,No,8
04-09-2026,Friday,7,15:45,Operating Systems,F_003,5,CSE,A,Room 401,60,37,61.67,76.67,1.0,Theory,No,No,Yes,Sunny,No,5
04-09-2026,Friday,4,12:15,Python Programming,F_001,5,CSE,B,Room 402,62,48,77.42,77.42,72.0,Theory,No,No,Yes,Sunny,No,8
04-09-2026,Friday,5,13:45,Python Lab,F_001,5,CSE,B,Lab 1,62,46,74.19,88.71,1.0,Practical,No,No,Yes,Sunny,No,8
04-09-2026,Friday,6,14:45,DBMS Lab,F_002,5,CSE,B,Lab 1,62,50,80.65,98.0,1.0,Practical,No,No,Yes,Sunny,No,12
04-09-2026,Friday,7,15:45,Python Programming,F_001,5,CSE,B,Room 402,62,46,74.19,77.42,1.0,Theory,No,No,Yes,Sunny,No,8
04-09-2026,Friday,1,09:00,Database Management Systems,F_002,5,IT,A,Room 301,58,44,75.86,67.24,48.0,Theory,No,No,Yes,Sunny,No,12
04-09-2026,Friday,2,10:00,Software Engineering,F_006,5,IT,A,Room 301,58,45,77.59,82.76,1.0,Theory,No,No,Yes,Sunny,No,10
04-09-2026,Friday,6,14:45,Computer Networks,F_004,5,IT,A,Room 301,58,42,72.41,93.1,1.0,Theory,No,No,Yes,Sunny,No,7
04-09-2026,Friday,7,15:45,Web Tech Lab,F_005,5,IT,A,Lab 1,58,41,70.69,74.14,1.0,Practical,No,No,Yes,Sunny,No,6
04-09-2026,Friday,2,10:00,Machine Learning,F_007,7,CSE,A,Room 501,55,42,76.36,85.45,24.0,Theory,No,No,Yes,Sunny,No,14
04-09-2026,Friday,4,12:15,Cloud Computing,F_008,7,CSE,A,Room 501,55,40,72.73,83.64,1.0,Theory,No,No,Yes,Sunny,No,9
04-09-2026,Friday,5,13:45,Information Security,F_009,7,CSE,A,Room 501,55,35,63.64,83.64,1.0,Theory,No,No,Yes,Sunny,No,11
04-09-2026,Friday,6,14:45,ML Project Lab,F_007,7,CSE,A,Lab 1,55,42,76.36,87.27,1.0,Practical,No,No,Yes,Sunny,No,14
04-09-2026,Friday,2,10:00,Discrete Mathematics,F_011,3,AI-DS,A,Room 201,64,51,79.69,78.12,24.0,Theory,No,No,Yes,Sunny,No,15
04-09-2026,Friday,3,11:15,Object Oriented Programming,F_001,3,AI-DS,A,Room 201,64,54,84.38,89.06,1.0,Theory,No,No,Yes,Sunny,No,8
04-09-2026,Friday,4,12:15,Discrete Mathematics,F_011,3,AI-DS,A,Room 201,64,49,76.56,79.69,1.0,Theory,No,No,Yes,Sunny,No,15
04-09-2026,Friday,6,14:45,Discrete Mathematics,F_011,3,AI-DS,A,Room 201,64,46,71.88,76.56,1.0,Theory,No,No,Yes,Sunny,No,15
04-09-2026,Friday,7,15:45,Data Structures & Algorithms,F_010,3,AI-DS,A,Room 201,64,46,71.88,78.12,1.0,Theory,No,No,Yes,Sunny,No,6
05-09-2026,Saturday,3,11:15,DBMS Lab,F_002,5,CSE,A,Lab 1,60,43,71.67,88.33,48.0,Practical,No,No,Yes,Sunny,No,12
05-09-2026,Saturday,5,13:45,Computer Networks,F_004,5,CSE,A,Room 401,60,39,65.0,70.0,1.0,Theory,No,No,Yes,Sunny,No,7
05-09-2026,Saturday,7,15:45,Python Lab,F_001,5,CSE,A,Lab 1,60,45,75.0,90.0,1.0,Practical,No,No,Yes,Sunny,No,8
05-09-2026,Saturday,3,11:15,Operating Systems,F_003,5,CSE,B,Room 402,62,40,64.52,72.58,48.0,Theory,No,No,Yes,Sunny,No,5
05-09-2026,Saturday,5,13:45,DBMS Lab,F_002,5,CSE,B,Lab 1,62,49,79.03,80.65,1.0,Practical,No,No,Yes,Sunny,No,12
05-09-2026,Saturday,6,14:45,DBMS Lab,F_002,5,CSE,B,Lab 1,62,48,77.42,79.03,1.0,Practical,No,No,Yes,Sunny,No,12
05-09-2026,Saturday,7,15:45,Python Lab,F_001,5,CSE,B,Lab 1,62,43,69.35,74.19,1.0,Practical,No,No,Yes,Sunny,No,8
05-09-2026,Saturday,3,11:15,Computer Networks,F_004,5,IT,A,Room 301,58,43,74.14,72.41,24.0,Theory,No,No,Yes,Sunny,No,7
05-09-2026,Saturday,4,12:15,Software Engineering,F_006,5,IT,A,Room 301,58,44,75.86,77.59,1.0,Theory,No,No,Yes,Sunny,No,10
05-09-2026,Saturday,5,13:45,Web Tech Lab,F_005,5,IT,A,Lab 1,58,41,70.69,70.69,1.0,Practical,No,No,Yes,Sunny,No,6
05-09-2026,Saturday,7,15:45,Software Engineering,F_006,5,IT,A,Room 301,58,35,60.34,75.86,1.0,Theory,No,No,Yes,Sunny,No,10
05-09-2026,Saturday,1,09:00,Cloud Computing,F_008,7,CSE,A,Room 501,55,34,61.82,72.73,24.0,Theory,No,No,Yes,Sunny,No,9
05-09-2026,Saturday,3,11:15,Information Security,F_009,7,CSE,A,Room 501,55,38,69.09,63.64,1.0,Theory,No,No,Yes,Sunny,No,11
05-09-2026,Saturday,4,12:15,Information Security,F_009,7,CSE,A,Room 501,55,40,72.73,69.09,1.0,Theory,No,No,Yes,Sunny,No,11
05-09-2026,Saturday,3,11:15,Data Structures & Algorithms,F_010,3,AI-DS,A,Room 201,64,45,70.31,71.88,72.0,Theory,No,No,Yes,Sunny,No,6
05-09-2026,Saturday,4,12:15,Data Structures & Algorithms,F_010,3,AI-DS,A,Room 201,64,43,67.19,70.31,1.0,Theory,No,No,Yes,Sunny,No,6
05-09-2026,Saturday,5,13:45,Data Structures & Algorithms,F_010,3,AI-DS,A,Room 201,64,37,57.81,67.19,1.0,Theory,No,No,Yes,Sunny,No,6
05-09-2026,Saturday,7,15:45,Data Structures & Algorithms,F_010,3,AI-DS,A,Room 201,64,40,62.5,57.81,1.0,Theory,No,No,Yes,Sunny,No,6
07-09-2026,Monday,2,10:00,DBMS Lab,F_002,5,CSE,A,Lab 1,60,53,88.33,71.67,48.0,Practical,No,No,No,Sunny,No,12
07-09-2026,Monday,3,11:15,DBMS Lab,F_002,5,CSE,A,Lab 1,60,55,91.67,88.33,1.0,Practical,No,No,No,Sunny,No,12
07-09-2026,Monday,4,12:15,Python Lab,F_001,5,CSE,A,Lab 1,60,48,80.0,75.0,1.0,Practical,No,No,No,Sunny,No,8
07-09-2026,Monday,5,13:45,Python Programming,F_001,5,CSE,A,Room 401,60,41,68.33,65.0,1.0,Theory,No,No,No,Sunny,No,8
07-09-2026,Monday,1,09:00,Python Lab,F_001,5,CSE,B,Lab 1,62,46,74.19,69.35,72.0,Practical,No,No,No,Sunny,No,8
07-09-2026,Monday,4,12:15,Database Management Systems,F_002,5,CSE,B,Room 402,62,47,75.81,80.65,1.0,Theory,No,No,No,Sunny,No,12
07-09-2026,Monday,5,13:45,DBMS Lab,F_002,5,CSE,B,Lab 1,62,49,79.03,77.42,1.0,Practical,No,No,No,Sunny,No,12
07-09-2026,Monday,7,15:45,Computer Networks,F_004,5,CSE,B,Room 402,62,44,70.97,83.87,1.0,Theory,No,No,No,Sunny,No,7
07-09-2026,Monday,3,11:15,Web Tech Lab,F_005,5,IT,A,Lab 1,58,48,82.76,70.69,48.0,Practical,No,No,No,Sunny,No,6
07-09-2026,Monday,4,12:15,Computer Networks,F_004,5,IT,A,Room 301,58,45,77.59,74.14,1.0,Theory,No,No,No,Sunny,No,7
07-09-2026,Monday,7,15:45,Computer Networks,F_004,5,IT,A,Room 301,58,44,75.86,77.59,1.0,Theory,No,No,No,Sunny,No,7
07-09-2026,Monday,1,09:00,Cloud Computing,F_008,7,CSE,A,Room 501,55,40,72.73,61.82,48.0,Theory,No,No,No,Sunny,No,9
07-09-2026,Monday,5,13:45,Information Security,F_009,7,CSE,A,Room 501,55,41,74.55,72.73,1.0,Theory,No,No,No,Sunny,No,11
07-09-2026,Monday,6,14:45,Machine Learning,F_007,7,CSE,A,Room 501,55,37,67.27,76.36,1.0,Theory,No,No,No,Sunny,No,14
07-09-2026,Monday,1,09:00,Object Oriented Programming,F_001,3,AI-DS,A,Room 201,64,43,67.19,84.38,72.0,Theory,No,No,No,Sunny,No,8
07-09-2026,Monday,4,12:15,Data Structures & Algorithms,F_010,3,AI-DS,A,Room 201,64,44,68.75,62.5,1.0,Theory,No,No,No,Sunny,No,6
07-09-2026,Monday,5,13:45,Object Oriented Programming,F_001,3,AI-DS,A,Room 201,64,46,71.88,67.19,1.0,Theory,No,No,No,Sunny,No,8
07-09-2026,Monday,6,14:45,Data Structures & Algorithms,F_010,3,AI-DS,A,Room 201,64,44,68.75,68.75,1.0,Theory,No,No,No,Sunny,No,6
07-09-2026,Monday,7,15:45,Data Structures & Algorithms,F_010,3,AI-DS,A,Room 201,64,43,67.19,68.75,1.0,Theory,No,No,No,Sunny,No,6
08-09-2026,Tuesday,3,11:15,Operating Systems,F_003,5,CSE,A,Room 401,60,45,75.0,61.67,48.0,Theory,No,No,No,Rainy,No,5
08-09-2026,Tuesday,4,12:15,Operating Systems,F_003,5,CSE,A,Room 401,60,42,70.0,75.0,1.0,Theory,No,No,No,Rainy,No,5
08-09-2026,Tuesday,6,14:45,Python Programming,F_001,5,CSE,A,Room 401,60,47,78.33,68.33,1.0,Theory,No,No,No,Rainy,No,8
08-09-2026,Tuesday,1,09:00,Database Management Systems,F_002,5,CSE,B,Room 402,62,45,72.58,75.81,24.0,Theory,No,No,No,Rainy,No,12
08-09-2026,Tuesday,3,11:15,Python Programming,F_001,5,CSE,B,Room 402,62,48,77.42,74.19,1.0,Theory,No,No,No,Rainy,No,8
08-09-2026,Tuesday,4,12:15,Python Programming,F_001,5,CSE,B,Room 402,62,46,74.19,77.42,1.0,Theory,No,No,No,Rainy,No,8
08-09-2026,Tuesday,6,14:45,Database Management Systems,F_002,5,CSE,B,Room 402,62,46,74.19,72.58,1.0,Theory,No,No,No,Rainy,No,12
08-09-2026,Tuesday,7,15:45,Python Lab,F_001,5,CSE,B,Lab 1,62,47,75.81,74.19,1.0,Practical,No,No,No,Rainy,No,8
08-09-2026,Tuesday,3,11:15,Computer Networks,F_004,5,IT,A,Room 301,58,46,79.31,75.86,24.0,Theory,No,No,No,Rainy,No,7
08-09-2026,Tuesday,4,12:15,Database Management Systems,F_002,5,IT,A,Room 301,58,43,74.14,75.86,1.0,Theory,No,No,No,Rainy,No,12
08-09-2026,Tuesday,5,13:45,Web Tech Lab,F_005,5,IT,A,Lab 1,58,49,84.48,82.76,1.0,Practical,No,No,No,Rainy,No,6
08-09-2026,Tuesday,7,15:45,Database Management Systems,F_002,5,IT,A,Room 301,58,42,72.41,74.14,1.0,Theory,No,No,No,Rainy,No,12
08-09-2026,Tuesday,3,11:15,Machine Learning,F_007,7,CSE,A,Room 501,55,47,85.45,67.27,72.0,Theory,No,No,No,Rainy,No,14
08-09-2026,Tuesday,6,14:45,Cloud Computing,F_008,7,CSE,A,Room 501,55,37,67.27,72.73,1.0,Theory,No,No,No,Rainy,No,9
08-09-2026,Tuesday,7,15:45,Machine Learning,F_007,7,CSE,A,Room 501,55,36,65.45,85.45,1.0,Theory,No,No,No,Rainy,No,14
08-09-2026,Tuesday,1,09:00,Discrete Mathematics,F_011,3,AI-DS,A,Room 201,64,47,73.44,71.88,48.0,Theory,No,No,No,Rainy,No,15
08-09-2026,Tuesday,2,10:00,Object Oriented Programming,F_001,3,AI-DS,A,Room 201,64,52,81.25,71.88,1.0,Theory,No,No,No,Rainy,No,8
08-09-2026,Tuesday,4,12:15,DSA Lab,F_010,3,AI-DS,A,Lab 1,64,54,84.38,84.38,1.0,Practical,No,No,No,Rainy,No,6
08-09-2026,Tuesday,5,13:45,DSA Lab,F_010,3,AI-DS,A,Lab 1,64,41,64.06,84.38,1.0,Practical,No,No,No,Rainy,No,6
08-09-2026,Tuesday,7,15:45,Data Structures & Algorithms,F_010,3,AI-DS,A,Room 201,64,45,70.31,67.19,1.0,Theory,No,No,No,Rainy,No,6
09-09-2026,Wednesday,2,10:00,DBMS Lab,F_002,5,CSE,A,Lab 1,60,58,96.67,91.67,48.0,Practical,No,No,Yes,Sunny,No,12
09-09-2026,Wednesday,3,11:15,Operating Systems,F_003,5,CSE,A,Room 401,60,51,85.0,70.0,1.0,Theory,No,No,Yes,Sunny,No,5
09-09-2026,Wednesday,5,13:45,DBMS Lab,F_002,5,CSE,A,Lab 1,60,49,81.67,96.67,1.0,Practical,No,No,Yes,Sunny,No,12
09-09-2026,Wednesday,6,14:45,Python Programming,F_001,5,CSE,A,Room 401,60,41,68.33,78.33,1.0,Theory,No,No,Yes,Sunny,No,8
09-09-2026,Wednesday,7,15:45,Operating Systems,F_003,5,CSE,A,Room 401,60,47,78.33,85.0,1.0,Theory,No,No,Yes,Sunny,No,5
09-09-2026,Wednesday,2,10:00,Python Programming,F_001,5,CSE,B,Room 402,62,53,85.48,74.19,48.0,Theory,No,No,Yes,Sunny,No,8
09-09-2026,Wednesday,4,12:15,Database Management Systems,F_002,5,CSE,B,Room 402,62,49,79.03,74.19,1.0,Theory,No,No,Yes,Sunny,No,12
09-09-2026,Wednesday,7,15:45,DBMS Lab,F_002,5,CSE,B,Lab 1,62,49,79.03,79.03,1.0,Practical,No,No,Yes,Sunny,No,12
09-09-2026,Wednesday,1,09:00,Web Tech Lab,F_005,5,IT,A,Lab 1,58,51,87.93,84.48,24.0,Practical,No,No,Yes,Sunny,No,6
09-09-2026,Wednesday,3,11:15,Web Tech Lab,F_005,5,IT,A,Lab 1,58,57,98.28,87.93,1.0,Practical,No,No,Yes,Sunny,No,6
09-09-2026,Wednesday,4,12:15,Database Management Systems,F_002,5,IT,A,Room 301,58,49,84.48,72.41,1.0,Theory,No,No,Yes,Sunny,No,12
09-09-2026,Wednesday,5,13:45,Database Management Systems,F_002,5,IT,A,Room 301,58,41,70.69,84.48,1.0,Theory,No,No,Yes,Sunny,No,12
09-09-2026,Wednesday,7,15:45,Software Engineering,F_006,5,IT,A,Room 301,58,45,77.59,60.34,1.0,Theory,No,No,Yes,Sunny,No,10
09-09-2026,Wednesday,2,10:00,Information Security,F_009,7,CSE,A,Room 501,55,47,85.45,74.55,72.0,Theory,No,No,Yes,Sunny,No,11
09-09-2026,Wednesday,3,11:15,Information Security,F_009,7,CSE,A,Room 501,55,44,80.0,85.45,1.0,Theory,No,No,Yes,Sunny,No,11
09-09-2026,Wednesday,4,12:15,Cloud Computing,F_008,7,CSE,A,Room 501,55,45,81.82,67.27,1.0,Theory,No,No,Yes,Sunny,No,9
09-09-2026,Wednesday,6,14:45,Information Security,F_009,7,CSE,A,Room 501,55,42,76.36,80.0,1.0,Theory,No,No,Yes,Sunny,No,11
09-09-2026,Wednesday,7,15:45,Cloud Computing,F_008,7,CSE,A,Room 501,55,43,78.18,81.82,1.0,Theory,No,No,Yes,Sunny,No,9
09-09-2026,Wednesday,3,11:15,DSA Lab,F_010,3,AI-DS,A,Lab 1,64,63,98.44,64.06,72.0,Practical,No,No,Yes,Sunny,No,6
09-09-2026,Wednesday,5,13:45,Object Oriented Programming,F_001,3,AI-DS,A,Room 201,64,53,82.81,81.25,1.0,Theory,No,No,Yes,Sunny,No,8
09-09-2026,Wednesday,7,15:45,Data Structures & Algorithms,F_010,3,AI-DS,A,Room 201,64,48,75.0,70.31,1.0,Theory,No,No,Yes,Sunny,No,6
10-09-2026,Thursday,2,10:00,Database Management Systems,F_002,5,CSE,A,Room 401,60,52,86.67,73.33,72.0,Theory,No,No,No,Sunny,No,12
10-09-2026,Thursday,3,11:15,Python Programming,F_001,5,CSE,A,Room 401,60,57,95.0,68.33,1.0,Theory,No,No,No,Sunny,No,8
10-09-2026,Thursday,5,13:45,DBMS Lab,F_002,5,CSE,A,Lab 1,60,52,86.67,81.67,1.0,Practical,No,No,No,Sunny,No,12
10-09-2026,Thursday,7,15:45,Database Management Systems,F_002,5,CSE,A,Room 401,60,46,76.67,86.67,1.0,Theory,No,No,No,Sunny,No,12
10-09-2026,Thursday,1,09:00,DBMS Lab,F_002,5,CSE,B,Lab 1,62,53,85.48,79.03,72.0,Practical,No,No,No,Sunny,No,12
10-09-2026,Thursday,2,10:00,Computer Networks,F_004,5,CSE,B,Room 402,62,56,90.32,70.97,1.0,Theory,No,No,No,Sunny,No,7
10-09-2026,Thursday,4,12:15,DBMS Lab,F_002,5,CSE,B,Lab 1,62,57,91.94,85.48,1.0,Practical,No,No,No,Sunny,No,12
10-09-2026,Thursday,5,13:45,Database Management Systems,F_002,5,CSE,B,Room 402,62,47,75.81,79.03,1.0,Theory,No,No,No,Sunny,No,12
10-09-2026,Thursday,6,14:45,Database Management Systems,F_002,5,CSE,B,Room 402,62,49,79.03,75.81,1.0,Theory,No,No,No,Sunny,No,12
10-09-2026,Thursday,1,09:00,Software Engineering,F_006,5,IT,A,Room 301,58,47,81.03,77.59,48.0,Theory,No,No,No,Sunny,No,10
10-09-2026,Thursday,2,10:00,Web Technologies,F_005,5,IT,A,Room 301,58,49,84.48,86.21,1.0,Theory,No,No,No,Sunny,No,6
10-09-2026,Thursday,4,12:15,Database Management Systems,F_002,5,IT,A,Room 301,58,48,82.76,70.69,1.0,Theory,No,No,No,Sunny,No,12
10-09-2026,Thursday,5,13:45,Web Tech Lab,F_005,5,IT,A,Lab 1,58,51,87.93,98.0,1.0,Practical,No,No,No,Sunny,No,6
10-09-2026,Thursday,6,14:45,Web Technologies,F_005,5,IT,A,Room 301,58,44,75.86,84.48,1.0,Theory,No,No,No,Sunny,No,6
10-09-2026,Thursday,1,09:00,Cloud Computing,F_008,7,CSE,A,Room 501,55,46,83.64,78.18,24.0,Theory,No,No,No,Sunny,No,9
10-09-2026,Thursday,5,13:45,Cloud Computing,F_008,7,CSE,A,Room 501,55,38,69.09,83.64,1.0,Theory,No,No,No,Sunny,No,9
10-09-2026,Thursday,7,15:45,ML Project Lab,F_007,7,CSE,A,Lab 1,55,51,92.73,76.36,1.0,Practical,No,No,No,Sunny,No,14
10-09-2026,Thursday,1,09:00,Object Oriented Programming,F_001,3,AI-DS,A,Room 201,64,53,82.81,82.81,48.0,Theory,No,No,No,Sunny,No,8
10-09-2026,Thursday,2,10:00,Object Oriented Programming,F_001,3,AI-DS,A,Room 201,64,50,78.12,82.81,1.0,Theory,No,No,No,Sunny,No,8
10-09-2026,Thursday,3,11:15,DSA Lab,F_010,3,AI-DS,A,Lab 1,64,60,93.75,98.0,1.0,Practical,No,No,No,Sunny,No,6
10-09-2026,Thursday,4,12:15,Data Structures & Algorithms,F_010,3,AI-DS,A,Room 201,64,52,81.25,75.0,1.0,Theory,No,No,No,Sunny,No,6
10-09-2026,Thursday,5,13:45,Data Structures & Algorithms,F_010,3,AI-DS,A,Room 201,64,46,71.88,81.25,1.0,Theory,No,No,No,Sunny,No,6
11-09-2026,Friday,1,09:00,Python Programming,F_001,5,CSE,A,Room 401,60,41,68.33,95.0,48.0,Theory,No,No,Yes,Sunny,No,8
11-09-2026,Friday,2,10:00,Python Programming,F_001,5,CSE,A,Room 401,60,45,75.0,68.33,1.0,Theory,No,No,Yes,Sunny,No,8
11-09-2026,Friday,3,11:15,Python Lab,F_001,5,CSE,A,Lab 1,60,58,96.67,80.0,1.0,Practical,No,No,Yes,Sunny,No,8
11-09-2026,Friday,4,12:15,Computer Networks,F_004,5,CSE,A,Room 401,60,46,76.67,65.0,1.0,Theory,No,No,Yes,Sunny,No,7
11-09-2026,Friday,7,15:45,Python Programming,F_001,5,CSE,A,Room 401,60,45,75.0,75.0,1.0,Theory,No,No,Yes,Sunny,No,8
11-09-2026,Friday,1,09:00,Python Programming,F_001,5,CSE,B,Room 402,62,46,74.19,85.48,72.0,Theory,No,No,Yes,Sunny,No,8
11-09-2026,Friday,3,11:15,Operating Systems,F_003,5,CSE,B,Room 402,62,45,72.58,64.52,1.0,Theory,No,No,Yes,Sunny,No,5
11-09-2026,Friday,5,13:45,Computer Networks,F_004,5,CSE,B,Room 402,62,41,66.13,90.32,1.0,Theory,No,No,Yes,Sunny,No,7
11-09-2026,Friday,6,14:45,Python Lab,F_001,5,CSE,B,Lab 1,62,49,79.03,75.81,1.0,Practical,No,No,Yes,Sunny,No,8
11-09-2026,Friday,7,15:45,Operating Systems,F_003,5,CSE,B,Room 402,62,39,62.9,72.58,1.0,Theory,No,No,Yes,Sunny,No,5
11-09-2026,Friday,1,09:00,Web Technologies,F_005,5,IT,A,Room 301,58,43,74.14,75.86,24.0,Theory,No,No,Yes,Sunny,No,6
11-09-2026,Friday,2,10:00,Software Engineering,F_006,5,IT,A,Room 301,58,47,81.03,81.03,1.0,Theory,No,No,Yes,Sunny,No,10
11-09-2026,Friday,3,11:15,Database Management Systems,F_002,5,IT,A,Room 301,58,46,79.31,82.76,1.0,Theory,No,No,Yes,Sunny,No,12
11-09-2026,Friday,5,13:45,Database Management Systems,F_002,5,IT,A,Room 301,58,42,72.41,79.31,1.0,Theory,No,No,Yes,Sunny,No,12
11-09-2026,Friday,6,14:45,Web Technologies,F_005,5,IT,A,Room 301,58,40,68.97,74.14,1.0,Theory,No,No,Yes,Sunny,No,6
11-09-2026,Friday,1,09:00,Machine Learning,F_007,7,CSE,A,Room 501,55,41,74.55,65.45,48.0,Theory,No,No,Yes,Sunny,No,14
11-09-2026,Friday,2,10:00,Information Security,F_009,7,CSE,A,Room 501,55,47,85.45,76.36,1.0,Theory,No,No,Yes,Sunny,No,11
11-09-2026,Friday,4,12:15,Machine Learning,F_007,7,CSE,A,Room 501,55,39,70.91,74.55,1.0,Theory,No,No,Yes,Sunny,No,14
11-09-2026,Friday,5,13:45,ML Project Lab,F_007,7,CSE,A,Lab 1,55,45,81.82,92.73,1.0,Practical,No,No,Yes,Sunny,No,14
11-09-2026,Friday,6,14:45,Information Security,F_009,7,CSE,A,Room 501,55,38,69.09,85.45,1.0,Theory,No,No,Yes,Sunny,No,11
11-09-2026,Friday,2,10:00,Object Oriented Programming,F_001,3,AI-DS,A,Room 201,64,51,79.69,78.12,48.0,Theory,No,No,Yes,Sunny,No,8
11-09-2026,Friday,3,11:15,DSA Lab,F_010,3,AI-DS,A,Lab 1,64,56,87.5,93.75,1.0,Practical,No,No,Yes,Sunny,No,6
11-09-2026,Friday,4,12:15,Data Structures & Algorithms,F_010,3,AI-DS,A,Room 201,64,43,67.19,71.88,1.0,Theory,No,No,Yes,Sunny,No,6
11-09-2026,Friday,7,15:45,Discrete Mathematics,F_011,3,AI-DS,A,Room 201,64,47,73.44,73.44,1.0,Theory,No,No,Yes,Sunny,No,15
12-09-2026,Saturday,1,09:00,Python Lab,F_001,5,CSE,A,Lab 1,60,44,73.33,96.67,72.0,Practical,No,No,Yes,Sunny,No,8
12-09-2026,Saturday,3,11:15,Python Lab,F_001,5,CSE,A,Lab 1,60,48,80.0,73.33,1.0,Practical,No,No,Yes,Sunny,No,8
12-09-2026,Saturday,5,13:45,Python Lab,F_001,5,CSE,A,Lab 1,60,44,73.33,80.0,1.0,Practical,No,No,Yes,Sunny,No,8
12-09-2026,Saturday,6,14:45,Computer Networks,F_004,5,CSE,A,Room 401,60,37,61.67,76.67,1.0,Theory,No,No,Yes,Sunny,No,7
12-09-2026,Saturday,7,15:45,Python Lab,F_001,5,CSE,A,Lab 1,60,37,61.67,73.33,1.0,Practical,No,No,Yes,Sunny,No,8
12-09-2026,Saturday,2,10:00,Python Programming,F_001,5,CSE,B,Room 402,62,43,69.35,74.19,48.0,Theory,No,No,Yes,Sunny,No,8
12-09-2026,Saturday,4,12:15,Database Management Systems,F_002,5,CSE,B,Room 402,62,46,74.19,79.03,1.0,Theory,No,No,Yes,Sunny,No,12
12-09-2026,Saturday,5,13:45,Operating Systems,F_003,5,CSE,B,Room 402,62,34,54.84,62.9,1.0,Theory,No,No,Yes,Sunny,No,5
12-09-2026,Saturday,6,14:45,Python Programming,F_001,5,CSE,B,Room 402,62,41,66.13,69.35,1.0,Theory,No,No,Yes,Sunny,No,8
12-09-2026,Saturday,7,15:45,Python Lab,F_001,5,CSE,B,Lab 1,62,40,64.52,79.03,1.0,Practical,No,No,Yes,Sunny,No,8
12-09-2026,Saturday,2,10:00,Web Technologies,F_005,5,IT,A,Room 301,58,45,77.59,68.97,72.0,Theory,No,No,Yes,Sunny,No,6
12-09-2026,Saturday,3,11:15,Computer Networks,F_004,5,IT,A,Room 301,58,44,75.86,79.31,1.0,Theory,No,No,Yes,Sunny,No,7
12-09-2026,Saturday,4,12:15,Computer Networks,F_004,5,IT,A,Room 301,58,38,65.52,75.86,1.0,Theory,No,No,Yes,Sunny,No,7
12-09-2026,Saturday,5,13:45,Database Management Systems,F_002,5,IT,A,Room 301,58,37,63.79,72.41,1.0,Theory,No,No,Yes,Sunny,No,12
12-09-2026,Saturday,6,14:45,Software Engineering,F_006,5,IT,A,Room 301,58,39,67.24,81.03,1.0,Theory,No,No,Yes,Sunny,No,10
12-09-2026,Saturday,1,09:00,Machine Learning,F_007,7,CSE,A,Room 501,55,37,67.27,70.91,24.0,Theory,No,No,Yes,Sunny,No,14
12-09-2026,Saturday,2,10:00,ML Project Lab,F_007,7,CSE,A,Lab 1,55,49,89.09,81.82,1.0,Practical,No,No,Yes,Sunny,No,14
12-09-2026,Saturday,4,12:15,Machine Learning,F_007,7,CSE,A,Room 501,55,38,69.09,67.27,1.0,Theory,No,No,Yes,Sunny,No,14
12-09-2026,Saturday,5,13:45,Cloud Computing,F_008,7,CSE,A,Room 501,55,36,65.45,69.09,1.0,Theory,No,No,Yes,Sunny,No,9
12-09-2026,Saturday,7,15:45,Machine Learning,F_007,7,CSE,A,Room 501,55,33,60.0,69.09,1.0,Theory,No,No,Yes,Sunny,No,14
12-09-2026,Saturday,2,10:00,DSA Lab,F_010,3,AI-DS,A,Lab 1,64,50,78.12,87.5,72.0,Practical,No,No,Yes,Sunny,No,6
12-09-2026,Saturday,4,12:15,Discrete Mathematics,F_011,3,AI-DS,A,Room 201,64,46,71.88,73.44,1.0,Theory,No,No,Yes,Sunny,No,15
12-09-2026,Saturday,5,13:45,Discrete Mathematics,F_011,3,AI-DS,A,Room 201,64,37,57.81,71.88,1.0,Theory,No,No,Yes,Sunny,No,15
14-09-2026,Monday,2,10:00,Database Management Systems,F_002,5,CSE,A,Room 401,60,39,65.0,76.67,48.0,Theory,No,No,No,Rainy,No,12
14-09-2026,Monday,4,12:15,Database Management Systems,F_002,5,CSE,A,Room 401,60,43,71.67,65.0,1.0,Theory,No,No,No,Rainy,No,12
14-09-2026,Monday,6,14:45,Python Lab,F_001,5,CSE,A,Lab 1,60,42,70.0,61.67,1.0,Practical,No,No,No,Rainy,No,8
14-09-2026,Monday,1,09:00,DBMS Lab,F_002,5,CSE,B,Lab 1,62,45,72.58,91.94,24.0,Practical,No,No,No,Rainy,No,12
14-09-2026,Monday,5,13:45,Computer Networks,F_004,5,CSE,B,Room 402,62,36,58.06,66.13,1.0,Theory,No,No,No,Rainy,No,7
14-09-2026,Monday,7,15:45,DBMS Lab,F_002,5,CSE,B,Lab 1,62,42,67.74,72.58,1.0,Practical,No,No,No,Rainy,No,12
14-09-2026,Monday,3,11:15,Computer Networks,F_004,5,IT,A,Room 301,58,38,65.52,65.52,72.0,Theory,No,No,No,Rainy,No,7
14-09-2026,Monday,5,13:45,Web Technologies,F_005,5,IT,A,Room 301,58,34,58.62,77.59,1.0,Theory,No,No,No,Rainy,No,6
14-09-2026,Monday,6,14:45,Computer Networks,F_004,5,IT,A,Room 301,58,35,60.34,65.52,1.0,Theory,No,No,No,Rainy,No,7
14-09-2026,Monday,3,11:15,ML Project Lab,F_007,7,CSE,A,Lab 1,55,42,76.36,89.09,72.0,Practical,No,No,No,Rainy,No,14
14-09-2026,Monday,4,12:15,ML Project Lab,F_007,7,CSE,A,Lab 1,55,43,78.18,76.36,1.0,Practical,No,No,No,Rainy,No,14
14-09-2026,Monday,5,13:45,Cloud Computing,F_008,7,CSE,A,Room 501,55,28,50.91,65.45,1.0,Theory,No,No,No,Rainy,No,9
14-09-2026,Monday,6,14:45,Cloud Computing,F_008,7,CSE,A,Room 501,55,35,63.64,50.91,1.0,Theory,No,No,No,Rainy,No,9
14-09-2026,Monday,7,15:45,Machine Learning,F_007,7,CSE,A,Room 501,55,36,65.45,60.0,1.0,Theory,No,No,No,Rainy,No,14
14-09-2026,Monday,4,12:15,Data Structures & Algorithms,F_010,3,AI-DS,A,Room 201,64,44,68.75,67.19,24.0,Theory,No,No,No,Rainy,No,6
14-09-2026,Monday,5,13:45,DSA Lab,F_010,3,AI-DS,A,Lab 1,64,45,70.31,78.12,1.0,Practical,No,No,No,Rainy,No,6
14-09-2026,Monday,7,15:45,Data Structures & Algorithms,F_010,3,AI-DS,A,Room 201,64,39,60.94,68.75,1.0,Theory,No,No,No,Rainy,No,6
15-09-2026,Tuesday,1,09:00,Python Lab,F_001,5,CSE,A,Lab 1,60,54,90.0,70.0,48.0,Practical,No,No,No,Sunny,No,8
15-09-2026,Tuesday,2,10:00,Database Management Systems,F_002,5,CSE,A,Room 401,60,51,85.0,71.67,1.0,Theory,No,No,No,Sunny,No,12
15-09-2026,Tuesday,3,11:15,Operating Systems,F_003,5,CSE,A,Room 401,60,49,81.67,78.33,1.0,Theory,No,No,No,Sunny,No,5
15-09-2026,Tuesday,5,13:45,Python Lab,F_001,5,CSE,A,Lab 1,60,51,85.0,90.0,1.0,Practical,No,No,No,Sunny,No,8
15-09-2026,Tuesday,7,15:45,Python Lab,F_001,5,CSE,A,Lab 1,60,51,85.0,85.0,1.0,Practical,No,No,No,Sunny,No,8
15-09-2026,Tuesday,2,10:00,Computer Networks,F_004,5,CSE,B,Room 402,62,55,88.71,58.06,24.0,Theory,No,No,No,Sunny,No,7
15-09-2026,Tuesday,4,12:15,Python Lab,F_001,5,CSE,B,Lab 1,62,53,85.48,64.52,1.0,Practical,No,No,No,Sunny,No,8
15-09-2026,Tuesday,5,13:45,Python Lab,F_001,5,CSE,B,Lab 1,62,54,87.1,85.48,1.0,Practical,No,No,No,Sunny,No,8
15-09-2026,Tuesday,7,15:45,DBMS Lab,F_002,5,CSE,B,Lab 1,62,52,83.87,67.74,1.0,Practical,No,No,No,Sunny,No,12
15-09-2026,Tuesday,1,09:00,Computer Networks,F_004,5,IT,A,Room 301,58,45,77.59,60.34,24.0,Theory,No,No,No,Sunny,No,7
15-09-2026,Tuesday,4,12:15,Database Management Systems,F_002,5,IT,A,Room 301,58,47,81.03,63.79,1.0,Theory,No,No,No,Sunny,No,12
15-09-2026,Tuesday,6,14:45,Software Engineering,F_006,5,IT,A,Room 301,58,44,75.86,67.24,1.0,Theory,No,No,No,Sunny,No,10
15-09-2026,Tuesday,7,15:45,Database Management Systems,F_002,5,IT,A,Room 301,58,43,74.14,81.03,1.0,Theory,No,No,No,Sunny,No,12
15-09-2026,Tuesday,1,09:00,Information Security,F_009,7,CSE,A,Room 501,55,41,74.55,69.09,72.0,Theory,No,No,No,Sunny,No,11
15-09-2026,Tuesday,2,10:00,Cloud Computing,F_008,7,CSE,A,Room 501,55,50,90.91,63.64,1.0,Theory,No,No,No,Sunny,No,9
15-09-2026,Tuesday,4,12:15,Information Security,F_009,7,CSE,A,Room 501,55,44,80.0,74.55,1.0,Theory,No,No,No,Sunny,No,11
15-09-2026,Tuesday,5,13:45,Cloud Computing,F_008,7,CSE,A,Room 501,55,48,87.27,90.91,1.0,Theory,No,No,No,Sunny,No,9
15-09-2026,Tuesday,1,09:00,Data Structures & Algorithms,F_010,3,AI-DS,A,Room 201,64,52,81.25,60.94,48.0,Theory,No,No,No,Sunny,No,6
15-09-2026,Tuesday,4,12:15,Object Oriented Programming,F_001,3,AI-DS,A,Room 201,64,54,84.38,79.69,1.0,Theory,No,No,No,Sunny,No,8
15-09-2026,Tuesday,6,14:45,Object Oriented Programming,F_001,3,AI-DS,A,Room 201,64,46,71.88,84.38,1.0,Theory,No,No,No,Sunny,No,8
16-09-2026,Wednesday,1,09:00,Python Lab,F_001,5,CSE,A,Lab 1,60,58,96.67,85.0,72.0,Practical,No,Yes,No,Sunny,No,8
16-09-2026,Wednesday,2,10:00,Database Management Systems,F_002,5,CSE,A,Room 401,60,55,91.67,85.0,1.0,Theory,No,Yes,No,Sunny,No,12
16-09-2026,Wednesday,5,13:45,Python Programming,F_001,5,CSE,A,Room 401,60,50,83.33,75.0,1.0,Theory,No,Yes,No,Sunny,No,8
16-09-2026,Wednesday,7,15:45,Python Lab,F_001,5,CSE,A,Lab 1,60,59,98.33,96.67,1.0,Practical,No,Yes,No,Sunny,No,8
16-09-2026,Wednesday,2,10:00,Database Management Systems,F_002,5,CSE,B,Room 402,62,59,95.16,74.19,48.0,Theory,No,Yes,No,Sunny,No,12
16-09-2026,Wednesday,3,11:15,Database Management Systems,F_002,5,CSE,B,Room 402,62,61,98.39,95.16,1.0,Theory,No,Yes,No,Sunny,No,12
16-09-2026,Wednesday,4,12:15,DBMS Lab,F_002,5,CSE,B,Lab 1,62,58,93.55,83.87,1.0,Practical,No,Yes,No,Sunny,No,12
16-09-2026,Wednesday,5,13:45,Database Management Systems,F_002,5,CSE,B,Room 402,62,52,83.87,98.0,1.0,Theory,No,Yes,No,Sunny,No,12
16-09-2026,Wednesday,2,10:00,Computer Networks,F_004,5,IT,A,Room 301,58,57,98.28,77.59,72.0,Theory,No,Yes,No,Sunny,No,7
16-09-2026,Wednesday,3,11:15,Database Management Systems,F_002,5,IT,A,Room 301,58,53,91.38,74.14,1.0,Theory,No,Yes,No,Sunny,No,12
16-09-2026,Wednesday,4,12:15,Computer Networks,F_004,5,IT,A,Room 301,58,55,94.83,98.0,1.0,Theory,No,Yes,No,Sunny,No,7
16-09-2026,Wednesday,5,13:45,Web Tech Lab,F_005,5,IT,A,Lab 1,58,53,91.38,87.93,1.0,Practical,No,Yes,No,Sunny,No,6
16-09-2026,Wednesday,2,10:00,Information Security,F_009,7,CSE,A,Room 501,55,51,92.73,80.0,24.0,Theory,No,Yes,No,Sunny,No,11
16-09-2026,Wednesday,4,12:15,ML Project Lab,F_007,7,CSE,A,Lab 1,55,54,98.18,78.18,1.0,Practical,No,Yes,No,Sunny,No,14
16-09-2026,Wednesday,5,13:45,Information Security,F_009,7,CSE,A,Room 501,55,47,85.45,92.73,1.0,Theory,No,Yes,No,Sunny,No,11
16-09-2026,Wednesday,6,14:45,Machine Learning,F_007,7,CSE,A,Room 501,55,48,87.27,65.45,1.0,Theory,No,Yes,No,Sunny,No,14
16-09-2026,Wednesday,7,15:45,Information Security,F_009,7,CSE,A,Room 501,55,44,80.0,85.45,1.0,Theory,No,Yes,No,Sunny,No,11
16-09-2026,Wednesday,4,12:15,DSA Lab,F_010,3,AI-DS,A,Lab 1,64,59,92.19,70.31,48.0,Practical,No,Yes,No,Sunny,No,6
16-09-2026,Wednesday,5,13:45,Data Structures & Algorithms,F_010,3,AI-DS,A,Room 201,64,51,79.69,81.25,1.0,Theory,No,Yes,No,Sunny,No,6
16-09-2026,Wednesday,6,14:45,DSA Lab,F_010,3,AI-DS,A,Lab 1,64,59,92.19,92.19,1.0,Practical,No,Yes,No,Sunny,No,6
16-09-2026,Wednesday,7,15:45,Object Oriented Programming,F_001,3,AI-DS,A,Room 201,64,57,89.06,71.88,1.0,Theory,No,Yes,No,Sunny,No,8
17-09-2026,Thursday,3,11:15,DBMS Lab,F_002,5,CSE,A,Lab 1,60,57,95.0,86.67,48.0,Practical,No,No,No,Sunny,No,12
17-09-2026,Thursday,4,12:15,Operating Systems,F_003,5,CSE,A,Room 401,60,47,78.33,81.67,1.0,Theory,No,No,No,Sunny,No,5
17-09-2026,Thursday,6,14:45,Python Lab,F_001,5,CSE,A,Lab 1,60,51,85.0,98.0,1.0,Practical,No,No,No,Sunny,No,8
17-09-2026,Thursday,2,10:00,DBMS Lab,F_002,5,CSE,B,Lab 1,62,61,98.39,93.55,48.0,Practical,No,No,No,Sunny,No,12
17-09-2026,Thursday,3,11:15,Operating Systems,F_003,5,CSE,B,Room 402,62,54,87.1,54.84,1.0,Theory,No,No,No,Sunny,No,5
17-09-2026,Thursday,4,12:15,Operating Systems,F_003,5,CSE,B,Room 402,62,53,85.48,87.1,1.0,Theory,No,No,No,Sunny,No,5
17-09-2026,Thursday,5,13:45,Operating Systems,F_003,5,CSE,B,Room 402,62,48,77.42,85.48,1.0,Theory,No,No,No,Sunny,No,5
17-09-2026,Thursday,6,14:45,Database Management Systems,F_002,5,CSE,B,Room 402,62,49,79.03,83.87,1.0,Theory,No,No,No,Sunny,No,12
17-09-2026,Thursday,1,09:00,Computer Networks,F_004,5,IT,A,Room 301,58,46,79.31,94.83,72.0,Theory,No,No,No,Sunny,No,7
17-09-2026,Thursday,3,11:15,Software Engineering,F_006,5,IT,A,Room 301,58,48,82.76,75.86,1.0,Theory,No,No,No,Sunny,No,10
17-09-2026,Thursday,4,12:15,Database Management Systems,F_002,5,IT,A,Room 301,58,49,84.48,91.38,1.0,Theory,No,No,No,Sunny,No,12
17-09-2026,Thursday,7,15:45,Computer Networks,F_004,5,IT,A,Room 301,58,46,79.31,79.31,1.0,Theory,No,No,No,Sunny,No,7
17-09-2026,Thursday,2,10:00,Information Security,F_009,7,CSE,A,Room 501,55,50,90.91,80.0,48.0,Theory,No,No,No,Sunny,No,11
17-09-2026,Thursday,3,11:15,Machine Learning,F_007,7,CSE,A,Room 501,55,47,85.45,87.27,1.0,Theory,No,No,No,Sunny,No,14
17-09-2026,Thursday,5,13:45,ML Project Lab,F_007,7,CSE,A,Lab 1,55,45,81.82,98.0,1.0,Practical,No,No,No,Sunny,No,14
17-09-2026,Thursday,6,14:45,Cloud Computing,F_008,7,CSE,A,Room 501,55,46,83.64,87.27,1.0,Theory,No,No,No,Sunny,No,9
17-09-2026,Thursday,7,15:45,ML Project Lab,F_007,7,CSE,A,Lab 1,55,48,87.27,81.82,1.0,Practical,No,No,No,Sunny,No,14
17-09-2026,Thursday,3,11:15,DSA Lab,F_010,3,AI-DS,A,Lab 1,64,60,93.75,92.19,24.0,Practical,No,No,No,Sunny,No,6
17-09-2026,Thursday,4,12:15,Data Structures & Algorithms,F_010,3,AI-DS,A,Room 201,64,52,81.25,79.69,1.0,Theory,No,No,No,Sunny,No,6
17-09-2026,Thursday,6,14:45,DSA Lab,F_010,3,AI-DS,A,Lab 1,64,51,79.69,93.75,1.0,Practical,No,No,No,Sunny,No,6
17-09-2026,Thursday,7,15:45,Data Structures & Algorithms,F_010,3,AI-DS,A,Room 201,64,49,76.56,81.25,1.0,Theory,No,No,No,Sunny,No,6
18-09-2026,Friday,1,09:00,Computer Networks,F_004,5,CSE,A,Room 401,60,41,68.33,61.67,24.0,Theory,No,No,Yes,Cloudy,No,7
18-09-2026,Friday,2,10:00,Computer Networks,F_004,5,CSE,A,Room 401,60,48,80.0,68.33,1.0,Theory,No,No,Yes,Cloudy,No,7
18-09-2026,Friday,6,14:45,Database Management Systems,F_002,5,CSE,A,Room 401,60,42,70.0,91.67,1.0,Theory,No,No,Yes,Cloudy,No,12
18-09-2026,Friday,1,09:00,Operating Systems,F_003,5,CSE,B,Room 402,62,41,66.13,77.42,24.0,Theory,No,No,Yes,Cloudy,No,5
18-09-2026,Friday,3,11:15,Database Management Systems,F_002,5,CSE,B,Room 402,62,48,77.42,79.03,1.0,Theory,No,No,Yes,Cloudy,No,12
18-09-2026,Friday,4,12:15,Operating Systems,F_003,5,CSE,B,Room 402,62,46,74.19,66.13,1.0,Theory,No,No,Yes,Cloudy,No,5
18-09-2026,Friday,6,14:45,Database Management Systems,F_002,5,CSE,B,Room 402,62,45,72.58,77.42,1.0,Theory,No,No,Yes,Cloudy,No,12
18-09-2026,Friday,7,15:45,Computer Networks,F_004,5,CSE,B,Room 402,62,45,72.58,88.71,1.0,Theory,No,No,Yes,Cloudy,No,7
18-09-2026,Friday,1,09:00,Web Tech Lab,F_005,5,IT,A,Lab 1,58,44,75.86,91.38,48.0,Practical,No,No,Yes,Cloudy,No,6
18-09-2026,Friday,2,10:00,Database Management Systems,F_002,5,IT,A,Room 301,58,46,79.31,84.48,1.0,Theory,No,No,Yes,Cloudy,No,12
18-09-2026,Friday,4,12:15,Database Management Systems,F_002,5,IT,A,Room 301,58,43,74.14,79.31,1.0,Theory,No,No,Yes,Cloudy,No,12
18-09-2026,Friday,1,09:00,ML Project Lab,F_007,7,CSE,A,Lab 1,55,49,89.09,87.27,48.0,Practical,No,No,Yes,Cloudy,No,14
18-09-2026,Friday,2,10:00,Information Security,F_009,7,CSE,A,Room 501,55,44,80.0,90.91,1.0,Theory,No,No,Yes,Cloudy,No,11
18-09-2026,Friday,3,11:15,Information Security,F_009,7,CSE,A,Room 501,55,46,83.64,80.0,1.0,Theory,No,No,Yes,Cloudy,No,11
18-09-2026,Friday,4,12:15,Cloud Computing,F_008,7,CSE,A,Room 501,55,39,70.91,83.64,1.0,Theory,No,No,Yes,Cloudy,No,9
18-09-2026,Friday,7,15:45,Information Security,F_009,7,CSE,A,Room 501,55,38,69.09,83.64,1.0,Theory,No,No,Yes,Cloudy,No,11
18-09-2026,Friday,1,09:00,Object Oriented Programming,F_001,3,AI-DS,A,Room 201,64,47,73.44,89.06,72.0,Theory,No,No,Yes,Cloudy,No,8
18-09-2026,Friday,2,10:00,DSA Lab,F_010,3,AI-DS,A,Lab 1,64,57,89.06,79.69,1.0,Practical,No,No,Yes,Cloudy,No,6
18-09-2026,Friday,3,11:15,Object Oriented Programming,F_001,3,AI-DS,A,Room 201,64,53,82.81,73.44,1.0,Theory,No,No,Yes,Cloudy,No,8
18-09-2026,Friday,4,12:15,Data Structures & Algorithms,F_010,3,AI-DS,A,Room 201,64,47,73.44,76.56,1.0,Theory,No,No,Yes,Cloudy,No,6
18-09-2026,Friday,5,13:45,Discrete Mathematics,F_011,3,AI-DS,A,Room 201,64,48,75.0,57.81,1.0,Theory,No,No,Yes,Cloudy,No,15
19-09-2026,Saturday,4,12:15,DBMS Lab,F_002,5,CSE,A,Lab 1,60,52,86.67,95.0,24.0,Practical,No,No,Yes,Sunny,No,12
19-09-2026,Saturday,5,13:45,Operating Systems,F_003,5,CSE,A,Room 401,60,36,60.0,78.33,1.0,Theory,No,No,Yes,Sunny,No,5
19-09-2026,Saturday,6,14:45,Database Management Systems,F_002,5,CSE,A,Room 401,60,36,60.0,70.0,1.0,Theory,No,No,Yes,Sunny,No,12
19-09-2026,Saturday,1,09:00,Python Lab,F_001,5,CSE,B,Lab 1,62,47,75.81,87.1,24.0,Practical,No,No,Yes,Sunny,No,8
19-09-2026,Saturday,3,11:15,Python Lab,F_001,5,CSE,B,Lab 1,62,52,83.87,75.81,1.0,Practical,No,No,Yes,Sunny,No,8
19-09-2026,Saturday,6,14:45,Database Management Systems,F_002,5,CSE,B,Room 402,62,38,61.29,72.58,1.0,Theory,No,No,Yes,Sunny,No,12
19-09-2026,Saturday,7,15:45,Python Lab,F_001,5,CSE,B,Lab 1,62,44,70.97,83.87,1.0,Practical,No,No,Yes,Sunny,No,8
19-09-2026,Saturday,5,13:45,Computer Networks,F_004,5,IT,A,Room 301,58,34,58.62,79.31,72.0,Theory,No,No,Yes,Sunny,No,7
19-09-2026,Saturday,6,14:45,Computer Networks,F_004,5,IT,A,Room 301,58,33,56.9,58.62,1.0,Theory,No,No,Yes,Sunny,No,7
19-09-2026,Saturday,7,15:45,Database Management Systems,F_002,5,IT,A,Room 301,58,35,60.34,74.14,1.0,Theory,No,No,Yes,Sunny,No,12
19-09-2026,Saturday,3,11:15,Information Security,F_009,7,CSE,A,Room 501,55,37,67.27,69.09,72.0,Theory,No,No,Yes,Sunny,No,11
19-09-2026,Saturday,4,12:15,Information Security,F_009,7,CSE,A,Room 501,55,36,65.45,67.27,1.0,Theory,No,No,Yes,Sunny,No,11
19-09-2026,Saturday,5,13:45,Cloud Computing,F_008,7,CSE,A,Room 501,55,35,63.64,70.91,1.0,Theory,No,No,Yes,Sunny,No,9
19-09-2026,Saturday,6,14:45,Information Security,F_009,7,CSE,A,Room 501,55,34,61.82,65.45,1.0,Theory,No,No,Yes,Sunny,No,11
19-09-2026,Saturday,7,15:45,Machine Learning,F_007,7,CSE,A,Room 501,55,37,67.27,85.45,1.0,Theory,No,No,Yes,Sunny,No,14
19-09-2026,Saturday,1,09:00,Object Oriented Programming,F_001,3,AI-DS,A,Room 201,64,40,62.5,82.81,48.0,Theory,No,No,Yes,Sunny,No,8
19-09-2026,Saturday,2,10:00,Discrete Mathematics,F_011,3,AI-DS,A,Room 201,64,52,81.25,75.0,1.0,Theory,No,No,Yes,Sunny,No,15
19-09-2026,Saturday,3,11:15,Object Oriented Programming,F_001,3,AI-DS,A,Room 201,64,47,73.44,62.5,1.0,Theory,No,No,Yes,Sunny,No,8
19-09-2026,Saturday,5,13:45,Object Oriented Programming,F_001,3,AI-DS,A,Room 201,64,42,65.62,73.44,1.0,Theory,No,No,Yes,Sunny,No,8
21-09-2026,Monday,2,10:00,DBMS Lab,F_002,5,CSE,A,Lab 1,60,59,98.33,86.67,72.0,Practical,Yes,No,No,Sunny,No,12
21-09-2026,Monday,3,11:15,Computer Networks,F_004,5,CSE,A,Room 401,60,52,86.67,80.0,1.0,Theory,Yes,No,No,Sunny,No,7
21-09-2026,Monday,4,12:15,Computer Networks,F_004,5,CSE,A,Room 401,60,53,88.33,86.67,1.0,Theory,Yes,No,No,Sunny,No,7
21-09-2026,Monday,6,14:45,Database Management Systems,F_002,5,CSE,A,Room 401,60,49,81.67,60.0,1.0,Theory,Yes,No,No,Sunny,No,12
21-09-2026,Monday,7,15:45,DBMS Lab,F_002,5,CSE,A,Lab 1,60,54,90.0,98.0,1.0,Practical,Yes,No,No,Sunny,No,12
21-09-2026,Monday,1,09:00,DBMS Lab,F_002,5,CSE,B,Lab 1,62,56,90.32,98.0,48.0,Practical,Yes,No,No,Sunny,No,12
21-09-2026,Monday,2,10:00,Operating Systems,F_003,5,CSE,B,Room 402,62,58,93.55,74.19,1.0,Theory,Yes,No,No,Sunny,No,5
21-09-2026,Monday,3,11:15,DBMS Lab,F_002,5,CSE,B,Lab 1,62,60,96.77,90.32,1.0,Practical,Yes,No,No,Sunny,No,12
21-09-2026,Monday,6,14:45,Database Management Systems,F_002,5,CSE,B,Room 402,62,47,75.81,61.29,1.0,Theory,Yes,No,No,Sunny,No,12
21-09-2026,Monday,7,15:45,Python Lab,F_001,5,CSE,B,Lab 1,62,53,85.48,70.97,1.0,Practical,Yes,No,No,Sunny,No,8
21-09-2026,Monday,1,09:00,Web Technologies,F_005,5,IT,A,Room 301,58,45,77.59,58.62,72.0,Theory,Yes,No,No,Sunny,No,6
21-09-2026,Monday,3,11:15,Web Technologies,F_005,5,IT,A,Room 301,58,49,84.48,77.59,1.0,Theory,Yes,No,No,Sunny,No,6
21-09-2026,Monday,5,13:45,Computer Networks,F_004,5,IT,A,Room 301,58,49,84.48,56.9,1.0,Theory,Yes,No,No,Sunny,No,7
21-09-2026,Monday,6,14:45,Software Engineering,F_006,5,IT,A,Room 301,58,48,82.76,82.76,1.0,Theory,Yes,No,No,Sunny,No,10
21-09-2026,Monday,2,10:00,Machine Learning,F_007,7,CSE,A,Room 501,55,50,90.91,67.27,48.0,Theory,Yes,No,No,Sunny,No,14
21-09-2026,Monday,3,11:15,Cloud Computing,F_008,7,CSE,A,Room 501,55,47,85.45,63.64,1.0,Theory,Yes,No,No,Sunny,No,9
21-09-2026,Monday,5,13:45,ML Project Lab,F_007,7,CSE,A,Lab 1,55,50,90.91,89.09,1.0,Practical,Yes,No,No,Sunny,No,14
21-09-2026,Monday,1,09:00,Object Oriented Programming,F_001,3,AI-DS,A,Room 201,64,51,79.69,65.62,24.0,Theory,Yes,No,No,Sunny,No,8
21-09-2026,Monday,2,10:00,Data Structures & Algorithms,F_010,3,AI-DS,A,Room 201,64,60,93.75,73.44,1.0,Theory,Yes,No,No,Sunny,No,6
21-09-2026,Monday,3,11:15,Data Structures & Algorithms,F_010,3,AI-DS,A,Room 201,64,60,93.75,93.75,1.0,Theory,Yes,No,No,Sunny,No,6
21-09-2026,Monday,5,13:45,DSA Lab,F_010,3,AI-DS,A,Lab 1,64,52,81.25,89.06,1.0,Practical,Yes,No,No,Sunny,No,6
21-09-2026,Monday,6,14:45,Data Structures & Algorithms,F_010,3,AI-DS,A,Room 201,64,54,84.38,93.75,1.0,Theory,Yes,No,No,Sunny,No,6
22-09-2026,Tuesday,2,10:00,Operating Systems,F_003,5,CSE,A,Room 401,60,59,98.33,60.0,48.0,Theory,Yes,No,No,Sunny,No,5
22-09-2026,Tuesday,3,11:15,DBMS Lab,F_002,5,CSE,A,Lab 1,60,59,98.33,90.0,1.0,Practical,Yes,No,No,Sunny,No,12
22-09-2026,Tuesday,5,13:45,Operating Systems,F_003,5,CSE,A,Room 401,60,52,86.67,98.0,1.0,Theory,Yes,No,No,Sunny,No,5
22-09-2026,Tuesday,2,10:00,DBMS Lab,F_002,5,CSE,B,Lab 1,62,61,98.39,96.77,72.0,Practical,Yes,No,No,Sunny,No,12
22-09-2026,Tuesday,3,11:15,Database Management Systems,F_002,5,CSE,B,Room 402,62,61,98.39,75.81,1.0,Theory,Yes,No,No,Sunny,No,12
22-09-2026,Tuesday,5,13:45,Python Lab,F_001,5,CSE,B,Lab 1,62,58,93.55,85.48,1.0,Practical,Yes,No,No,Sunny,No,8
22-09-2026,Tuesday,6,14:45,Database Management Systems,F_002,5,CSE,B,Room 402,62,61,98.39,98.0,1.0,Theory,Yes,No,No,Sunny,No,12
22-09-2026,Tuesday,7,15:45,Database Management Systems,F_002,5,CSE,B,Room 402,62,55,88.71,98.0,1.0,Theory,Yes,No,No,Sunny,No,12
22-09-2026,Tuesday,1,09:00,Software Engineering,F_006,5,IT,A,Room 301,58,51,87.93,82.76,48.0,Theory,Yes,No,No,Sunny,No,10
22-09-2026,Tuesday,2,10:00,Computer Networks,F_004,5,IT,A,Room 301,58,55,94.83,84.48,1.0,Theory,Yes,No,No,Sunny,No,7
22-09-2026,Tuesday,3,11:15,Software Engineering,F_006,5,IT,A,Room 301,58,54,93.1,87.93,1.0,Theory,Yes,No,No,Sunny,No,10
22-09-2026,Tuesday,4,12:15,Web Tech Lab,F_005,5,IT,A,Lab 1,58,57,98.28,75.86,1.0,Practical,Yes,No,No,Sunny,No,6
22-09-2026,Tuesday,5,13:45,Database Management Systems,F_002,5,IT,A,Room 301,58,57,98.28,60.34,1.0,Theory,Yes,No,No,Sunny,No,12
22-09-2026,Tuesday,1,09:00,ML Project Lab,F_007,7,CSE,A,Lab 1,55,53,96.36,90.91,24.0,Practical,Yes,No,No,Sunny,No,14
22-09-2026,Tuesday,3,11:15,Information Security,F_009,7,CSE,A,Room 501,55,54,98.18,61.82,1.0,Theory,Yes,No,No,Sunny,No,11
22-09-2026,Tuesday,4,12:15,Cloud Computing,F_008,7,CSE,A,Room 501,55,52,94.55,85.45,1.0,Theory,Yes,No,No,Sunny,No,9
22-09-2026,Tuesday,5,13:45,ML Project Lab,F_007,7,CSE,A,Lab 1,55,54,98.18,96.36,1.0,Practical,Yes,No,No,Sunny,No,14
22-09-2026,Tuesday,7,15:45,ML Project Lab,F_007,7,CSE,A,Lab 1,55,54,98.18,98.0,1.0,Practical,Yes,No,No,Sunny,No,14
22-09-2026,Tuesday,1,09:00,DSA Lab,F_010,3,AI-DS,A,Lab 1,64,63,98.44,81.25,72.0,Practical,Yes,No,No,Sunny,No,6
22-09-2026,Tuesday,2,10:00,Data Structures & Algorithms,F_010,3,AI-DS,A,Room 201,64,62,96.88,84.38,1.0,Theory,Yes,No,No,Sunny,No,6
22-09-2026,Tuesday,5,13:45,Object Oriented Programming,F_001,3,AI-DS,A,Room 201,64,58,90.62,79.69,1.0,Theory,Yes,No,No,Sunny,No,8
22-09-2026,Tuesday,6,14:45,Discrete Mathematics,F_011,3,AI-DS,A,Room 201,64,57,89.06,81.25,1.0,Theory,Yes,No,No,Sunny,No,15
22-09-2026,Tuesday,7,15:45,Discrete Mathematics,F_011,3,AI-DS,A,Room 201,64,60,93.75,89.06,1.0,Theory,Yes,No,No,Sunny,No,15
23-09-2026,Wednesday,2,10:00,Operating Systems,F_003,5,CSE,A,Room 401,60,59,98.33,86.67,24.0,Theory,Yes,No,No,Sunny,No,5
23-09-2026,Wednesday,4,12:15,Computer Networks,F_004,5,CSE,A,Room 401,60,54,90.0,88.33,1.0,Theory,Yes,No,No,Sunny,No,7
23-09-2026,Wednesday,5,13:45,DBMS Lab,F_002,5,CSE,A,Lab 1,60,57,95.0,98.0,1.0,Practical,Yes,No,No,Sunny,No,12
23-09-2026,Wednesday,6,14:45,Operating Systems,F_003,5,CSE,A,Room 401,60,54,90.0,98.0,1.0,Theory,Yes,No,No,Sunny,No,5
23-09-2026,Wednesday,7,15:45,Python Lab,F_001,5,CSE,A,Lab 1,60,59,98.33,85.0,1.0,Practical,Yes,No,No,Sunny,No,8
23-09-2026,Wednesday,1,09:00,Database Management Systems,F_002,5,CSE,B,Room 402,62,59,95.16,88.71,48.0,Theory,Yes,No,No,Sunny,No,12
23-09-2026,Wednesday,2,10:00,Operating Systems,F_003,5,CSE,B,Room 402,62,61,98.39,93.55,1.0,Theory,Yes,No,No,Sunny,No,5
23-09-2026,Wednesday,5,13:45,Python Lab,F_001,5,CSE,B,Lab 1,62,61,98.39,93.55,1.0,Practical,Yes,No,No,Sunny,No,8
23-09-2026,Wednesday,6,14:45,Python Lab,F_001,5,CSE,B,Lab 1,62,61,98.39,98.0,1.0,Practical,Yes,No,No,Sunny,No,8
23-09-2026,Wednesday,7,15:45,Python Programming,F_001,5,CSE,B,Room 402,62,59,95.16,66.13,1.0,Theory,Yes,No,No,Sunny,No,8
23-09-2026,Wednesday,1,09:00,Web Technologies,F_005,5,IT,A,Room 301,58,54,93.1,84.48,72.0,Theory,Yes,No,No,Sunny,No,6
23-09-2026,Wednesday,2,10:00,Software Engineering,F_006,5,IT,A,Room 301,58,55,94.83,93.1,1.0,Theory,Yes,No,No,Sunny,No,10
23-09-2026,Wednesday,5,13:45,Database Management Systems,F_002,5,IT,A,Room 301,58,55,94.83,98.0,1.0,Theory,Yes,No,No,Sunny,No,12
23-09-2026,Wednesday,6,14:45,Web Tech Lab,F_005,5,IT,A,Lab 1,58,55,94.83,98.0,1.0,Practical,Yes,No,No,Sunny,No,6
23-09-2026,Wednesday,7,15:45,Software Engineering,F_006,5,IT,A,Room 301,58,52,89.66,94.83,1.0,Theory,Yes,No,No,Sunny,No,10
23-09-2026,Wednesday,1,09:00,Information Security,F_009,7,CSE,A,Room 501,55,48,87.27,98.0,24.0,Theory,Yes,No,No,Sunny,No,11
23-09-2026,Wednesday,2,10:00,Machine Learning,F_007,7,CSE,A,Room 501,55,54,98.18,90.91,1.0,Theory,Yes,No,No,Sunny,No,14
23-09-2026,Wednesday,3,11:15,Information Security,F_009,7,CSE,A,Room 501,55,54,98.18,87.27,1.0,Theory,Yes,No,No,Sunny,No,11
23-09-2026,Wednesday,4,12:15,Information Security,F_009,7,CSE,A,Room 501,55,54,98.18,98.0,1.0,Theory,Yes,No,No,Sunny,No,11
23-09-2026,Wednesday,7,15:45,ML Project Lab,F_007,7,CSE,A,Lab 1,55,54,98.18,98.0,1.0,Practical,Yes,No,No,Sunny,No,14
23-09-2026,Wednesday,1,09:00,Data Structures & Algorithms,F_010,3,AI-DS,A,Room 201,64,56,87.5,96.88,24.0,Theory,Yes,No,No,Sunny,No,6
23-09-2026,Wednesday,4,12:15,Object Oriented Programming,F_001,3,AI-DS,A,Room 201,64,63,98.44,90.62,1.0,Theory,Yes,No,No,Sunny,No,8
23-09-2026,Wednesday,7,15:45,Discrete Mathematics,F_011,3,AI-DS,A,Room 201,64,59,92.19,93.75,1.0,Theory,Yes,No,No,Sunny,No,15
24-09-2026,Thursday,1,09:00,Operating Systems,F_003,5,CSE,A,Room 401,60,53,88.33,90.0,48.0,Theory,Yes,No,Yes,Rainy,No,5
24-09-2026,Thursday,3,11:15,DBMS Lab,F_002,5,CSE,A,Lab 1,60,57,95.0,95.0,1.0,Practical,Yes,No,Yes,Rainy,No,12
24-09-2026,Thursday,6,14:45,Python Lab,F_001,5,CSE,A,Lab 1,60,57,95.0,98.0,1.0,Practical,Yes,No,Yes,Rainy,No,8
24-09-2026,Thursday,7,15:45,Python Lab,F_001,5,CSE,A,Lab 1,60,52,86.67,95.0,1.0,Practical,Yes,No,Yes,Rainy,No,8
24-09-2026,Thursday,1,09:00,Operating Systems,F_003,5,CSE,B,Room 402,62,55,88.71,98.0,72.0,Theory,Yes,No,Yes,Rainy,No,5
24-09-2026,Thursday,2,10:00,Python Programming,F_001,5,CSE,B,Room 402,62,58,93.55,95.16,1.0,Theory,Yes,No,Yes,Rainy,No,8
24-09-2026,Thursday,3,11:15,Computer Networks,F_004,5,CSE,B,Room 402,62,54,87.1,72.58,1.0,Theory,Yes,No,Yes,Rainy,No,7
24-09-2026,Thursday,7,15:45,Python Lab,F_001,5,CSE,B,Lab 1,62,56,90.32,98.0,1.0,Practical,Yes,No,Yes,Rainy,No,8
24-09-2026,Thursday,4,12:15,Database Management Systems,F_002,5,IT,A,Room 301,58,51,87.93,94.83,48.0,Theory,Yes,No,Yes,Rainy,No,12
24-09-2026,Thursday,5,13:45,Database Management Systems,F_002,5,IT,A,Room 301,58,49,84.48,87.93,1.0,Theory,Yes,No,Yes,Rainy,No,12
24-09-2026,Thursday,7,15:45,Database Management Systems,F_002,5,IT,A,Room 301,58,48,82.76,84.48,1.0,Theory,Yes,No,Yes,Rainy,No,12
24-09-2026,Thursday,1,09:00,Information Security,F_009,7,CSE,A,Room 501,55,48,87.27,98.0,72.0,Theory,Yes,No,Yes,Rainy,No,11
24-09-2026,Thursday,5,13:45,Information Security,F_009,7,CSE,A,Room 501,55,43,78.18,87.27,1.0,Theory,Yes,No,Yes,Rainy,No,11
24-09-2026,Thursday,6,14:45,ML Project Lab,F_007,7,CSE,A,Lab 1,55,47,85.45,98.0,1.0,Practical,Yes,No,Yes,Rainy,No,14
24-09-2026,Thursday,2,10:00,Object Oriented Programming,F_001,3,AI-DS,A,Room 201,64,57,89.06,98.0,48.0,Theory,Yes,No,Yes,Rainy,No,8
24-09-2026,Thursday,3,11:15,Object Oriented Programming,F_001,3,AI-DS,A,Room 201,64,56,87.5,89.06,1.0,Theory,Yes,No,Yes,Rainy,No,8
24-09-2026,Thursday,5,13:45,DSA Lab,F_010,3,AI-DS,A,Lab 1,64,50,78.12,98.0,1.0,Practical,Yes,No,Yes,Rainy,No,6
25-09-2026,Friday,2,10:00,DBMS Lab,F_002,5,CSE,A,Lab 1,60,59,98.33,95.0,24.0,Practical,Yes,No,Yes,Cloudy,No,12
25-09-2026,Friday,3,11:15,DBMS Lab,F_002,5,CSE,A,Lab 1,60,59,98.33,98.0,1.0,Practical,Yes,No,Yes,Cloudy,No,12
25-09-2026,Friday,5,13:45,Database Management Systems,F_002,5,CSE,A,Room 401,60,53,88.33,81.67,1.0,Theory,Yes,No,Yes,Cloudy,No,12
25-09-2026,Friday,6,14:45,Operating Systems,F_003,5,CSE,A,Room 401,60,47,78.33,88.33,1.0,Theory,Yes,No,Yes,Cloudy,No,5
25-09-2026,Friday,7,15:45,Operating Systems,F_003,5,CSE,A,Room 401,60,47,78.33,78.33,1.0,Theory,Yes,No,Yes,Cloudy,No,5
25-09-2026,Friday,2,10:00,Python Lab,F_001,5,CSE,B,Lab 1,62,61,98.39,90.32,72.0,Practical,Yes,No,Yes,Cloudy,No,8
25-09-2026,Friday,3,11:15,DBMS Lab,F_002,5,CSE,B,Lab 1,62,59,95.16,98.0,1.0,Practical,Yes,No,Yes,Cloudy,No,12
25-09-2026,Friday,5,13:45,Database Management Systems,F_002,5,CSE,B,Room 402,62,44,70.97,95.16,1.0,Theory,Yes,No,Yes,Cloudy,No,12
25-09-2026,Friday,7,15:45,DBMS Lab,F_002,5,CSE,B,Lab 1,62,56,90.32,95.16,1.0,Practical,Yes,No,Yes,Cloudy,No,12
25-09-2026,Friday,1,09:00,Web Tech Lab,F_005,5,IT,A,Lab 1,58,50,86.21,94.83,48.0,Practical,Yes,No,Yes,Cloudy,No,6
25-09-2026,Friday,2,10:00,Database Management Systems,F_002,5,IT,A,Room 301,58,52,89.66,82.76,1.0,Theory,Yes,No,Yes,Cloudy,No,12
25-09-2026,Friday,6,14:45,Web Tech Lab,F_005,5,IT,A,Lab 1,58,52,89.66,86.21,1.0,Practical,Yes,No,Yes,Cloudy,No,6
25-09-2026,Friday,1,09:00,Cloud Computing,F_008,7,CSE,A,Room 501,55,45,81.82,94.55,48.0,Theory,Yes,No,Yes,Cloudy,No,9
25-09-2026,Friday,5,13:45,Cloud Computing,F_008,7,CSE,A,Room 501,55,42,76.36,81.82,1.0,Theory,Yes,No,Yes,Cloudy,No,9
25-09-2026,Friday,6,14:45,Information Security,F_009,7,CSE,A,Room 501,55,41,74.55,78.18,1.0,Theory,Yes,No,Yes,Cloudy,No,11
25-09-2026,Friday,1,09:00,DSA Lab,F_010,3,AI-DS,A,Lab 1,64,58,90.62,78.12,24.0,Practical,Yes,No,Yes,Cloudy,No,6
25-09-2026,Friday,5,13:45,Object Oriented Programming,F_001,3,AI-DS,A,Room 201,64,52,81.25,87.5,1.0,Theory,Yes,No,Yes,Cloudy,No,8
25-09-2026,Friday,7,15:45,DSA Lab,F_010,3,AI-DS,A,Lab 1,64,54,84.38,90.62,1.0,Practical,Yes,No,Yes,Cloudy,No,6
26-09-2026,Saturday,2,10:00,Operating Systems,F_003,5,CSE,A,Room 401,60,53,88.33,78.33,24.0,Theory,Yes,No,Yes,Sunny,No,5
26-09-2026,Saturday,4,12:15,Python Programming,F_001,5,CSE,A,Room 401,60,45,75.0,83.33,1.0,Theory,Yes,No,Yes,Sunny,No,8
26-09-2026,Saturday,5,13:45,Computer Networks,F_004,5,CSE,A,Room 401,60,37,61.67,90.0,1.0,Theory,Yes,No,Yes,Sunny,No,7
26-09-2026,Saturday,7,15:45,Computer Networks,F_004,5,CSE,A,Room 401,60,41,68.33,61.67,1.0,Theory,Yes,No,Yes,Sunny,No,7
26-09-2026,Saturday,2,10:00,Computer Networks,F_004,5,CSE,B,Room 402,62,51,82.26,87.1,48.0,Theory,Yes,No,Yes,Sunny,No,7
26-09-2026,Saturday,3,11:15,DBMS Lab,F_002,5,CSE,B,Lab 1,62,59,95.16,90.32,1.0,Practical,Yes,No,Yes,Sunny,No,12
26-09-2026,Saturday,4,12:15,Python Programming,F_001,5,CSE,B,Room 402,62,49,79.03,93.55,1.0,Theory,Yes,No,Yes,Sunny,No,8
26-09-2026,Saturday,5,13:45,Computer Networks,F_004,5,CSE,B,Room 402,62,46,74.19,82.26,1.0,Theory,Yes,No,Yes,Sunny,No,7
26-09-2026,Saturday,6,14:45,Operating Systems,F_003,5,CSE,B,Room 402,62,45,72.58,88.71,1.0,Theory,Yes,No,Yes,Sunny,No,5
26-09-2026,Saturday,1,09:00,Web Tech Lab,F_005,5,IT,A,Lab 1,58,53,91.38,89.66,48.0,Practical,Yes,No,Yes,Sunny,No,6
26-09-2026,Saturday,3,11:15,Web Tech Lab,F_005,5,IT,A,Lab 1,58,54,93.1,91.38,1.0,Practical,Yes,No,Yes,Sunny,No,6
26-09-2026,Saturday,6,14:45,Web Technologies,F_005,5,IT,A,Room 301,58,43,74.14,93.1,1.0,Theory,Yes,No,Yes,Sunny,No,6
26-09-2026,Saturday,7,15:45,Software Engineering,F_006,5,IT,A,Room 301,58,44,75.86,89.66,1.0,Theory,Yes,No,Yes,Sunny,No,10
26-09-2026,Saturday,1,09:00,Information Security,F_009,7,CSE,A,Room 501,55,42,76.36,74.55,48.0,Theory,Yes,No,Yes,Sunny,No,11
26-09-2026,Saturday,5,13:45,Cloud Computing,F_008,7,CSE,A,Room 501,55,41,74.55,76.36,1.0,Theory,Yes,No,Yes,Sunny,No,9
26-09-2026,Saturday,6,14:45,Cloud Computing,F_008,7,CSE,A,Room 501,55,40,72.73,74.55,1.0,Theory,Yes,No,Yes,Sunny,No,9
26-09-2026,Saturday,7,15:45,Cloud Computing,F_008,7,CSE,A,Room 501,55,42,76.36,72.73,1.0,Theory,Yes,No,Yes,Sunny,No,9
26-09-2026,Saturday,1,09:00,Discrete Mathematics,F_011,3,AI-DS,A,Room 201,64,51,79.69,92.19,72.0,Theory,Yes,No,Yes,Sunny,No,15
26-09-2026,Saturday,2,10:00,DSA Lab,F_010,3,AI-DS,A,Lab 1,64,59,92.19,84.38,1.0,Practical,Yes,No,Yes,Sunny,No,6
26-09-2026,Saturday,3,11:15,Object Oriented Programming,F_001,3,AI-DS,A,Room 201,64,52,81.25,81.25,1.0,Theory,Yes,No,Yes,Sunny,No,8
28-09-2026,Monday,2,10:00,DBMS Lab,F_002,5,CSE,A,Lab 1,60,40,66.67,98.0,48.0,Practical,No,No,No,Sunny,Yes,12
28-09-2026,Monday,4,12:15,Computer Networks,F_004,5,CSE,A,Room 401,60,35,58.33,68.33,1.0,Theory,No,No,No,Sunny,Yes,7
28-09-2026,Monday,5,13:45,Python Programming,F_001,5,CSE,A,Room 401,60,31,51.67,75.0,1.0,Theory,No,No,No,Sunny,Yes,8
28-09-2026,Monday,6,14:45,Python Lab,F_001,5,CSE,A,Lab 1,60,39,65.0,86.67,1.0,Practical,No,No,No,Sunny,Yes,8
28-09-2026,Monday,2,10:00,DBMS Lab,F_002,5,CSE,B,Lab 1,62,43,69.35,95.16,72.0,Practical,No,No,No,Sunny,Yes,12
28-09-2026,Monday,3,11:15,Python Programming,F_001,5,CSE,B,Room 402,62,38,61.29,79.03,1.0,Theory,No,No,No,Sunny,Yes,8
28-09-2026,Monday,4,12:15,Python Programming,F_001,5,CSE,B,Room 402,62,37,59.68,61.29,1.0,Theory,No,No,No,Sunny,Yes,8
28-09-2026,Monday,5,13:45,Operating Systems,F_003,5,CSE,B,Room 402,62,34,54.84,72.58,1.0,Theory,No,No,No,Sunny,Yes,5
28-09-2026,Monday,6,14:45,DBMS Lab,F_002,5,CSE,B,Lab 1,62,42,67.74,69.35,1.0,Practical,No,No,No,Sunny,Yes,12
28-09-2026,Monday,2,10:00,Computer Networks,F_004,5,IT,A,Room 301,58,35,60.34,94.83,24.0,Theory,No,No,No,Sunny,Yes,7
28-09-2026,Monday,5,13:45,Database Management Systems,F_002,5,IT,A,Room 301,58,29,50.0,89.66,1.0,Theory,No,No,No,Sunny,Yes,12
28-09-2026,Monday,7,15:45,Software Engineering,F_006,5,IT,A,Room 301,58,25,43.1,75.86,1.0,Theory,No,No,No,Sunny,Yes,10
28-09-2026,Monday,1,09:00,ML Project Lab,F_007,7,CSE,A,Lab 1,55,32,58.18,85.45,24.0,Practical,No,No,No,Sunny,Yes,14
28-09-2026,Monday,2,10:00,ML Project Lab,F_007,7,CSE,A,Lab 1,55,33,60.0,58.18,1.0,Practical,No,No,No,Sunny,Yes,14
28-09-2026,Monday,3,11:15,ML Project Lab,F_007,7,CSE,A,Lab 1,55,38,69.09,60.0,1.0,Practical,No,No,No,Sunny,Yes,14
28-09-2026,Monday,6,14:45,Machine Learning,F_007,7,CSE,A,Room 501,55,31,56.36,98.0,1.0,Theory,No,No,No,Sunny,Yes,14
28-09-2026,Monday,1,09:00,DSA Lab,F_010,3,AI-DS,A,Lab 1,64,42,65.62,92.19,48.0,Practical,No,No,No,Sunny,Yes,6
28-09-2026,Monday,2,10:00,DSA Lab,F_010,3,AI-DS,A,Lab 1,64,46,71.88,65.62,1.0,Practical,No,No,No,Sunny,Yes,6
28-09-2026,Monday,5,13:45,Data Structures & Algorithms,F_010,3,AI-DS,A,Room 201,64,29,45.31,87.5,1.0,Theory,No,No,No,Sunny,Yes,6
28-09-2026,Monday,6,14:45,Object Oriented Programming,F_001,3,AI-DS,A,Room 201,64,37,57.81,81.25,1.0,Theory,No,No,No,Sunny,Yes,8
29-09-2026,Tuesday,1,09:00,Operating Systems,F_003,5,CSE,A,Room 401,60,48,80.0,88.33,48.0,Theory,No,No,No,Sunny,No,5
29-09-2026,Tuesday,3,11:15,DBMS Lab,F_002,5,CSE,A,Lab 1,60,56,93.33,66.67,1.0,Practical,No,No,No,Sunny,No,12
29-09-2026,Tuesday,4,12:15,Operating Systems,F_003,5,CSE,A,Room 401,60,52,86.67,80.0,1.0,Theory,No,No,No,Sunny,No,5
29-09-2026,Tuesday,5,13:45,Computer Networks,F_004,5,CSE,A,Room 401,60,49,81.67,58.33,1.0,Theory,No,No,No,Sunny,No,7
29-09-2026,Tuesday,1,09:00,Python Lab,F_001,5,CSE,B,Lab 1,62,55,88.71,98.0,24.0,Practical,No,No,No,Sunny,No,8
29-09-2026,Tuesday,2,10:00,Python Programming,F_001,5,CSE,B,Room 402,62,54,87.1,59.68,1.0,Theory,No,No,No,Sunny,No,8
29-09-2026,Tuesday,4,12:15,Computer Networks,F_004,5,CSE,B,Room 402,62,51,82.26,74.19,1.0,Theory,No,No,No,Sunny,No,7
29-09-2026,Tuesday,5,13:45,DBMS Lab,F_002,5,CSE,B,Lab 1,62,49,79.03,67.74,1.0,Practical,No,No,No,Sunny,No,12
29-09-2026,Tuesday,7,15:45,DBMS Lab,F_002,5,CSE,B,Lab 1,62,51,82.26,79.03,1.0,Practical,No,No,No,Sunny,No,12
29-09-2026,Tuesday,1,09:00,Database Management Systems,F_002,5,IT,A,Room 301,58,44,75.86,50.0,24.0,Theory,No,No,No,Sunny,No,12
29-09-2026,Tuesday,4,12:15,Computer Networks,F_004,5,IT,A,Room 301,58,46,79.31,60.34,1.0,Theory,No,No,No,Sunny,No,7
29-09-2026,Tuesday,5,13:45,Web Technologies,F_005,5,IT,A,Room 301,58,45,77.59,74.14,1.0,Theory,No,No,No,Sunny,No,6
29-09-2026,Tuesday,6,14:45,Web Tech Lab,F_005,5,IT,A,Lab 1,58,51,87.93,93.1,1.0,Practical,No,No,No,Sunny,No,6
29-09-2026,Tuesday,7,15:45,Computer Networks,F_004,5,IT,A,Room 301,58,44,75.86,79.31,1.0,Theory,No,No,No,Sunny,No,7
29-09-2026,Tuesday,1,09:00,Cloud Computing,F_008,7,CSE,A,Room 501,55,43,78.18,76.36,48.0,Theory,No,No,No,Sunny,No,9
29-09-2026,Tuesday,2,10:00,Cloud Computing,F_008,7,CSE,A,Room 501,55,50,90.91,78.18,1.0,Theory,No,No,No,Sunny,No,9
29-09-2026,Tuesday,3,11:15,Machine Learning,F_007,7,CSE,A,Room 501,55,52,94.55,56.36,1.0,Theory,No,No,No,Sunny,No,14
29-09-2026,Tuesday,1,09:00,Data Structures & Algorithms,F_010,3,AI-DS,A,Room 201,64,52,81.25,45.31,72.0,Theory,No,No,No,Sunny,No,6
29-09-2026,Tuesday,2,10:00,Object Oriented Programming,F_001,3,AI-DS,A,Room 201,64,56,87.5,57.81,1.0,Theory,No,No,No,Sunny,No,8
29-09-2026,Tuesday,4,12:15,Discrete Mathematics,F_011,3,AI-DS,A,Room 201,64,53,82.81,79.69,1.0,Theory,No,No,No,Sunny,No,15
29-09-2026,Tuesday,7,15:45,DSA Lab,F_010,3,AI-DS,A,Lab 1,64,54,84.38,71.88,1.0,Practical,No,No,No,Sunny,No,6
30-09-2026,Wednesday,1,09:00,Computer Networks,F_004,5,CSE,A,Room 401,60,48,80.0,81.67,72.0,Theory,No,No,No,Sunny,No,7
30-09-2026,Wednesday,2,10:00,Python Programming,F_001,5,CSE,A,Room 401,60,55,91.67,51.67,1.0,Theory,No,No,No,Sunny,No,8
30-09-2026,Wednesday,3,11:15,Python Lab,F_001,5,CSE,A,Lab 1,60,59,98.33,65.0,1.0,Practical,No,No,No,Sunny,No,8
30-09-2026,Wednesday,4,12:15,Database Management Systems,F_002,5,CSE,A,Room 401,60,52,86.67,88.33,1.0,Theory,No,No,No,Sunny,No,12
30-09-2026,Wednesday,5,13:45,Computer Networks,F_004,5,CSE,A,Room 401,60,45,75.0,80.0,1.0,Theory,No,No,No,Sunny,No,7
30-09-2026,Wednesday,3,11:15,Database Management Systems,F_002,5,CSE,B,Room 402,62,57,91.94,70.97,48.0,Theory,No,No,No,Sunny,No,12
30-09-2026,Wednesday,6,14:45,Python Programming,F_001,5,CSE,B,Room 402,62,48,77.42,87.1,1.0,Theory,No,No,No,Sunny,No,8
30-09-2026,Wednesday,7,15:45,Database Management Systems,F_002,5,CSE,B,Room 402,62,54,87.1,91.94,1.0,Theory,No,No,No,Sunny,No,12
30-09-2026,Wednesday,4,12:15,Web Tech Lab,F_005,5,IT,A,Lab 1,58,50,86.21,87.93,48.0,Practical,No,No,No,Sunny,No,6
30-09-2026,Wednesday,5,13:45,Database Management Systems,F_002,5,IT,A,Room 301,58,50,86.21,75.86,1.0,Theory,No,No,No,Sunny,No,12
30-09-2026,Wednesday,6,14:45,Computer Networks,F_004,5,IT,A,Room 301,58,46,79.31,75.86,1.0,Theory,No,No,No,Sunny,No,7
30-09-2026,Wednesday,1,09:00,Cloud Computing,F_008,7,CSE,A,Room 501,55,42,76.36,90.91,48.0,Theory,No,No,No,Sunny,No,9
30-09-2026,Wednesday,4,12:15,Cloud Computing,F_008,7,CSE,A,Room 501,55,45,81.82,76.36,1.0,Theory,No,No,No,Sunny,No,9
30-09-2026,Wednesday,5,13:45,Information Security,F_009,7,CSE,A,Room 501,55,44,80.0,76.36,1.0,Theory,No,No,No,Sunny,No,11
30-09-2026,Wednesday,6,14:45,Machine Learning,F_007,7,CSE,A,Room 501,55,45,81.82,94.55,1.0,Theory,No,No,No,Sunny,No,14
30-09-2026,Wednesday,2,10:00,Discrete Mathematics,F_011,3,AI-DS,A,Room 201,64,60,93.75,82.81,24.0,Theory,No,No,No,Sunny,No,15
30-09-2026,Wednesday,3,11:15,Discrete Mathematics,F_011,3,AI-DS,A,Room 201,64,56,87.5,93.75,1.0,Theory,No,No,No,Sunny,No,15
30-09-2026,Wednesday,6,14:45,Discrete Mathematics,F_011,3,AI-DS,A,Room 201,64,50,78.12,87.5,1.0,Theory,No,No,No,Sunny,No,15
30-09-2026,Wednesday,7,15:45,DSA Lab,F_010,3,AI-DS,A,Lab 1,64,59,92.19,84.38,1.0,Practical,No,No,No,Sunny,No,6
01-10-2026,Thursday,1,09:00,Python Programming,F_001,5,CSE,A,Room 401,60,44,73.33,91.67,72.0,Theory,No,No,No,Rainy,No,8
01-10-2026,Thursday,4,12:15,Computer Networks,F_004,5,CSE,A,Room 401,60,44,73.33,75.0,1.0,Theory,No,No,No,Rainy,No,7
01-10-2026,Thursday,5,13:45,Computer Networks,F_004,5,CSE,A,Room 401,60,41,68.33,73.33,1.0,Theory,No,No,No,Rainy,No,7
01-10-2026,Thursday,2,10:00,Database Management Systems,F_002,5,CSE,B,Room 402,62,49,79.03,87.1,72.0,Theory,No,No,No,Rainy,No,12
01-10-2026,Thursday,3,11:15,Computer Networks,F_004,5,CSE,B,Room 402,62,52,83.87,82.26,1.0,Theory,No,No,No,Rainy,No,7
01-10-2026,Thursday,5,13:45,Database Management Systems,F_002,5,CSE,B,Room 402,62,41,66.13,79.03,1.0,Theory,No,No,No,Rainy,No,12
01-10-2026,Thursday,7,15:45,Computer Networks,F_004,5,CSE,B,Room 402,62,42,67.74,83.87,1.0,Theory,No,No,No,Rainy,No,7
01-10-2026,Thursday,1,09:00,Software Engineering,F_006,5,IT,A,Room 301,58,38,65.52,43.1,72.0,Theory,No,No,No,Rainy,No,10
01-10-2026,Thursday,2,10:00,Web Technologies,F_005,5,IT,A,Room 301,58,44,75.86,77.59,1.0,Theory,No,No,No,Rainy,No,6
01-10-2026,Thursday,3,11:15,Software Engineering,F_006,5,IT,A,Room 301,58,48,82.76,65.52,1.0,Theory,No,No,No,Rainy,No,10
01-10-2026,Thursday,5,13:45,Software Engineering,F_006,5,IT,A,Room 301,58,37,63.79,82.76,1.0,Theory,No,No,No,Rainy,No,10
01-10-2026,Thursday,7,15:45,Database Management Systems,F_002,5,IT,A,Room 301,58,43,74.14,86.21,1.0,Theory,No,No,No,Rainy,No,12
01-10-2026,Thursday,2,10:00,Information Security,F_009,7,CSE,A,Room 501,55,42,76.36,80.0,48.0,Theory,No,No,No,Rainy,No,11
01-10-2026,Thursday,4,12:15,Information Security,F_009,7,CSE,A,Room 501,55,38,69.09,76.36,1.0,Theory,No,No,No,Rainy,No,11
01-10-2026,Thursday,5,13:45,ML Project Lab,F_007,7,CSE,A,Lab 1,55,44,80.0,69.09,1.0,Practical,No,No,No,Rainy,No,14
01-10-2026,Thursday,6,14:45,Machine Learning,F_007,7,CSE,A,Room 501,55,41,74.55,81.82,1.0,Theory,No,No,No,Rainy,No,14
01-10-2026,Thursday,7,15:45,Cloud Computing,F_008,7,CSE,A,Room 501,55,41,74.55,81.82,1.0,Theory,No,No,No,Rainy,No,9
01-10-2026,Thursday,2,10:00,Data Structures & Algorithms,F_010,3,AI-DS,A,Room 201,64,49,76.56,81.25,48.0,Theory,No,No,No,Rainy,No,6
01-10-2026,Thursday,3,11:15,DSA Lab,F_010,3,AI-DS,A,Lab 1,64,58,90.62,92.19,1.0,Practical,No,No,No,Rainy,No,6
01-10-2026,Thursday,4,12:15,Discrete Mathematics,F_011,3,AI-DS,A,Room 201,64,49,76.56,78.12,1.0,Theory,No,No,No,Rainy,No,15
01-10-2026,Thursday,5,13:45,Object Oriented Programming,F_001,3,AI-DS,A,Room 201,64,43,67.19,87.5,1.0,Theory,No,No,No,Rainy,No,8
01-10-2026,Thursday,7,15:45,DSA Lab,F_010,3,AI-DS,A,Lab 1,64,51,79.69,90.62,1.0,Practical,No,No,No,Rainy,No,6
02-10-2026,Friday,1,09:00,Operating Systems,F_003,5,CSE,A,Room 401,60,43,71.67,86.67,24.0,Theory,No,No,Yes,Sunny,No,5
02-10-2026,Friday,2,10:00,DBMS Lab,F_002,5,CSE,A,Lab 1,60,48,80.0,93.33,1.0,Practical,No,No,Yes,Sunny,No,12
02-10-2026,Friday,3,11:15,DBMS Lab,F_002,5,CSE,A,Lab 1,60,54,90.0,80.0,1.0,Practical,No,No,Yes,Sunny,No,12
02-10-2026,Friday,7,15:45,Python Lab,F_001,5,CSE,A,Lab 1,60,49,81.67,98.0,1.0,Practical,No,No,Yes,Sunny,No,8
02-10-2026,Friday,3,11:15,Database Management Systems,F_002,5,CSE,B,Room 402,62,49,79.03,66.13,48.0,Theory,No,No,Yes,Sunny,No,12
02-10-2026,Friday,6,14:45,Python Programming,F_001,5,CSE,B,Room 402,62,42,67.74,77.42,1.0,Theory,No,No,Yes,Sunny,No,8
02-10-2026,Friday,7,15:45,Database Management Systems,F_002,5,CSE,B,Room 402,62,42,67.74,79.03,1.0,Theory,No,No,Yes,Sunny,No,12
02-10-2026,Friday,2,10:00,Software Engineering,F_006,5,IT,A,Room 301,58,46,79.31,63.79,72.0,Theory,No,No,Yes,Sunny,No,10
02-10-2026,Friday,3,11:15,Database Management Systems,F_002,5,IT,A,Room 301,58,45,77.59,74.14,1.0,Theory,No,No,Yes,Sunny,No,12
02-10-2026,Friday,5,13:45,Software Engineering,F_006,5,IT,A,Room 301,58,38,65.52,79.31,1.0,Theory,No,No,Yes,Sunny,No,10
02-10-2026,Friday,6,14:45,Database Management Systems,F_002,5,IT,A,Room 301,58,41,70.69,77.59,1.0,Theory,No,No,Yes,Sunny,No,12
02-10-2026,Friday,7,15:45,Web Tech Lab,F_005,5,IT,A,Lab 1,58,45,77.59,86.21,1.0,Practical,No,No,Yes,Sunny,No,6
02-10-2026,Friday,2,10:00,Cloud Computing,F_008,7,CSE,A,Room 501,55,46,83.64,74.55,72.0,Theory,No,No,Yes,Sunny,No,9
02-10-2026,Friday,4,12:15,Machine Learning,F_007,7,CSE,A,Room 501,55,40,72.73,74.55,1.0,Theory,No,No,Yes,Sunny,No,14
02-10-2026,Friday,5,13:45,ML Project Lab,F_007,7,CSE,A,Lab 1,55,46,83.64,80.0,1.0,Practical,No,No,Yes,Sunny,No,14
02-10-2026,Friday,6,14:45,Information Security,F_009,7,CSE,A,Room 501,55,32,58.18,69.09,1.0,Theory,No,No,Yes,Sunny,No,11
02-10-2026,Friday,7,15:45,ML Project Lab,F_007,7,CSE,A,Lab 1,55,46,83.64,83.64,1.0,Practical,No,No,Yes,Sunny,No,14
02-10-2026,Friday,1,09:00,Object Oriented Programming,F_001,3,AI-DS,A,Room 201,64,42,65.62,67.19,72.0,Theory,No,No,Yes,Sunny,No,8
02-10-2026,Friday,2,10:00,DSA Lab,F_010,3,AI-DS,A,Lab 1,64,54,84.38,79.69,1.0,Practical,No,No,Yes,Sunny,No,6
02-10-2026,Friday,4,12:15,DSA Lab,F_010,3,AI-DS,A,Lab 1,64,48,75.0,84.38,1.0,Practical,No,No,Yes,Sunny,No,6
02-10-2026,Friday,5,13:45,DSA Lab,F_010,3,AI-DS,A,Lab 1,64,48,75.0,75.0,1.0,Practical,No,No,Yes,Sunny,No,6
02-10-2026,Friday,6,14:45,DSA Lab,F_010,3,AI-DS,A,Lab 1,64,49,76.56,75.0,1.0,Practical,No,No,Yes,Sunny,No,6
03-10-2026,Saturday,1,09:00,Python Lab,F_001,5,CSE,A,Lab 1,60,43,71.67,81.67,24.0,Practical,No,No,Yes,Cloudy,No,8
03-10-2026,Saturday,3,11:15,Database Management Systems,F_002,5,CSE,A,Room 401,60,47,78.33,86.67,1.0,Theory,No,No,Yes,Cloudy,No,12
03-10-2026,Saturday,4,12:15,Computer Networks,F_004,5,CSE,A,Room 401,60,42,70.0,68.33,1.0,Theory,No,No,Yes,Cloudy,No,7
03-10-2026,Saturday,5,13:45,Operating Systems,F_003,5,CSE,A,Room 401,60,38,63.33,71.67,1.0,Theory,No,No,Yes,Cloudy,No,5
03-10-2026,Saturday,1,09:00,Computer Networks,F_004,5,CSE,B,Room 402,62,39,62.9,67.74,72.0,Theory,No,No,Yes,Cloudy,No,7
03-10-2026,Saturday,3,11:15,Computer Networks,F_004,5,CSE,B,Room 402,62,42,67.74,62.9,1.0,Theory,No,No,Yes,Cloudy,No,7
03-10-2026,Saturday,7,15:45,Computer Networks,F_004,5,CSE,B,Room 402,62,38,61.29,67.74,1.0,Theory,No,No,Yes,Cloudy,No,7
03-10-2026,Saturday,1,09:00,Web Technologies,F_005,5,IT,A,Room 301,58,37,63.79,75.86,48.0,Theory,No,No,Yes,Cloudy,No,6
03-10-2026,Saturday,2,10:00,Database Management Systems,F_002,5,IT,A,Room 301,58,41,70.69,70.69,1.0,Theory,No,No,Yes,Cloudy,No,12
03-10-2026,Saturday,3,11:15,Software Engineering,F_006,5,IT,A,Room 301,58,43,74.14,65.52,1.0,Theory,No,No,Yes,Cloudy,No,10
03-10-2026,Saturday,5,13:45,Web Technologies,F_005,5,IT,A,Room 301,58,38,65.52,63.79,1.0,Theory,No,No,Yes,Cloudy,No,6
03-10-2026,Saturday,7,15:45,Web Technologies,F_005,5,IT,A,Room 301,58,38,65.52,65.52,1.0,Theory,No,No,Yes,Cloudy,No,6
03-10-2026,Saturday,3,11:15,Information Security,F_009,7,CSE,A,Room 501,55,41,74.55,58.18,24.0,Theory,No,No,Yes,Cloudy,No,11
03-10-2026,Saturday,5,13:45,Cloud Computing,F_008,7,CSE,A,Room 501,55,34,61.82,83.64,1.0,Theory,No,No,Yes,Cloudy,No,9
03-10-2026,Saturday,6,14:45,Information Security,F_009,7,CSE,A,Room 501,55,34,61.82,74.55,1.0,Theory,No,No,Yes,Cloudy,No,11
03-10-2026,Saturday,7,15:45,Cloud Computing,F_008,7,CSE,A,Room 501,55,37,67.27,61.82,1.0,Theory,No,No,Yes,Cloudy,No,9
03-10-2026,Saturday,1,09:00,DSA Lab,F_010,3,AI-DS,A,Lab 1,64,45,70.31,76.56,48.0,Practical,No,No,Yes,Cloudy,No,6
03-10-2026,Saturday,2,10:00,Object Oriented Programming,F_001,3,AI-DS,A,Room 201,64,46,71.88,65.62,1.0,Theory,No,No,Yes,Cloudy,No,8
03-10-2026,Saturday,5,13:45,Object Oriented Programming,F_001,3,AI-DS,A,Room 201,64,44,68.75,71.88,1.0,Theory,No,No,Yes,Cloudy,No,8
03-10-2026,Saturday,6,14:45,Data Structures & Algorithms,F_010,3,AI-DS,A,Room 201,64,40,62.5,76.56,1.0,Theory,No,No,Yes,Cloudy,No,6
03-10-2026,Saturday,7,15:45,Discrete Mathematics,F_011,3,AI-DS,A,Room 201,64,43,67.19,76.56,1.0,Theory,No,No,Yes,Cloudy,No,15
05-10-2026,Monday,1,09:00,Computer Networks,F_004,5,CSE,A,Room 401,60,44,73.33,70.0,72.0,Theory,No,No,No,Cloudy,No,7
05-10-2026,Monday,2,10:00,Python Lab,F_001,5,CSE,A,Lab 1,60,52,86.67,71.67,1.0,Practical,No,No,No,Cloudy,No,8
05-10-2026,Monday,5,13:45,DBMS Lab,F_002,5,CSE,A,Lab 1,60,48,80.0,90.0,1.0,Practical,No,No,No,Cloudy,No,12
05-10-2026,Monday,6,14:45,Python Lab,F_001,5,CSE,A,Lab 1,60,47,78.33,86.67,1.0,Practical,No,No,No,Cloudy,No,8
05-10-2026,Monday,7,15:45,DBMS Lab,F_002,5,CSE,A,Lab 1,60,44,73.33,80.0,1.0,Practical,No,No,No,Cloudy,No,12
05-10-2026,Monday,2,10:00,Python Lab,F_001,5,CSE,B,Lab 1,62,58,93.55,88.71,72.0,Practical,No,No,No,Cloudy,No,8
05-10-2026,Monday,3,11:15,Database Management Systems,F_002,5,CSE,B,Room 402,62,48,77.42,67.74,1.0,Theory,No,No,No,Cloudy,No,12
05-10-2026,Monday,5,13:45,Python Programming,F_001,5,CSE,B,Room 402,62,42,67.74,67.74,1.0,Theory,No,No,No,Cloudy,No,8
05-10-2026,Monday,6,14:45,Python Lab,F_001,5,CSE,B,Lab 1,62,43,69.35,93.55,1.0,Practical,No,No,No,Cloudy,No,8
05-10-2026,Monday,7,15:45,DBMS Lab,F_002,5,CSE,B,Lab 1,62,50,80.65,82.26,1.0,Practical,No,No,No,Cloudy,No,12
05-10-2026,Monday,2,10:00,Web Technologies,F_005,5,IT,A,Room 301,58,45,77.59,65.52,72.0,Theory,No,No,No,Cloudy,No,6
05-10-2026,Monday,4,12:15,Database Management Systems,F_002,5,IT,A,Room 301,58,46,79.31,70.69,1.0,Theory,No,No,No,Cloudy,No,12
05-10-2026,Monday,5,13:45,Software Engineering,F_006,5,IT,A,Room 301,58,35,60.34,74.14,1.0,Theory,No,No,No,Cloudy,No,10
05-10-2026,Monday,3,11:15,Information Security,F_009,7,CSE,A,Room 501,55,48,87.27,61.82,48.0,Theory,No,No,No,Cloudy,No,11
05-10-2026,Monday,4,12:15,Information Security,F_009,7,CSE,A,Room 501,55,40,72.73,87.27,1.0,Theory,No,No,No,Cloudy,No,11
05-10-2026,Monday,7,15:45,Machine Learning,F_007,7,CSE,A,Room 501,55,39,70.91,72.73,1.0,Theory,No,No,No,Cloudy,No,14
05-10-2026,Monday,1,09:00,DSA Lab,F_010,3,AI-DS,A,Lab 1,64,46,71.88,70.31,48.0,Practical,No,No,No,Cloudy,No,6
05-10-2026,Monday,2,10:00,Data Structures & Algorithms,F_010,3,AI-DS,A,Room 201,64,51,79.69,62.5,1.0,Theory,No,No,No,Cloudy,No,6
05-10-2026,Monday,4,12:15,Object Oriented Programming,F_001,3,AI-DS,A,Room 201,64,44,68.75,68.75,1.0,Theory,No,No,No,Cloudy,No,8
05-10-2026,Monday,6,14:45,DSA Lab,F_010,3,AI-DS,A,Lab 1,64,48,75.0,71.88,1.0,Practical,No,No,No,Cloudy,No,6
06-10-2026,Tuesday,2,10:00,DBMS Lab,F_002,5,CSE,A,Lab 1,60,57,95.0,73.33,24.0,Practical,No,No,No,Rainy,No,12
06-10-2026,Tuesday,3,11:15,Python Programming,F_001,5,CSE,A,Room 401,60,46,76.67,73.33,1.0,Theory,No,No,No,Rainy,No,8
06-10-2026,Tuesday,4,12:15,Python Programming,F_001,5,CSE,A,Room 401,60,44,73.33,76.67,1.0,Theory,No,No,No,Rainy,No,8
06-10-2026,Tuesday,6,14:45,Python Programming,F_001,5,CSE,A,Room 401,60,43,71.67,73.33,1.0,Theory,No,No,No,Rainy,No,8
06-10-2026,Tuesday,7,15:45,Python Lab,F_001,5,CSE,A,Lab 1,60,46,76.67,78.33,1.0,Practical,No,No,No,Rainy,No,8
06-10-2026,Tuesday,2,10:00,Python Lab,F_001,5,CSE,B,Lab 1,62,54,87.1,69.35,24.0,Practical,No,No,No,Rainy,No,8
06-10-2026,Tuesday,3,11:15,Computer Networks,F_004,5,CSE,B,Room 402,62,49,79.03,61.29,1.0,Theory,No,No,No,Rainy,No,7
06-10-2026,Tuesday,4,12:15,Computer Networks,F_004,5,CSE,B,Room 402,62,52,83.87,79.03,1.0,Theory,No,No,No,Rainy,No,7
06-10-2026,Tuesday,5,13:45,Operating Systems,F_003,5,CSE,B,Room 402,62,43,69.35,54.84,1.0,Theory,No,No,No,Rainy,No,5
06-10-2026,Tuesday,1,09:00,Web Tech Lab,F_005,5,IT,A,Lab 1,58,44,75.86,77.59,48.0,Practical,No,No,No,Rainy,No,6
06-10-2026,Tuesday,4,12:15,Software Engineering,F_006,5,IT,A,Room 301,58,44,75.86,60.34,1.0,Theory,No,No,No,Rainy,No,10
06-10-2026,Tuesday,5,13:45,Software Engineering,F_006,5,IT,A,Room 301,58,44,75.86,75.86,1.0,Theory,No,No,No,Rainy,No,10
06-10-2026,Tuesday,7,15:45,Database Management Systems,F_002,5,IT,A,Room 301,58,43,74.14,79.31,1.0,Theory,No,No,No,Rainy,No,12
06-10-2026,Tuesday,1,09:00,Information Security,F_009,7,CSE,A,Room 501,55,42,76.36,72.73,48.0,Theory,No,No,No,Rainy,No,11
06-10-2026,Tuesday,2,10:00,Machine Learning,F_007,7,CSE,A,Room 501,55,43,78.18,70.91,1.0,Theory,No,No,No,Rainy,No,14
06-10-2026,Tuesday,3,11:15,Machine Learning,F_007,7,CSE,A,Room 501,55,46,83.64,78.18,1.0,Theory,No,No,No,Rainy,No,14
06-10-2026,Tuesday,4,12:15,ML Project Lab,F_007,7,CSE,A,Lab 1,55,44,80.0,83.64,1.0,Practical,No,No,No,Rainy,No,14
06-10-2026,Tuesday,6,14:45,ML Project Lab,F_007,7,CSE,A,Lab 1,55,43,78.18,80.0,1.0,Practical,No,No,No,Rainy,No,14
06-10-2026,Tuesday,3,11:15,Object Oriented Programming,F_001,3,AI-DS,A,Room 201,64,46,71.88,68.75,72.0,Theory,No,No,No,Rainy,No,8
06-10-2026,Tuesday,4,12:15,Data Structures & Algorithms,F_010,3,AI-DS,A,Room 201,64,47,73.44,79.69,1.0,Theory,No,No,No,Rainy,No,6
06-10-2026,Tuesday,5,13:45,Data Structures & Algorithms,F_010,3,AI-DS,A,Room 201,64,42,65.62,73.44,1.0,Theory,No,No,No,Rainy,No,6
07-10-2026,Wednesday,1,09:00,Python Programming,F_001,5,CSE,A,Room 401,60,48,80.0,71.67,48.0,Theory,No,No,No,Sunny,No,8
07-10-2026,Wednesday,2,10:00,Python Programming,F_001,5,CSE,A,Room 401,60,53,88.33,80.0,1.0,Theory,No,No,No,Sunny,No,8
07-10-2026,Wednesday,3,11:15,Computer Networks,F_004,5,CSE,A,Room 401,60,55,91.67,73.33,1.0,Theory,No,No,No,Sunny,No,7
07-10-2026,Wednesday,5,13:45,Operating Systems,F_003,5,CSE,A,Room 401,60,47,78.33,63.33,1.0,Theory,No,No,No,Sunny,No,5
07-10-2026,Wednesday,7,15:45,Database Management Systems,F_002,5,CSE,A,Room 401,60,47,78.33,78.33,1.0,Theory,No,No,No,Sunny,No,12
07-10-2026,Wednesday,2,10:00,DBMS Lab,F_002,5,CSE,B,Lab 1,62,61,98.39,80.65,72.0,Practical,No,No,No,Sunny,No,12
07-10-2026,Wednesday,4,12:15,Python Lab,F_001,5,CSE,B,Lab 1,62,60,96.77,87.1,1.0,Practical,No,No,No,Sunny,No,8
07-10-2026,Wednesday,5,13:45,DBMS Lab,F_002,5,CSE,B,Lab 1,62,51,82.26,98.0,1.0,Practical,No,No,No,Sunny,No,12
07-10-2026,Wednesday,3,11:15,Computer Networks,F_004,5,IT,A,Room 301,58,52,89.66,79.31,72.0,Theory,No,No,No,Sunny,No,7
07-10-2026,Wednesday,6,14:45,Database Management Systems,F_002,5,IT,A,Room 301,58,48,82.76,74.14,1.0,Theory,No,No,No,Sunny,No,12
07-10-2026,Wednesday,7,15:45,Database Management Systems,F_002,5,IT,A,Room 301,58,44,75.86,82.76,1.0,Theory,No,No,No,Sunny,No,12
07-10-2026,Wednesday,1,09:00,Cloud Computing,F_008,7,CSE,A,Room 501,55,47,85.45,67.27,48.0,Theory,No,No,No,Sunny,No,9
07-10-2026,Wednesday,2,10:00,ML Project Lab,F_007,7,CSE,A,Lab 1,55,52,94.55,78.18,1.0,Practical,No,No,No,Sunny,No,14
07-10-2026,Wednesday,7,15:45,Information Security,F_009,7,CSE,A,Room 501,55,44,80.0,76.36,1.0,Theory,No,No,No,Sunny,No,11
07-10-2026,Wednesday,1,09:00,Data Structures & Algorithms,F_010,3,AI-DS,A,Room 201,64,50,78.12,65.62,48.0,Theory,No,No,No,Sunny,No,6
07-10-2026,Wednesday,4,12:15,Object Oriented Programming,F_001,3,AI-DS,A,Room 201,64,53,82.81,71.88,1.0,Theory,No,No,No,Sunny,No,8
07-10-2026,Wednesday,5,13:45,DSA Lab,F_010,3,AI-DS,A,Lab 1,64,51,79.69,75.0,1.0,Practical,No,No,No,Sunny,No,6
07-10-2026,Wednesday,6,14:45,Data Structures & Algorithms,F_010,3,AI-DS,A,Room 201,64,45,70.31,78.12,1.0,Theory,No,No,No,Sunny,No,6
07-10-2026,Wednesday,7,15:45,Object Oriented Programming,F_001,3,AI-DS,A,Room 201,64,54,84.38,82.81,1.0,Theory,No,No,No,Sunny,No,8
08-10-2026,Thursday,2,10:00,Computer Networks,F_004,5,CSE,A,Room 401,60,49,81.67,91.67,48.0,Theory,No,No,No,Sunny,No,7
08-10-2026,Thursday,4,12:15,Computer Networks,F_004,5,CSE,A,Room 401,60,47,78.33,81.67,1.0,Theory,No,No,No,Sunny,No,7
08-10-2026,Thursday,5,13:45,Python Programming,F_001,5,CSE,A,Room 401,60,42,70.0,88.33,1.0,Theory,No,No,No,Sunny,No,8
08-10-2026,Thursday,7,15:45,Operating Systems,F_003,5,CSE,A,Room 401,60,44,73.33,78.33,1.0,Theory,No,No,No,Sunny,No,5
08-10-2026,Thursday,2,10:00,DBMS Lab,F_002,5,CSE,B,Lab 1,62,57,91.94,82.26,24.0,Practical,No,No,No,Sunny,No,12
08-10-2026,Thursday,3,11:15,DBMS Lab,F_002,5,CSE,B,Lab 1,62,61,98.39,91.94,1.0,Practical,No,No,No,Sunny,No,12
08-10-2026,Thursday,4,12:15,Database Management Systems,F_002,5,CSE,B,Room 402,62,54,87.1,77.42,1.0,Theory,No,No,No,Sunny,No,12
08-10-2026,Thursday,7,15:45,DBMS Lab,F_002,5,CSE,B,Lab 1,62,54,87.1,98.0,1.0,Practical,No,No,No,Sunny,No,12
08-10-2026,Thursday,4,12:15,Web Technologies,F_005,5,IT,A,Room 301,58,53,91.38,77.59,48.0,Theory,No,No,No,Sunny,No,6
08-10-2026,Thursday,6,14:45,Software Engineering,F_006,5,IT,A,Room 301,58,45,77.59,75.86,1.0,Theory,No,No,No,Sunny,No,10
08-10-2026,Thursday,7,15:45,Database Management Systems,F_002,5,IT,A,Room 301,58,46,79.31,75.86,1.0,Theory,No,No,No,Sunny,No,12
08-10-2026,Thursday,1,09:00,Information Security,F_009,7,CSE,A,Room 501,55,39,70.91,80.0,48.0,Theory,No,No,No,Sunny,No,11
08-10-2026,Thursday,4,12:15,ML Project Lab,F_007,7,CSE,A,Lab 1,55,54,98.18,94.55,1.0,Practical,No,No,No,Sunny,No,14
08-10-2026,Thursday,6,14:45,Machine Learning,F_007,7,CSE,A,Room 501,55,41,74.55,83.64,1.0,Theory,No,No,No,Sunny,No,14
08-10-2026,Thursday,7,15:45,Information Security,F_009,7,CSE,A,Room 501,55,39,70.91,70.91,1.0,Theory,No,No,No,Sunny,No,11
08-10-2026,Thursday,1,09:00,Discrete Mathematics,F_011,3,AI-DS,A,Room 201,64,54,84.38,67.19,48.0,Theory,No,No,No,Sunny,No,15
08-10-2026,Thursday,4,12:15,Discrete Mathematics,F_011,3,AI-DS,A,Room 201,64,60,93.75,84.38,1.0,Theory,No,No,No,Sunny,No,15
08-10-2026,Thursday,5,13:45,Data Structures & Algorithms,F_010,3,AI-DS,A,Room 201,64,52,81.25,70.31,1.0,Theory,No,No,No,Sunny,No,6
08-10-2026,Thursday,6,14:45,Discrete Mathematics,F_011,3,AI-DS,A,Room 201,64,52,81.25,93.75,1.0,Theory,No,No,No,Sunny,No,15
09-10-2026,Friday,2,10:00,Database Management Systems,F_002,5,CSE,A,Room 401,60,50,83.33,78.33,24.0,Theory,No,No,Yes,Sunny,No,12
09-10-2026,Friday,3,11:15,Python Programming,F_001,5,CSE,A,Room 401,60,49,81.67,70.0,1.0,Theory,No,No,Yes,Sunny,No,8
09-10-2026,Friday,4,12:15,Python Lab,F_001,5,CSE,A,Lab 1,60,53,88.33,76.67,1.0,Practical,No,No,Yes,Sunny,No,8
09-10-2026,Friday,6,14:45,DBMS Lab,F_002,5,CSE,A,Lab 1,60,47,78.33,95.0,1.0,Practical,No,No,Yes,Sunny,No,12
09-10-2026,Friday,1,09:00,Python Lab,F_001,5,CSE,B,Lab 1,62,49,79.03,96.77,72.0,Practical,No,No,Yes,Sunny,No,8
09-10-2026,Friday,2,10:00,Python Programming,F_001,5,CSE,B,Room 402,62,50,80.65,67.74,1.0,Theory,No,No,Yes,Sunny,No,8
09-10-2026,Friday,4,12:15,Computer Networks,F_004,5,CSE,B,Room 402,62,43,69.35,83.87,1.0,Theory,No,No,Yes,Sunny,No,7
09-10-2026,Friday,6,14:45,Database Management Systems,F_002,5,CSE,B,Room 402,62,43,69.35,87.1,1.0,Theory,No,No,Yes,Sunny,No,12
09-10-2026,Friday,3,11:15,Database Management Systems,F_002,5,IT,A,Room 301,58,43,74.14,79.31,48.0,Theory,No,No,Yes,Sunny,No,12
09-10-2026,Friday,4,12:15,Database Management Systems,F_002,5,IT,A,Room 301,58,44,75.86,74.14,1.0,Theory,No,No,Yes,Sunny,No,12
09-10-2026,Friday,5,13:45,Database Management Systems,F_002,5,IT,A,Room 301,58,38,65.52,75.86,1.0,Theory,No,No,Yes,Sunny,No,12
09-10-2026,Friday,6,14:45,Computer Networks,F_004,5,IT,A,Room 301,58,36,62.07,89.66,1.0,Theory,No,No,Yes,Sunny,No,7
09-10-2026,Friday,1,09:00,Information Security,F_009,7,CSE,A,Room 501,55,39,70.91,70.91,48.0,Theory,No,No,Yes,Sunny,No,11
09-10-2026,Friday,2,10:00,ML Project Lab,F_007,7,CSE,A,Lab 1,55,50,90.91,98.0,1.0,Practical,No,No,Yes,Sunny,No,14
09-10-2026,Friday,4,12:15,Information Security,F_009,7,CSE,A,Room 501,55,42,76.36,70.91,1.0,Theory,No,No,Yes,Sunny,No,11
09-10-2026,Friday,7,15:45,Information Security,F_009,7,CSE,A,Room 501,55,33,60.0,76.36,1.0,Theory,No,No,Yes,Sunny,No,11
09-10-2026,Friday,1,09:00,DSA Lab,F_010,3,AI-DS,A,Lab 1,64,48,75.0,79.69,72.0,Practical,No,No,Yes,Sunny,No,6
09-10-2026,Friday,2,10:00,Data Structures & Algorithms,F_010,3,AI-DS,A,Room 201,64,51,79.69,81.25,1.0,Theory,No,No,Yes,Sunny,No,6
09-10-2026,Friday,5,13:45,Object Oriented Programming,F_001,3,AI-DS,A,Room 201,64,41,64.06,84.38,1.0,Theory,No,No,Yes,Sunny,No,8
09-10-2026,Friday,6,14:45,DSA Lab,F_010,3,AI-DS,A,Lab 1,64,48,75.0,75.0,1.0,Practical,No,No,Yes,Sunny,No,6
09-10-2026,Friday,7,15:45,Object Oriented Programming,F_001,3,AI-DS,A,Room 201,64,43,67.19,64.06,1.0,Theory,No,No,Yes,Sunny,No,8
10-10-2026,Saturday,2,10:00,Database Management Systems,F_002,5,CSE,A,Room 401,60,44,73.33,83.33,24.0,Theory,No,No,Yes,Sunny,No,12
10-10-2026,Saturday,3,11:15,Python Lab,F_001,5,CSE,A,Lab 1,60,48,80.0,88.33,1.0,Practical,No,No,Yes,Sunny,No,8
10-10-2026,Saturday,5,13:45,Database Management Systems,F_002,5,CSE,A,Room 401,60,38,63.33,73.33,1.0,Theory,No,No,Yes,Sunny,No,12
10-10-2026,Saturday,6,14:45,Database Management Systems,F_002,5,CSE,A,Room 401,60,36,60.0,63.33,1.0,Theory,No,No,Yes,Sunny,No,12
10-10-2026,Saturday,7,15:45,Computer Networks,F_004,5,CSE,A,Room 401,60,40,66.67,78.33,1.0,Theory,No,No,Yes,Sunny,No,7
10-10-2026,Saturday,1,09:00,Python Programming,F_001,5,CSE,B,Room 402,62,38,61.29,80.65,24.0,Theory,No,No,Yes,Sunny,No,8
10-10-2026,Saturday,2,10:00,DBMS Lab,F_002,5,CSE,B,Lab 1,62,52,83.87,87.1,1.0,Practical,No,No,Yes,Sunny,No,12
10-10-2026,Saturday,4,12:15,Python Lab,F_001,5,CSE,B,Lab 1,62,44,70.97,79.03,1.0,Practical,No,No,Yes,Sunny,No,8
10-10-2026,Saturday,7,15:45,Database Management Systems,F_002,5,CSE,B,Room 402,62,42,67.74,69.35,1.0,Theory,No,No,Yes,Sunny,No,12
10-10-2026,Saturday,1,09:00,Web Technologies,F_005,5,IT,A,Room 301,58,38,65.52,91.38,48.0,Theory,No,No,Yes,Sunny,No,6
10-10-2026,Saturday,3,11:15,Database Management Systems,F_002,5,IT,A,Room 301,58,47,81.03,65.52,1.0,Theory,No,No,Yes,Sunny,No,12
10-10-2026,Saturday,4,12:15,Computer Networks,F_004,5,IT,A,Room 301,58,40,68.97,62.07,1.0,Theory,No,No,Yes,Sunny,No,7
10-10-2026,Saturday,6,14:45,Web Tech Lab,F_005,5,IT,A,Lab 1,58,38,65.52,75.86,1.0,Practical,No,No,Yes,Sunny,No,6
10-10-2026,Saturday,7,15:45,Computer Networks,F_004,5,IT,A,Room 301,58,36,62.07,68.97,1.0,Theory,No,No,Yes,Sunny,No,7
10-10-2026,Saturday,1,09:00,Machine Learning,F_007,7,CSE,A,Room 501,55,37,67.27,74.55,24.0,Theory,No,No,Yes,Sunny,No,14
10-10-2026,Saturday,2,10:00,ML Project Lab,F_007,7,CSE,A,Lab 1,55,47,85.45,90.91,1.0,Practical,No,No,Yes,Sunny,No,14
10-10-2026,Saturday,3,11:15,Machine Learning,F_007,7,CSE,A,Room 501,55,40,72.73,67.27,1.0,Theory,No,No,Yes,Sunny,No,14
10-10-2026,Saturday,6,14:45,Information Security,F_009,7,CSE,A,Room 501,55,32,58.18,60.0,1.0,Theory,No,No,Yes,Sunny,No,11
10-10-2026,Saturday,7,15:45,Information Security,F_009,7,CSE,A,Room 501,55,34,61.82,58.18,1.0,Theory,No,No,Yes,Sunny,No,11
10-10-2026,Saturday,2,10:00,Data Structures & Algorithms,F_010,3,AI-DS,A,Room 201,64,42,65.62,79.69,48.0,Theory,No,No,Yes,Sunny,No,6
10-10-2026,Saturday,3,11:15,DSA Lab,F_010,3,AI-DS,A,Lab 1,64,55,85.94,75.0,1.0,Practical,No,No,Yes,Sunny,No,6
10-10-2026,Saturday,5,13:45,Object Oriented Programming,F_001,3,AI-DS,A,Room 201,64,37,57.81,67.19,1.0,Theory,No,No,Yes,Sunny,No,8
10-10-2026,Saturday,6,14:45,Data Structures & Algorithms,F_010,3,AI-DS,A,Room 201,64,36,56.25,65.62,1.0,Theory,No,No,Yes,Sunny,No,6
